S.No.,State Code,State Name (In English),District Code,District Name (In English),Sub-District Code,Sub-District Name (In English),Village Code,Village Version,Village Name (In English),Village Name (In Local),Village Category,Village Status,Census 2001 Code,Census 2011 Code
1,35,Andaman And Nicobar Islands,603,Nicobars,5916,Car Nicobar,645012,1,Mus,,Rural,Inhabitant,35700,645012
2,35,Andaman And Nicobar Islands,603,Nicobars,5916,Car Nicobar,645013,1,Teetop,,Rural,Inhabitant,35800,645013
3,35,Andaman And Nicobar Islands,603,Nicobars,5916,Car Nicobar,645016,1,Kimois,,Rural,Inhabitant,36100,645016
4,35,Andaman And Nicobar Islands,603,Nicobars,5916,Car Nicobar,645017,1,Kakana,,Rural,Inhabitant,36200,645017
5,35,Andaman And Nicobar Islands,603,Nicobars,5916,Car Nicobar,645020,1,Perka,,Rural,Inhabitant,36500,645020
6,35,Andaman And Nicobar Islands,603,Nicobars,5916,Car Nicobar,645021,1,Tamaloo,,Rural,Inhabitant,36600,645021
7,35,Andaman And Nicobar Islands,603,Nicobars,5916,Car Nicobar,645022,1,Kinyuka,,Rural,Inhabitant,36700,645022
8,35,Andaman And Nicobar Islands,603,Nicobars,5916,Car Nicobar,645023,1,Chuckchucha,,Rural,Inhabitant,36800,645023
9,35,Andaman And Nicobar Islands,603,Nicobars,5916,Car Nicobar,645024,1,Tapoiming,,Rural,Inhabitant,36900,645024
10,35,Andaman And Nicobar Islands,603,Nicobars,5916,Car Nicobar,645014,1,Sawai,,Rural,Inhabitant,35900,645014
11,35,Andaman And Nicobar Islands,603,Nicobars,5916,Car Nicobar,645015,1,Arong,,Rural,Inhabitant,36000,645015
12,35,Andaman And Nicobar Islands,603,Nicobars,5916,Car Nicobar,645018,1,Iaf Camp,,Rural,Inhabitant,36300,645018
13,35,Andaman And Nicobar Islands,603,Nicobars,5916,Car Nicobar,645019,1,Malacca,,Rural,Inhabitant,36400,645019
14,35,Andaman And Nicobar Islands,603,Nicobars,5916,Car Nicobar,645025,1,Big Lapati,,Rural,Inhabitant,37000,645025
15,35,Andaman And Nicobar Islands,603,Nicobars,5916,Car Nicobar,645026,1,Small Lapati,,Rural,Inhabitant,37100,645026
16,35,Andaman And Nicobar Islands,603,Nicobars,5916,Car Nicobar,645027,1,Kinmai,,Rural,Inhabitant,37200,645027
17,35,Andaman And Nicobar Islands,603,Nicobars,5918,Great Nicobar,645159,1,Elahi/Ilhoya,,Rural,Un-Inhabitant,50000,645159
18,35,Andaman And Nicobar Islands,603,Nicobars,5918,Great Nicobar,645190,1,Galathia River (Fc),,Rural,Un-Inhabitant,53000,645190
19,35,Andaman And Nicobar Islands,603,Nicobars,5918,Great Nicobar,645205,1,Gol Tikrey,,Rural,Un-Inhabitant,0,645205
20,35,Andaman And Nicobar Islands,603,Nicobars,5918,Great Nicobar,645182,1,Hin-Pou-Chi,,Rural,Un-Inhabitant,52200,645182
21,35,Andaman And Nicobar Islands,603,Nicobars,5918,Great Nicobar,645151,1,Hoin Incl. Ikuia,,Rural,Un-Inhabitant,49200,645151
22,35,Andaman And Nicobar Islands,603,Nicobars,5918,Great Nicobar,645154,1,Hokesiang,,Rural,Un-Inhabitant,49500,645154
23,35,Andaman And Nicobar Islands,603,Nicobars,5918,Great Nicobar,645145,1,Inlock/Infock,,Rural,Un-Inhabitant,48600,645145
24,35,Andaman And Nicobar Islands,603,Nicobars,5918,Great Nicobar,645157,1,Inlock/Pattia,,Rural,Un-Inhabitant,49800,645157
25,35,Andaman And Nicobar Islands,603,Nicobars,5918,Great Nicobar,645160,1,Inod,,Rural,Un-Inhabitant,50100,645160
26,35,Andaman And Nicobar Islands,603,Nicobars,5918,Great Nicobar,645177,1,Kasintung,,Rural,Un-Inhabitant,51700,645177
27,35,Andaman And Nicobar Islands,603,Nicobars,5918,Great Nicobar,645165,1,Katahu,,Rural,Un-Inhabitant,50600,645165
28,35,Andaman And Nicobar Islands,603,Nicobars,5918,Great Nicobar,645149,1,Kiyang,,Rural,Un-Inhabitant,49000,645149
29,35,Andaman And Nicobar Islands,603,Nicobars,5918,Great Nicobar,645178,1,Koe,,Rural,Un-Inhabitant,51800,645178
30,35,Andaman And Nicobar Islands,603,Nicobars,5918,Great Nicobar,645183,1,Kokeon,,Rural,Un-Inhabitant,52300,645183
31,35,Andaman And Nicobar Islands,603,Nicobars,5918,Great Nicobar,645175,1,Kopenheat,,Rural,Un-Inhabitant,51500,645175
32,35,Andaman And Nicobar Islands,603,Nicobars,5918,Great Nicobar,645210,1,Lanaya,,Rural,Un-Inhabitant,0,645210
33,35,Andaman And Nicobar Islands,603,Nicobars,5918,Great Nicobar,645188,1,Indira Point,,Rural,Un-Inhabitant,52800,645188
34,35,Andaman And Nicobar Islands,603,Nicobars,5918,Great Nicobar,645186,1,In-Hig-Loi,,Rural,Un-Inhabitant,52600,645186
35,35,Andaman And Nicobar Islands,603,Nicobars,5918,Great Nicobar,645207,1,Lawful,,Rural,Un-Inhabitant,54600,645207
36,35,Andaman And Nicobar Islands,603,Nicobars,5918,Great Nicobar,645141,1,Minlana/Minlan,,Rural,Un-Inhabitant,48200,645141
37,35,Andaman And Nicobar Islands,603,Nicobars,5918,Great Nicobar,645206,1,Navy Dera,,Rural,Un-Inhabitant,54500,645206
38,35,Andaman And Nicobar Islands,603,Nicobars,5918,Great Nicobar,645202,1,Not Yet Named,,Rural,Un-Inhabitant,54200,645202
39,35,Andaman And Nicobar Islands,603,Nicobars,5918,Great Nicobar,645203,1,Not Yet Named,,Rural,Un-Inhabitant,54300,645203
40,35,Andaman And Nicobar Islands,603,Nicobars,5918,Great Nicobar,645197,1,Not Yet Named (At 27.9 Km)-A,,Rural,Un-Inhabitant,53700,645197
41,35,Andaman And Nicobar Islands,603,Nicobars,5918,Great Nicobar,645156,1,Olinchi/Bombay,,Rural,Un-Inhabitant,49700,645156
42,35,Andaman And Nicobar Islands,603,Nicobars,5918,Great Nicobar,645181,1,Patatiya,,Rural,Un-Inhabitant,52100,645181
43,35,Andaman And Nicobar Islands,603,Nicobars,5918,Great Nicobar,645152,1,Pea,,Rural,Un-Inhabitant,49300,645152
44,35,Andaman And Nicobar Islands,603,Nicobars,5918,Great Nicobar,645161,1,Pehayo,,Rural,Un-Inhabitant,50200,645161
45,35,Andaman And Nicobar Islands,603,Nicobars,5918,Great Nicobar,645211,1,Pitayo,,Rural,Un-Inhabitant,0,645211
46,35,Andaman And Nicobar Islands,603,Nicobars,5918,Great Nicobar,645187,1,Pulobaha,,Rural,Un-Inhabitant,52700,645187
47,35,Andaman And Nicobar Islands,603,Nicobars,5918,Great Nicobar,645147,1,Pulobaha/Pathathifen,,Rural,Un-Inhabitant,48800,645147
48,35,Andaman And Nicobar Islands,603,Nicobars,5918,Great Nicobar,645170,1,Pulobed,,Rural,Un-Inhabitant,51000,645170
49,35,Andaman And Nicobar Islands,603,Nicobars,5918,Great Nicobar,645164,1,Pulobed/Lababu,,Rural,Un-Inhabitant,50500,645164
50,35,Andaman And Nicobar Islands,603,Nicobars,5918,Great Nicobar,645180,1,Pulobhabi,,Rural,Un-Inhabitant,52000,645180
51,35,Andaman And Nicobar Islands,603,Nicobars,5918,Great Nicobar,645171,1,Pulokunji,,Rural,Un-Inhabitant,51100,645171
52,35,Andaman And Nicobar Islands,603,Nicobars,5918,Great Nicobar,645185,1,Pulopucca,,Rural,Un-Inhabitant,52500,645185
53,35,Andaman And Nicobar Islands,603,Nicobars,5918,Great Nicobar,645146,1,Pulotalia/Pulotohio,,Rural,Un-Inhabitant,48700,645146
54,35,Andaman And Nicobar Islands,603,Nicobars,5918,Great Nicobar,645201,1,Ranganathan Bay,,Rural,Un-Inhabitant,54100,645201
55,35,Andaman And Nicobar Islands,603,Nicobars,5918,Great Nicobar,645176,1,Shompen Village-B,,Rural,Un-Inhabitant,51600,645176
56,35,Andaman And Nicobar Islands,603,Nicobars,5918,Great Nicobar,645208,1,Trinket Bay,,Rural,Un-Inhabitant,54700,645208
57,35,Andaman And Nicobar Islands,603,Nicobars,5918,Great Nicobar,645144,1,Akupa,,Rural,Un-Inhabitant,48500,645144
58,35,Andaman And Nicobar Islands,603,Nicobars,5918,Great Nicobar,645168,1,Alexandera River,,Rural,Un-Inhabitant,50800,645168
59,35,Andaman And Nicobar Islands,603,Nicobars,5918,Great Nicobar,645142,1,Anul/Anula,,Rural,Un-Inhabitant,48300,645142
60,35,Andaman And Nicobar Islands,603,Nicobars,5918,Great Nicobar,645173,1,Renguang,,Rural,Un-Inhabitant,51300,645173
61,35,Andaman And Nicobar Islands,603,Nicobars,5918,Great Nicobar,645169,1,Ayouk,,Rural,Un-Inhabitant,50900,645169
62,35,Andaman And Nicobar Islands,603,Nicobars,5918,Great Nicobar,645162,1,Bahua,,Rural,Un-Inhabitant,50300,645162
63,35,Andaman And Nicobar Islands,603,Nicobars,5918,Great Nicobar,645204,1,Chaw Nallaha,,Rural,Un-Inhabitant,54400,645204
64,35,Andaman And Nicobar Islands,603,Nicobars,5918,Great Nicobar,645189,1,Chingen (Incl.Fc At Magar Nalla,,Rural,Un-Inhabitant,52900,645189
65,35,Andaman And Nicobar Islands,603,Nicobars,5918,Great Nicobar,645167,1,Dairkurat,,Rural,Un-Inhabitant,50700,645167
66,35,Andaman And Nicobar Islands,603,Nicobars,5918,Great Nicobar,645179,1,Danlet,,Rural,Un-Inhabitant,51900,645179
67,35,Andaman And Nicobar Islands,603,Nicobars,5918,Great Nicobar,645198,1,Shompen Hut,,Rural,Un-Inhabitant,53800,645198
68,35,Andaman And Nicobar Islands,603,Nicobars,5918,Great Nicobar,645172,1,Shompen Village-A,,Rural,Un-Inhabitant,51200,645172
69,35,Andaman And Nicobar Islands,603,Nicobars,5918,Great Nicobar,645184,1,Dakhiyon (Fc),,Rural,Un-Inhabitant,52400,645184
70,35,Andaman And Nicobar Islands,603,Nicobars,5918,Great Nicobar,645174,1,Dogmar River,,Rural,Un-Inhabitant,51400,645174
71,35,Andaman And Nicobar Islands,603,Nicobars,5918,Great Nicobar,645140,1,Pulomilo,,Rural,Inhabitant,48100,645140
72,35,Andaman And Nicobar Islands,603,Nicobars,5918,Great Nicobar,645143,1,Makhahu/Makachua,,Rural,Inhabitant,48400,645143
73,35,Andaman And Nicobar Islands,603,Nicobars,5918,Great Nicobar,645150,1,Pulloullo/Puloulo,,Rural,Inhabitant,49100,645150
74,35,Andaman And Nicobar Islands,603,Nicobars,5918,Great Nicobar,645153,1,Pulobha/Pulobahan,,Rural,Inhabitant,49400,645153
75,35,Andaman And Nicobar Islands,603,Nicobars,5918,Great Nicobar,645155,1,Pattia (Pulopattia),,Rural,Inhabitant,49600,645155
76,35,Andaman And Nicobar Islands,603,Nicobars,5918,Great Nicobar,645166,1,Afra Bay,,Rural,Inhabitant,0,645166
77,35,Andaman And Nicobar Islands,603,Nicobars,5918,Great Nicobar,645194,1,Vijoy Nagar,,Rural,Inhabitant,53400,645194
78,35,Andaman And Nicobar Islands,603,Nicobars,5918,Great Nicobar,645199,1,Govinda Nagar,,Rural,Inhabitant,53900,645199
79,35,Andaman And Nicobar Islands,603,Nicobars,5918,Great Nicobar,645148,1,Bewai/Kuwak,,Rural,Inhabitant,48900,645148
80,35,Andaman And Nicobar Islands,603,Nicobars,5918,Great Nicobar,645158,1,Pulopanja,,Rural,Inhabitant,49900,645158
81,35,Andaman And Nicobar Islands,603,Nicobars,5918,Great Nicobar,645191,1,Sastri Nagar,,Rural,Inhabitant,53100,645191
82,35,Andaman And Nicobar Islands,603,Nicobars,5918,Great Nicobar,645192,1,Gandhi Nagar,,Rural,Inhabitant,53200,645192
83,35,Andaman And Nicobar Islands,603,Nicobars,5918,Great Nicobar,645193,1,Laxmi Nagar,,Rural,Inhabitant,53300,645193
84,35,Andaman And Nicobar Islands,603,Nicobars,5918,Great Nicobar,645195,1,Joginder Nagar,,Rural,Inhabitant,53500,645195
85,35,Andaman And Nicobar Islands,603,Nicobars,5918,Great Nicobar,645196,1,7 Km Farm,,Rural,Inhabitant,53600,645196
86,35,Andaman And Nicobar Islands,603,Nicobars,5918,Great Nicobar,645200,1,Campbell Bay,,Rural,Inhabitant,54000,645200
87,35,Andaman And Nicobar Islands,603,Nicobars,5918,Great Nicobar,645209,1,Patisang,,Rural,Inhabitant,0,645209
88,35,Andaman And Nicobar Islands,603,Nicobars,5918,Great Nicobar,645163,3,Kondul,,Rural,Un-Inhabitant,50400,645163
89,35,Andaman And Nicobar Islands,603,Nicobars,5917,Nancowry,645053,1,Alhitoth/Alhiloth*,,Rural,Un-Inhabitant,39800,645053
90,35,Andaman And Nicobar Islands,603,Nicobars,5917,Nancowry,645052,1,Alkaipoh/Alkripoh*,,Rural,Un-Inhabitant,39700,645052
91,35,Andaman And Nicobar Islands,603,Nicobars,5917,Nancowry,645115,1,Alointung*,,Rural,Un-Inhabitant,45600,645115
92,35,Andaman And Nicobar Islands,603,Nicobars,5917,Nancowry,645035,1,Aloora*,,Rural,Un-Inhabitant,38000,645035
93,35,Andaman And Nicobar Islands,603,Nicobars,5917,Nancowry,645101,1,Alreak*,,Rural,Un-Inhabitant,44200,645101
94,35,Andaman And Nicobar Islands,603,Nicobars,5917,Nancowry,645076,1,Alsama*,,Rural,Un-Inhabitant,42100,645076
95,35,Andaman And Nicobar Islands,603,Nicobars,5917,Nancowry,645074,1,Altaful*,,Rural,Un-Inhabitant,41900,645074
96,35,Andaman And Nicobar Islands,603,Nicobars,5917,Nancowry,645066,1,Atkuna/Alkun*,,Rural,Un-Inhabitant,41100,645066
97,35,Andaman And Nicobar Islands,603,Nicobars,5917,Nancowry,645109,1,Bumpal*,,Rural,Un-Inhabitant,45000,645109
98,35,Andaman And Nicobar Islands,603,Nicobars,5917,Nancowry,645065,1,Chengtamilan*,,Rural,Un-Inhabitant,41000,645065
99,35,Andaman And Nicobar Islands,603,Nicobars,5917,Nancowry,645059,1,Chonsiyala*,,Rural,Un-Inhabitant,40400,645059
100,35,Andaman And Nicobar Islands,603,Nicobars,5917,Nancowry,645050,1,Chonghipoh*,,Rural,Un-Inhabitant,39500,645050
101,35,Andaman And Nicobar Islands,603,Nicobars,5917,Nancowry,645069,1,Hakonhala*,,Rural,Un-Inhabitant,41400,645069
102,35,Andaman And Nicobar Islands,603,Nicobars,5917,Nancowry,645073,1,Halnatai/Hoinatai*,,Rural,Un-Inhabitant,41800,645073
103,35,Andaman And Nicobar Islands,603,Nicobars,5917,Nancowry,645087,1,Hindra*,,Rural,Un-Inhabitant,42800,645087
104,35,Andaman And Nicobar Islands,603,Nicobars,5917,Nancowry,645097,1,Hinnunga*,,Rural,Un-Inhabitant,43800,645097
105,35,Andaman And Nicobar Islands,603,Nicobars,5917,Nancowry,645102,1,Hintona*,,Rural,Un-Inhabitant,44300,645102
106,35,Andaman And Nicobar Islands,603,Nicobars,5917,Nancowry,645048,1,Hitlat*,,Rural,Un-Inhabitant,39300,645048
107,35,Andaman And Nicobar Islands,603,Nicobars,5917,Nancowry,645063,1,Hoipoh*,,Rural,Un-Inhabitant,40800,645063
108,35,Andaman And Nicobar Islands,603,Nicobars,5917,Nancowry,645060,1,Hontona*,,Rural,Un-Inhabitant,40500,645060
109,35,Andaman And Nicobar Islands,603,Nicobars,5917,Nancowry,645057,1,Hutnyak*,,Rural,Un-Inhabitant,40200,645057
110,35,Andaman And Nicobar Islands,603,Nicobars,5917,Nancowry,645123,1,Inmae*,,Rural,Un-Inhabitant,46400,645123
111,35,Andaman And Nicobar Islands,603,Nicobars,5917,Nancowry,645099,1,Inroak/Chinlak*,,Rural,Un-Inhabitant,44000,645099
112,35,Andaman And Nicobar Islands,603,Nicobars,5917,Nancowry,645047,1,Jansin*,,Rural,Un-Inhabitant,39200,645047
113,35,Andaman And Nicobar Islands,603,Nicobars,5917,Nancowry,645038,1,Kalara*,,Rural,Un-Inhabitant,38300,645038
114,35,Andaman And Nicobar Islands,603,Nicobars,5917,Nancowry,645068,1,Kalminikum/Kalmenkam*,,Rural,Un-Inhabitant,41300,645068
115,35,Andaman And Nicobar Islands,603,Nicobars,5917,Nancowry,645042,1,Kanahinot,,Rural,Inhabitant,38700,645042
116,35,Andaman And Nicobar Islands,603,Nicobars,5917,Nancowry,645077,1,Kapanga*,,Rural,Un-Inhabitant,42200,645077
117,35,Andaman And Nicobar Islands,603,Nicobars,5917,Nancowry,645139,1,Kapila*,,Rural,Un-Inhabitant,48000,645139
118,35,Andaman And Nicobar Islands,603,Nicobars,5917,Nancowry,645110,1,Karan/Karav*,,Rural,Un-Inhabitant,45100,645110
119,35,Andaman And Nicobar Islands,603,Nicobars,5917,Nancowry,645054,1,Katahuwa*,,Rural,Un-Inhabitant,39900,645054
120,35,Andaman And Nicobar Islands,603,Nicobars,5917,Nancowry,645075,1,Kavatinpeu/Karahinpoh*,,Rural,Un-Inhabitant,42000,645075
121,35,Andaman And Nicobar Islands,603,Nicobars,5917,Nancowry,645134,1,Kuikua*,,Rural,Un-Inhabitant,47500,645134
122,35,Andaman And Nicobar Islands,603,Nicobars,5917,Nancowry,645061,1,Kulatapangia*,,Rural,Un-Inhabitant,40600,645061
123,35,Andaman And Nicobar Islands,603,Nicobars,5917,Nancowry,645055,1,Kumikia*,,Rural,Un-Inhabitant,40000,645055
124,35,Andaman And Nicobar Islands,603,Nicobars,5917,Nancowry,645078,1,Kupinga*,,Rural,Un-Inhabitant,42300,645078
125,35,Andaman And Nicobar Islands,603,Nicobars,5917,Nancowry,645092,1,Lanuanga*,,Rural,Un-Inhabitant,43300,645092
126,35,Andaman And Nicobar Islands,603,Nicobars,5917,Nancowry,645086,1,Lapat*,,Rural,Un-Inhabitant,42700,645086
127,35,Andaman And Nicobar Islands,603,Nicobars,5917,Nancowry,645095,1,Malacca*,,Rural,Un-Inhabitant,43600,645095
128,35,Andaman And Nicobar Islands,603,Nicobars,5917,Nancowry,645106,1,Manjula*,,Rural,Un-Inhabitant,44700,645106
129,35,Andaman And Nicobar Islands,603,Nicobars,5917,Nancowry,645064,1,Mapayala*,,Rural,Un-Inhabitant,40900,645064
130,35,Andaman And Nicobar Islands,603,Nicobars,5917,Nancowry,645112,1,Maru*,,Rural,Un-Inhabitant,45300,645112
131,35,Andaman And Nicobar Islands,603,Nicobars,5917,Nancowry,645120,1,Masala Tapu*,,Rural,Un-Inhabitant,46100,645120
132,35,Andaman And Nicobar Islands,603,Nicobars,5917,Nancowry,645049,1,Mavatapis/Maratapia*,,Rural,Un-Inhabitant,39400,645049
133,35,Andaman And Nicobar Islands,603,Nicobars,5917,Nancowry,645133,1,Mohreak/Kohreakap*,,Rural,Un-Inhabitant,47400,645133
134,35,Andaman And Nicobar Islands,603,Nicobars,5917,Nancowry,645088,1,Mus*,,Rural,Un-Inhabitant,42900,645088
135,35,Andaman And Nicobar Islands,603,Nicobars,5917,Nancowry,645090,1,Neang*,,Rural,Un-Inhabitant,43100,645090
136,35,Andaman And Nicobar Islands,603,Nicobars,5917,Nancowry,645105,1,Neeche Tapu*,,Rural,Un-Inhabitant,44600,645105
137,35,Andaman And Nicobar Islands,603,Nicobars,5917,Nancowry,645132,1,Nyicalang*,,Rural,Un-Inhabitant,47300,645132
138,35,Andaman And Nicobar Islands,603,Nicobars,5917,Nancowry,645108,1,Olinpon/Alhinpon*,,Rural,Un-Inhabitant,44900,645108
139,35,Andaman And Nicobar Islands,603,Nicobars,5917,Nancowry,645107,1,Okiya/Chiya*,,Rural,Un-Inhabitant,44800,645107
140,35,Andaman And Nicobar Islands,603,Nicobars,5917,Nancowry,645058,1,Ongulongho*,,Rural,Un-Inhabitant,40300,645058
141,35,Andaman And Nicobar Islands,603,Nicobars,5917,Nancowry,645089,1,Payak*,,Rural,Un-Inhabitant,43000,645089
142,35,Andaman And Nicobar Islands,603,Nicobars,5917,Nancowry,645070,1,Reakomlong*,,Rural,Un-Inhabitant,41500,645070
143,35,Andaman And Nicobar Islands,603,Nicobars,5917,Nancowry,645135,1,Safedbalu*,,Rural,Un-Inhabitant,47600,645135
144,35,Andaman And Nicobar Islands,603,Nicobars,5917,Nancowry,645051,1,Sanaya*,,Rural,Un-Inhabitant,39600,645051
145,35,Andaman And Nicobar Islands,603,Nicobars,5917,Nancowry,645114,1,Tanae*,,Rural,Un-Inhabitant,45500,645114
146,35,Andaman And Nicobar Islands,603,Nicobars,5917,Nancowry,645138,1,Tapiang*,,Rural,Un-Inhabitant,47900,645138
147,35,Andaman And Nicobar Islands,603,Nicobars,5917,Nancowry,645072,1,Tavinkin/Tavakin*,,Rural,Un-Inhabitant,41700,645072
148,35,Andaman And Nicobar Islands,603,Nicobars,5917,Nancowry,645033,1,Tillang Chong Island*,,Rural,Un-Inhabitant,37800,645033
149,35,Andaman And Nicobar Islands,603,Nicobars,5917,Nancowry,645118,1,Tomae/Inmae*,,Rural,Un-Inhabitant,45900,645118
150,35,Andaman And Nicobar Islands,603,Nicobars,5917,Nancowry,645103,1,Uper Tapu*,,Rural,Un-Inhabitant,44400,645103
151,35,Andaman And Nicobar Islands,603,Nicobars,5917,Nancowry,645137,1,Trinket*,,Rural,Un-Inhabitant,47800,645137
152,35,Andaman And Nicobar Islands,603,Nicobars,5917,Nancowry,645062,1,Vyavtapu*,,Rural,Un-Inhabitant,40700,645062
153,35,Andaman And Nicobar Islands,603,Nicobars,5917,Nancowry,645084,1,W.B.Katchal/Hindra*,,Rural,Un-Inhabitant,42500,645084
154,35,Andaman And Nicobar Islands,603,Nicobars,5917,Nancowry,645071,1,Sonomkuwa*,,Rural,Un-Inhabitant,41600,645071
155,35,Andaman And Nicobar Islands,603,Nicobars,5917,Nancowry,645067,1,Tani*,,Rural,Un-Inhabitant,41200,645067
156,35,Andaman And Nicobar Islands,603,Nicobars,5917,Nancowry,645080,1,Upper Katchal,,Rural,Inhabitant,0,645080
157,35,Andaman And Nicobar Islands,603,Nicobars,5917,Nancowry,645083,1,E-Wall,,Rural,Inhabitant,0,645083
158,35,Andaman And Nicobar Islands,603,Nicobars,5917,Nancowry,645094,1,Al-Hit-Touch/Balu Basti,,Rural,Inhabitant,43500,645094
159,35,Andaman And Nicobar Islands,603,Nicobars,5917,Nancowry,645096,1,Champin,,Rural,Inhabitant,43700,645096
160,35,Andaman And Nicobar Islands,603,Nicobars,5917,Nancowry,645111,1,Daring,,Rural,Inhabitant,45200,645111
161,35,Andaman And Nicobar Islands,603,Nicobars,5917,Nancowry,645113,1,Chanel/Chanol*,,Rural,Inhabitant,45400,645113
162,35,Andaman And Nicobar Islands,603,Nicobars,5917,Nancowry,645116,1,Banderkari/Pulu,,Rural,Inhabitant,45700,645116
163,35,Andaman And Nicobar Islands,603,Nicobars,5917,Nancowry,645121,1,Alukian/Alhukheck,,Rural,Inhabitant,46200,645121
164,35,Andaman And Nicobar Islands,603,Nicobars,5917,Nancowry,645127,1,Kamorta/Kalatapu(Incl.Sanuh),,Rural,Inhabitant,46800,645127
165,35,Andaman And Nicobar Islands,603,Nicobars,5917,Nancowry,645129,1,Berainak/Badnak,,Rural,Inhabitant,47000,645129
166,35,Andaman And Nicobar Islands,603,Nicobars,5917,Nancowry,645131,1,Kakana,,Rural,Inhabitant,47200,645131
167,35,Andaman And Nicobar Islands,603,Nicobars,5917,Nancowry,645028,1,Tahaila,,Rural,Inhabitant,37300,645028
168,35,Andaman And Nicobar Islands,603,Nicobars,5917,Nancowry,645029,1,Chongkamong,,Rural,Inhabitant,37400,645029
169,35,Andaman And Nicobar Islands,603,Nicobars,5917,Nancowry,645031,1,Kuitasuk,,Rural,Inhabitant,37600,645031
170,35,Andaman And Nicobar Islands,603,Nicobars,5917,Nancowry,645032,1,Raihion,,Rural,Inhabitant,37700,645032
171,35,Andaman And Nicobar Islands,603,Nicobars,5917,Nancowry,645034,1,Aloorang,,Rural,Inhabitant,37900,645034
172,35,Andaman And Nicobar Islands,603,Nicobars,5917,Nancowry,645036,1,Enam,,Rural,Inhabitant,38100,645036
173,35,Andaman And Nicobar Islands,603,Nicobars,5917,Nancowry,645039,1,Chukmachi,,Rural,Inhabitant,38400,645039
174,35,Andaman And Nicobar Islands,603,Nicobars,5917,Nancowry,645040,1,Safedbalu*,,Rural,Inhabitant,38500,645040
175,35,Andaman And Nicobar Islands,603,Nicobars,5917,Nancowry,645044,1,Bengali,,Rural,Inhabitant,38900,645044
176,35,Andaman And Nicobar Islands,603,Nicobars,5917,Nancowry,645045,1,Bompoka Island*,,Rural,Inhabitant,39000,645045
177,35,Andaman And Nicobar Islands,603,Nicobars,5917,Nancowry,645046,1,Jhoola*,,Rural,Inhabitant,39100,645046
178,35,Andaman And Nicobar Islands,603,Nicobars,5917,Nancowry,645079,1,Mildera,,Rural,Inhabitant,42400,645079
179,35,Andaman And Nicobar Islands,603,Nicobars,5917,Nancowry,645030,1,Alhiat,,Rural,Inhabitant,37500,645030
180,35,Andaman And Nicobar Islands,603,Nicobars,5917,Nancowry,645037,1,Luxi,,Rural,Inhabitant,38200,645037
181,35,Andaman And Nicobar Islands,603,Nicobars,5917,Nancowry,645041,1,Minyuk,,Rural,Inhabitant,38600,645041
182,35,Andaman And Nicobar Islands,603,Nicobars,5917,Nancowry,645056,1,Kamriak*,,Rural,Inhabitant,40100,645056
183,35,Andaman And Nicobar Islands,603,Nicobars,5917,Nancowry,645081,1,Meenakshi Ram Nagar,,Rural,Inhabitant,0,645081
184,35,Andaman And Nicobar Islands,603,Nicobars,5917,Nancowry,645085,1,Alipa/Alips*,,Rural,Inhabitant,42600,645085
185,35,Andaman And Nicobar Islands,603,Nicobars,5917,Nancowry,645091,1,Tapong Incl. Kabila,,Rural,Inhabitant,43200,645091
186,35,Andaman And Nicobar Islands,603,Nicobars,5917,Nancowry,645093,1,Altheak,,Rural,Inhabitant,43400,645093
187,35,Andaman And Nicobar Islands,603,Nicobars,5917,Nancowry,645098,1,Tapani/Tapainy*,,Rural,Inhabitant,43900,645098
188,35,Andaman And Nicobar Islands,603,Nicobars,5917,Nancowry,645100,1,Itoi*(Hitui),,Rural,Inhabitant,44100,645100
189,35,Andaman And Nicobar Islands,603,Nicobars,5917,Nancowry,645104,1,Pilpilow,,Rural,Inhabitant,44500,645104
190,35,Andaman And Nicobar Islands,603,Nicobars,5917,Nancowry,645117,1,Alpintu/Alpintung*,,Rural,Inhabitant,45800,645117
191,35,Andaman And Nicobar Islands,603,Nicobars,5917,Nancowry,645119,1,Changua/Changup,,Rural,Inhabitant,46000,645119
192,35,Andaman And Nicobar Islands,603,Nicobars,5917,Nancowry,645122,1,Knot,,Rural,Inhabitant,46300,645122
193,35,Andaman And Nicobar Islands,603,Nicobars,5917,Nancowry,645124,1,Payuha,,Rural,Inhabitant,46500,645124
194,35,Andaman And Nicobar Islands,603,Nicobars,5917,Nancowry,645125,1,Munak Incl. Ponioo/Moul,,Rural,Inhabitant,46600,645125
195,35,Andaman And Nicobar Islands,603,Nicobars,5917,Nancowry,645126,1,Ramzoo*(Ramjaw),,Rural,Inhabitant,46700,645126
196,35,Andaman And Nicobar Islands,603,Nicobars,5917,Nancowry,645128,1,Chota Inak,,Rural,Inhabitant,46900,645128
197,35,Andaman And Nicobar Islands,603,Nicobars,5917,Nancowry,645130,1,Vikas Nagar,,Rural,Inhabitant,47100,645130
198,35,Andaman And Nicobar Islands,603,Nicobars,5917,Nancowry,645043,3,Kalasi,,Rural,Inhabitant,38800,645043
199,35,Andaman And Nicobar Islands,603,Nicobars,5917,Nancowry,645082,3,Japan Tikri,,Rural,Inhabitant,0,645082
200,35,Andaman And Nicobar Islands,603,Nicobars,5917,Nancowry,645136,3,Hockook*,,Rural,Un-Inhabitant,47700,645136
201,35,Andaman And Nicobar Islands,632,North And Middle Andaman,5919,Diglipur,645240,1,Borang (Rv),,Rural,Un-Inhabitant,6700,645240
202,35,Andaman And Nicobar Islands,632,North And Middle Andaman,5919,Diglipur,645261,1,Paschimsagar (Efa),,Rural,Inhabitant,2700,645261
203,35,Andaman And Nicobar Islands,632,North And Middle Andaman,5919,Diglipur,645212,1,Shyam Nagar (Rv),,Rural,Inhabitant,1000,645212
204,35,Andaman And Nicobar Islands,632,North And Middle Andaman,5919,Diglipur,645262,1,Tal Bagan (Efa),,Rural,Inhabitant,2800,645262
205,35,Andaman And Nicobar Islands,632,North And Middle Andaman,5919,Diglipur,645213,1,Radha Nagar (Rv),,Rural,Inhabitant,1600,645213
206,35,Andaman And Nicobar Islands,632,North And Middle Andaman,5919,Diglipur,645214,1,Swarajgram (Rv),,Rural,Inhabitant,1900,645214
207,35,Andaman And Nicobar Islands,632,North And Middle Andaman,5919,Diglipur,645216,1,Laxmipur (Rv),,Rural,Inhabitant,2300,645216
208,35,Andaman And Nicobar Islands,632,North And Middle Andaman,5919,Diglipur,645217,1,Deshbandhugram (Rv),,Rural,Inhabitant,2400,645217
209,35,Andaman And Nicobar Islands,632,North And Middle Andaman,5919,Diglipur,645220,1,Sitanagar (Rv),,Rural,Inhabitant,3000,645220
210,35,Andaman And Nicobar Islands,632,North And Middle Andaman,5919,Diglipur,645225,1,Vidyasagarpalli (Rv),,Rural,Inhabitant,3500,645225
211,35,Andaman And Nicobar Islands,632,North And Middle Andaman,5919,Diglipur,645229,1,Shibpur (Rv),,Rural,Inhabitant,3900,645229
212,35,Andaman And Nicobar Islands,632,North And Middle Andaman,5919,Diglipur,645230,1,Kalipur (Rv),,Rural,Inhabitant,4000,645230
213,35,Andaman And Nicobar Islands,632,North And Middle Andaman,5919,Diglipur,645233,1,Paranghara (Rv),,Rural,Inhabitant,4600,645233
214,35,Andaman And Nicobar Islands,632,North And Middle Andaman,5919,Diglipur,645236,1,Nischintapur (Rv),,Rural,Inhabitant,5500,645236
215,35,Andaman And Nicobar Islands,632,North And Middle Andaman,5919,Diglipur,645238,1,Jagannath Dera (Rv),,Rural,Inhabitant,5800,645238
216,35,Andaman And Nicobar Islands,632,North And Middle Andaman,5919,Diglipur,645241,1,Mohanpur (Rv),,Rural,Inhabitant,7400,645241
217,35,Andaman And Nicobar Islands,632,North And Middle Andaman,5919,Diglipur,645242,1,Sagar Dweep (Rv),,Rural,Inhabitant,7700,645242
218,35,Andaman And Nicobar Islands,632,North And Middle Andaman,5919,Diglipur,645244,1,Narcondam Island (Police Post),,Rural,Un-Inhabitant,200,645244
219,35,Andaman And Nicobar Islands,632,North And Middle Andaman,5919,Diglipur,645266,1,Lamiya Bay (Wls),,Rural,Un-Inhabitant,4400,645266
220,35,Andaman And Nicobar Islands,632,North And Middle Andaman,5919,Diglipur,645289,1,Smith (Timber Export Depot),,Rural,Un-Inhabitant,7800,645289
221,35,Andaman And Nicobar Islands,632,North And Middle Andaman,5919,Diglipur,645291,1,Stewart Island,,Rural,Un-Inhabitant,8000,645291
222,35,Andaman And Nicobar Islands,632,North And Middle Andaman,5919,Diglipur,645292,1,Land Fall Island (Police Post),,Rural,Un-Inhabitant,0,645292
223,35,Andaman And Nicobar Islands,632,North And Middle Andaman,5919,Diglipur,645247,1,Beach Dera (Efa),,Rural,Un-Inhabitant,500,645247
224,35,Andaman And Nicobar Islands,632,North And Middle Andaman,5919,Diglipur,645249,1,Bandhan Nallaha (Efa),,Rural,Un-Inhabitant,700,645249
225,35,Andaman And Nicobar Islands,632,North And Middle Andaman,5919,Diglipur,645253,1,Amber Chad (Efa),,Rural,Un-Inhabitant,1200,645253
226,35,Andaman And Nicobar Islands,632,North And Middle Andaman,5919,Diglipur,645256,1,Gandhi Nagar (Forest Beat),,Rural,Un-Inhabitant,1500,645256
227,35,Andaman And Nicobar Islands,632,North And Middle Andaman,5919,Diglipur,645258,1,Burmachad (Efa),,Rural,Un-Inhabitant,1800,645258
228,35,Andaman And Nicobar Islands,632,North And Middle Andaman,5919,Diglipur,645260,1,Laxmipur (Efa),,Rural,Un-Inhabitant,2200,645260
229,35,Andaman And Nicobar Islands,632,North And Middle Andaman,5919,Diglipur,645265,1,Lamiya Bay (Efa),,Rural,Un-Inhabitant,4300,645265
230,35,Andaman And Nicobar Islands,632,North And Middle Andaman,5919,Diglipur,645267,1,Baskata Nallaha (Efa),,Rural,Un-Inhabitant,4800,645267
231,35,Andaman And Nicobar Islands,632,North And Middle Andaman,5919,Diglipur,645268,1,Mutha Nallaha (Efa),,Rural,Un-Inhabitant,4900,645268
232,35,Andaman And Nicobar Islands,632,North And Middle Andaman,5919,Diglipur,645272,1,Ganna Level (Efa),,Rural,Un-Inhabitant,5300,645272
233,35,Andaman And Nicobar Islands,632,North And Middle Andaman,5919,Diglipur,645274,1,Pemaiahdera (Fdca),,Rural,Un-Inhabitant,6000,645274
234,35,Andaman And Nicobar Islands,632,North And Middle Andaman,5919,Diglipur,645275,1,Narkul Danga (Efa),,Rural,Un-Inhabitant,6100,645275
235,35,Andaman And Nicobar Islands,632,North And Middle Andaman,5919,Diglipur,645277,1,Bara Dabla (Efa),,Rural,Un-Inhabitant,6300,645277
236,35,Andaman And Nicobar Islands,632,North And Middle Andaman,5919,Diglipur,645278,1,Hoari Bay (Efa),,Rural,Un-Inhabitant,6400,645278
237,35,Andaman And Nicobar Islands,632,North And Middle Andaman,5919,Diglipur,645280,1,Aam Tikry (Fdca),,Rural,Un-Inhabitant,6600,645280
238,35,Andaman And Nicobar Islands,632,North And Middle Andaman,5919,Diglipur,645281,1,Ganna Dabla (Efa),,Rural,Un-Inhabitant,6800,645281
239,35,Andaman And Nicobar Islands,632,North And Middle Andaman,5919,Diglipur,645283,1,Rahil (Fdca),,Rural,Un-Inhabitant,7000,645283
240,35,Andaman And Nicobar Islands,632,North And Middle Andaman,5919,Diglipur,645290,1,Curlew Island (Fcpa),,Rural,Un-Inhabitant,7900,645290
241,35,Andaman And Nicobar Islands,632,North And Middle Andaman,5919,Diglipur,645215,1,Milangram (Rv),,Rural,Inhabitant,2000,645215
242,35,Andaman And Nicobar Islands,632,North And Middle Andaman,5919,Diglipur,645218,1,Madhupur (Rv),,Rural,Inhabitant,2500,645218
243,35,Andaman And Nicobar Islands,632,North And Middle Andaman,5919,Diglipur,645219,1,Krishnapuri (Rv),,Rural,Inhabitant,2600,645219
244,35,Andaman And Nicobar Islands,632,North And Middle Andaman,5919,Diglipur,645221,1,Rabindrapalli (Rv),,Rural,Inhabitant,3100,645221
245,35,Andaman And Nicobar Islands,632,North And Middle Andaman,5919,Diglipur,645222,1,Subhashgram (Rv),,Rural,Inhabitant,3200,645222
246,35,Andaman And Nicobar Islands,632,North And Middle Andaman,5919,Diglipur,645224,1,Ramakrishnagram (Rv),,Rural,Inhabitant,3400,645224
247,35,Andaman And Nicobar Islands,632,North And Middle Andaman,5919,Diglipur,645226,1,Keralapuram (Rv),,Rural,Inhabitant,3600,645226
248,35,Andaman And Nicobar Islands,632,North And Middle Andaman,5919,Diglipur,645227,1,Aerial Bay (Rv),,Rural,Inhabitant,3700,645227
249,35,Andaman And Nicobar Islands,632,North And Middle Andaman,5919,Diglipur,645228,1,Durgapur (Rv),,Rural,Inhabitant,3800,645228
250,35,Andaman And Nicobar Islands,632,North And Middle Andaman,5919,Diglipur,645231,1,Khudirampur (Rv),,Rural,Inhabitant,4100,645231
251,35,Andaman And Nicobar Islands,632,North And Middle Andaman,5919,Diglipur,645232,1,Nabagram (Rv),,Rural,Inhabitant,4500,645232
252,35,Andaman And Nicobar Islands,632,North And Middle Andaman,5919,Diglipur,645234,1,Kishori Nagar (Rv),,Rural,Inhabitant,4700,645234
253,35,Andaman And Nicobar Islands,632,North And Middle Andaman,5919,Diglipur,645235,1,Madhyamgram (Rv),,Rural,Inhabitant,5400,645235
254,35,Andaman And Nicobar Islands,632,North And Middle Andaman,5919,Diglipur,645237,1,Kalighat (Rv),,Rural,Inhabitant,5700,645237
255,35,Andaman And Nicobar Islands,632,North And Middle Andaman,5919,Diglipur,645239,1,Ramnagar (Rv),,Rural,Inhabitant,5900,645239
256,35,Andaman And Nicobar Islands,632,North And Middle Andaman,5919,Diglipur,645243,1,East Island (Police Post & Light House),,Rural,Un-Inhabitant,100,645243
257,35,Andaman And Nicobar Islands,632,North And Middle Andaman,5919,Diglipur,645245,1,Karen Basti (Efa),,Rural,Un-Inhabitant,300,645245
258,35,Andaman And Nicobar Islands,632,North And Middle Andaman,5919,Diglipur,645246,1,Elezabeth Bay (Efa),,Rural,Un-Inhabitant,400,645246
259,35,Andaman And Nicobar Islands,632,North And Middle Andaman,5919,Diglipur,645248,1,Coffe Dera (Efa),,Rural,Un-Inhabitant,600,645248
260,35,Andaman And Nicobar Islands,632,North And Middle Andaman,5919,Diglipur,645250,1,Haridas Kattai (Efa),,Rural,Un-Inhabitant,800,645250
261,35,Andaman And Nicobar Islands,632,North And Middle Andaman,5919,Diglipur,645257,1,Radha Nagar (Efa),,Rural,Un-Inhabitant,1700,645257
262,35,Andaman And Nicobar Islands,632,North And Middle Andaman,5919,Diglipur,645259,1,Haran Nallaha (Efa),,Rural,Un-Inhabitant,2100,645259
263,35,Andaman And Nicobar Islands,632,North And Middle Andaman,5919,Diglipur,645263,1,"Sitanagar, (Efa)",,Rural,Un-Inhabitant,2900,645263
264,35,Andaman And Nicobar Islands,632,North And Middle Andaman,5919,Diglipur,645264,1,Khudirampur (Efa),,Rural,Un-Inhabitant,4200,645264
265,35,Andaman And Nicobar Islands,632,North And Middle Andaman,5919,Diglipur,645269,1,Bali Nallaha (Efa),,Rural,Un-Inhabitant,5000,645269
266,35,Andaman And Nicobar Islands,632,North And Middle Andaman,5919,Diglipur,645271,1,Srinagar (Efa),,Rural,Un-Inhabitant,5200,645271
267,35,Andaman And Nicobar Islands,632,North And Middle Andaman,5919,Diglipur,645273,1,Narayan Tikri (Efa),,Rural,Un-Inhabitant,5600,645273
268,35,Andaman And Nicobar Islands,632,North And Middle Andaman,5919,Diglipur,645276,1,Pathi Level (Efa),,Rural,Un-Inhabitant,6200,645276
269,35,Andaman And Nicobar Islands,632,North And Middle Andaman,5919,Diglipur,645279,1,Pilone Nallaha (Fdca),,Rural,Un-Inhabitant,6500,645279
270,35,Andaman And Nicobar Islands,632,North And Middle Andaman,5919,Diglipur,645282,1,Austin Creek (Fdca),,Rural,Un-Inhabitant,6900,645282
271,35,Andaman And Nicobar Islands,632,North And Middle Andaman,5919,Diglipur,645285,1,Austin IX (Fc),,Rural,Un-Inhabitant,7200,645285
272,35,Andaman And Nicobar Islands,632,North And Middle Andaman,5919,Diglipur,645286,1,Hara Tikry (Efa),,Rural,Un-Inhabitant,7300,645286
273,35,Andaman And Nicobar Islands,632,North And Middle Andaman,5919,Diglipur,645287,1,Austin II (Efa),,Rural,Un-Inhabitant,7500,645287
274,35,Andaman And Nicobar Islands,632,North And Middle Andaman,5919,Diglipur,645288,1,Smith (Efa),,Rural,Un-Inhabitant,7600,645288
275,35,Andaman And Nicobar Islands,632,North And Middle Andaman,5919,Diglipur,645251,2,Shyam Nagar,,Rural,Un-Inhabitant,900,645251
276,35,Andaman And Nicobar Islands,632,North And Middle Andaman,5919,Diglipur,645252,2,Ganesh Nagar,,Rural,Inhabitant,1100,645252
277,35,Andaman And Nicobar Islands,632,North And Middle Andaman,5919,Diglipur,645254,2,Santi Nagar,,Rural,Inhabitant,1300,645254
278,35,Andaman And Nicobar Islands,632,North And Middle Andaman,5919,Diglipur,645255,2,Gandhi Nagar,,Rural,Inhabitant,1400,645255
279,35,Andaman And Nicobar Islands,632,North And Middle Andaman,5919,Diglipur,645223,2,Diglipur Part-Ii,,Rural,Inhabitant,3300,645223
280,35,Andaman And Nicobar Islands,632,North And Middle Andaman,5919,Diglipur,645270,3,Bamboo Nallaha (Efa),,Rural,Un-Inhabitant,5100,645270
281,35,Andaman And Nicobar Islands,632,North And Middle Andaman,5919,Diglipur,645284,3,Bamboo Nallaha (Efa),,Rural,Un-Inhabitant,7100,645284
282,35,Andaman And Nicobar Islands,632,North And Middle Andaman,5920,Mayabunder,645321,1,Karmatang IX (Efa),,Rural,Inhabitant,8900,645321
283,35,Andaman And Nicobar Islands,632,North And Middle Andaman,5920,Mayabunder,645297,1,Rampur (Rv),,Rural,Inhabitant,8700,645297
284,35,Andaman And Nicobar Islands,632,North And Middle Andaman,5920,Mayabunder,645295,1,Pokadera (Rv),,Rural,Inhabitant,8500,645295
285,35,Andaman And Nicobar Islands,632,North And Middle Andaman,5920,Mayabunder,645298,1,Karmatang (Rv),,Rural,Inhabitant,8800,645298
286,35,Andaman And Nicobar Islands,632,North And Middle Andaman,5920,Mayabunder,645300,1,Lataw (Rv),,Rural,Inhabitant,9300,645300
287,35,Andaman And Nicobar Islands,632,North And Middle Andaman,5920,Mayabunder,645305,1,Hanspuri (Rv) (Including Jpp Camps),,Rural,Inhabitant,10700,645305
288,35,Andaman And Nicobar Islands,632,North And Middle Andaman,5920,Mayabunder,645308,1,Basantipur (Rv),,Rural,Inhabitant,11900,645308
289,35,Andaman And Nicobar Islands,632,North And Middle Andaman,5920,Mayabunder,645309,1,Profullya Nagar (Rv),,Rural,Inhabitant,12000,645309
290,35,Andaman And Nicobar Islands,632,North And Middle Andaman,5920,Mayabunder,645313,1,Jaipur (Rv),,Rural,Inhabitant,12400,645313
291,35,Andaman And Nicobar Islands,632,North And Middle Andaman,5920,Mayabunder,645315,1,Harinagar (Rv),,Rural,Inhabitant,12600,645315
292,35,Andaman And Nicobar Islands,632,North And Middle Andaman,5920,Mayabunder,645316,1,Dukennagar (Rv),,Rural,Inhabitant,12800,645316
293,35,Andaman And Nicobar Islands,632,North And Middle Andaman,5920,Mayabunder,645317,1,Santipur (Rv),,Rural,Inhabitant,12900,645317
294,35,Andaman And Nicobar Islands,632,North And Middle Andaman,5920,Mayabunder,645318,1,Swadesh Nagar (Rv),,Rural,Inhabitant,13000,645318
295,35,Andaman And Nicobar Islands,632,North And Middle Andaman,5920,Mayabunder,645320,1,Interview Island (Po),,Rural,Un-Inhabitant,8200,645320
296,35,Andaman And Nicobar Islands,632,North And Middle Andaman,5920,Mayabunder,645323,1,Paiket Bay (Efa),,Rural,Un-Inhabitant,9100,645323
297,35,Andaman And Nicobar Islands,632,North And Middle Andaman,5920,Mayabunder,645324,1,Bamboo Nallaha (Efa),,Rural,Un-Inhabitant,9500,645324
298,35,Andaman And Nicobar Islands,632,North And Middle Andaman,5920,Mayabunder,645327,1,Sundari Khari (Efa),,Rural,Un-Inhabitant,10100,645327
299,35,Andaman And Nicobar Islands,632,North And Middle Andaman,5920,Mayabunder,645328,1,Karanch Khari (Efa),,Rural,Un-Inhabitant,10200,645328
300,35,Andaman And Nicobar Islands,632,North And Middle Andaman,5920,Mayabunder,645330,1,Chappa Nali (Efa),,Rural,Un-Inhabitant,10400,645330
301,35,Andaman And Nicobar Islands,632,North And Middle Andaman,5920,Mayabunder,645334,1,Luis-In-Let-Bay (Jppc),,Rural,Un-Inhabitant,10900,645334
302,35,Andaman And Nicobar Islands,632,North And Middle Andaman,5920,Mayabunder,645339,1,Birsa Nagar (Efa),,Rural,Un-Inhabitant,11600,645339
303,35,Andaman And Nicobar Islands,632,North And Middle Andaman,5920,Mayabunder,645341,1,Pather Tikry (Efa),,Rural,Un-Inhabitant,11800,645341
304,35,Andaman And Nicobar Islands,632,North And Middle Andaman,5920,Mayabunder,645294,1,Mayabunder (Rv),,Rural,Inhabitant,8400,645294
305,35,Andaman And Nicobar Islands,632,North And Middle Andaman,5920,Mayabunder,645296,1,Danpur (Rv),,Rural,Inhabitant,8600,645296
306,35,Andaman And Nicobar Islands,632,North And Middle Andaman,5920,Mayabunder,645299,1,Lucknow (Rv),,Rural,Inhabitant,9200,645299
307,35,Andaman And Nicobar Islands,632,North And Middle Andaman,5920,Mayabunder,645301,1,Devpur (Rv),,Rural,Inhabitant,9400,645301
308,35,Andaman And Nicobar Islands,632,North And Middle Andaman,5920,Mayabunder,645302,1,Webi (Rv),,Rural,Inhabitant,9600,645302
309,35,Andaman And Nicobar Islands,632,North And Middle Andaman,5920,Mayabunder,645303,1,Pahalgaon (Rv),,Rural,Inhabitant,9700,645303
310,35,Andaman And Nicobar Islands,632,North And Middle Andaman,5920,Mayabunder,645304,1,Tugapur (Rv),,Rural,Inhabitant,9900,645304
311,35,Andaman And Nicobar Islands,632,North And Middle Andaman,5920,Mayabunder,645306,1,Chainpur (Rv),,Rural,Inhabitant,11100,645306
312,35,Andaman And Nicobar Islands,632,North And Middle Andaman,5920,Mayabunder,645307,1,Pudumadurai (Rv),,Rural,Inhabitant,11300,645307
313,35,Andaman And Nicobar Islands,632,North And Middle Andaman,5920,Mayabunder,645310,1,Govindpur (Rv),,Rural,Inhabitant,12100,645310
314,35,Andaman And Nicobar Islands,632,North And Middle Andaman,5920,Mayabunder,645311,1,Paresh Nagar (Rv),,Rural,Inhabitant,12200,645311
315,35,Andaman And Nicobar Islands,632,North And Middle Andaman,5920,Mayabunder,645312,1,Kamalapur (Rv),,Rural,Inhabitant,12300,645312
316,35,Andaman And Nicobar Islands,632,North And Middle Andaman,5920,Mayabunder,645314,1,Pinakinagar (Rv),,Rural,Inhabitant,12500,645314
317,35,Andaman And Nicobar Islands,632,North And Middle Andaman,5920,Mayabunder,645293,1,Aves Island (Rv),,Rural,Un-Inhabitant,8300,645293
318,35,Andaman And Nicobar Islands,632,North And Middle Andaman,5920,Mayabunder,645329,1,Gora Tikry (Efa),,Rural,Un-Inhabitant,10300,645329
319,35,Andaman And Nicobar Islands,632,North And Middle Andaman,5920,Mayabunder,645319,1,Interview Island (Wls),,Rural,Un-Inhabitant,8100,645319
320,35,Andaman And Nicobar Islands,632,North And Middle Andaman,5920,Mayabunder,645322,1,Karmatang X (Efa) Incl.Bihari Plot (Efa),,Rural,Un-Inhabitant,9000,645322
321,35,Andaman And Nicobar Islands,632,North And Middle Andaman,5920,Mayabunder,645325,1,Buddha Nallaha (Efa),,Rural,Un-Inhabitant,9800,645325
322,35,Andaman And Nicobar Islands,632,North And Middle Andaman,5920,Mayabunder,645326,1,Chuglum Gum (Efa),,Rural,Un-Inhabitant,10000,645326
323,35,Andaman And Nicobar Islands,632,North And Middle Andaman,5920,Mayabunder,645331,1,Khukari Tabla (Efa),,Rural,Un-Inhabitant,10500,645331
324,35,Andaman And Nicobar Islands,632,North And Middle Andaman,5920,Mayabunder,645332,1,Ganesh Nagar I & II (Efa),,Rural,Un-Inhabitant,10600,645332
325,35,Andaman And Nicobar Islands,632,North And Middle Andaman,5920,Mayabunder,645333,1,Ganeshpur (Efa),,Rural,Un-Inhabitant,10800,645333
326,35,Andaman And Nicobar Islands,632,North And Middle Andaman,5920,Mayabunder,645335,1,Shippi Tikry (Efa),,Rural,Un-Inhabitant,11000,645335
327,35,Andaman And Nicobar Islands,632,North And Middle Andaman,5920,Mayabunder,645336,1,Chainpur (Efa),,Rural,Un-Inhabitant,11200,645336
328,35,Andaman And Nicobar Islands,632,North And Middle Andaman,5920,Mayabunder,645337,1,Bajato (Efa & 40 Acre Plot),,Rural,Un-Inhabitant,11400,645337
329,35,Andaman And Nicobar Islands,632,North And Middle Andaman,5920,Mayabunder,645338,1,Asha Nagar (Efa),,Rural,Un-Inhabitant,11500,645338
330,35,Andaman And Nicobar Islands,632,North And Middle Andaman,5920,Mayabunder,645340,1,Kanchi Nallaha (Efa) & Bamboo Nallaha (Efa),,Rural,Un-Inhabitant,11700,645340
331,35,Andaman And Nicobar Islands,632,North And Middle Andaman,5920,Mayabunder,645342,1,Lauki Nallaha (Efa),,Rural,Un-Inhabitant,12700,645342
332,35,Andaman And Nicobar Islands,632,North And Middle Andaman,5921,Rangat,645344,1,Ramachandra Nagar (Rv),,Rural,Inhabitant,13300,645344
333,35,Andaman And Nicobar Islands,632,North And Middle Andaman,5921,Rangat,645343,1,Dharmapur (Rv),,Rural,Inhabitant,13200,645343
334,35,Andaman And Nicobar Islands,632,North And Middle Andaman,5921,Rangat,645345,1,Thiruvanchikulam (Rv),,Rural,Inhabitant,13500,645345
335,35,Andaman And Nicobar Islands,632,North And Middle Andaman,5921,Rangat,645346,1,Shivapuram (Rv),,Rural,Inhabitant,13900,645346
336,35,Andaman And Nicobar Islands,632,North And Middle Andaman,5921,Rangat,645348,1,Panchawati (Rv),,Rural,Inhabitant,14100,645348
337,35,Andaman And Nicobar Islands,632,North And Middle Andaman,5921,Rangat,645352,1,Desharatpur (Rv),,Rural,Inhabitant,14600,645352
338,35,Andaman And Nicobar Islands,632,North And Middle Andaman,5921,Rangat,645353,1,Sitapur (Rv),,Rural,Inhabitant,14700,645353
339,35,Andaman And Nicobar Islands,632,North And Middle Andaman,5921,Rangat,645355,1,Rangat (Rv),,Rural,Inhabitant,14900,645355
340,35,Andaman And Nicobar Islands,632,North And Middle Andaman,5921,Rangat,645357,1,Parnasala (Rv),,Rural,Inhabitant,15100,645357
341,35,Andaman And Nicobar Islands,632,North And Middle Andaman,5921,Rangat,645359,1,Bharatpur (Rv),,Rural,Inhabitant,15600,645359
342,35,Andaman And Nicobar Islands,632,North And Middle Andaman,5921,Rangat,645361,1,Vishnupur (Rv),,Rural,Inhabitant,15800,645361
343,35,Andaman And Nicobar Islands,632,North And Middle Andaman,5921,Rangat,645362,1,Laxmanpur (Rv),,Rural,Inhabitant,16000,645362
344,35,Andaman And Nicobar Islands,632,North And Middle Andaman,5921,Rangat,645363,1,Urmilapur (Rv),,Rural,Inhabitant,16100,645363
345,35,Andaman And Nicobar Islands,632,North And Middle Andaman,5921,Rangat,645366,1,Saktigarh (Rv),,Rural,Inhabitant,17100,645366
346,35,Andaman And Nicobar Islands,632,North And Middle Andaman,5921,Rangat,645370,1,Santanu (Rv),,Rural,Inhabitant,18700,645370
347,35,Andaman And Nicobar Islands,632,North And Middle Andaman,5921,Rangat,645371,1,Uttara (Rv),,Rural,Inhabitant,18800,645371
348,35,Andaman And Nicobar Islands,632,North And Middle Andaman,5921,Rangat,645372,1,Long Island (Rv),,Rural,Inhabitant,19700,645372
349,35,Andaman And Nicobar Islands,632,North And Middle Andaman,5921,Rangat,645374,1,Adojig (Rv) (Including Efa),,Rural,Inhabitant,20700,645374
350,35,Andaman And Nicobar Islands,632,North And Middle Andaman,5921,Rangat,645377,1,Sundergarh (Rv) (Including Efa),,Rural,Inhabitant,21300,645377
351,35,Andaman And Nicobar Islands,632,North And Middle Andaman,5921,Rangat,645380,1,Abaygarh (Rv),,Rural,Inhabitant,21700,645380
352,35,Andaman And Nicobar Islands,632,North And Middle Andaman,5921,Rangat,645383,1,Rajatgarh (Rv),,Rural,Inhabitant,22100,645383
353,35,Andaman And Nicobar Islands,632,North And Middle Andaman,5921,Rangat,645385,1,Khatta Khari (Rv),,Rural,Inhabitant,22500,645385
354,35,Andaman And Nicobar Islands,632,North And Middle Andaman,5921,Rangat,645373,1,Strait Island (As),,Rural,Un-Inhabitant,20000,645373
355,35,Andaman And Nicobar Islands,632,North And Middle Andaman,5921,Rangat,645367,1,Bangaon (Rv),,Rural,Inhabitant,17700,645367
356,35,Andaman And Nicobar Islands,632,North And Middle Andaman,5921,Rangat,645381,1,Raglachang (Rv),,Rural,Inhabitant,21900,645381
357,35,Andaman And Nicobar Islands,632,North And Middle Andaman,5921,Rangat,645386,1,Cutbert Bay (Efa),,Rural,Un-Inhabitant,13100,645386
358,35,Andaman And Nicobar Islands,632,North And Middle Andaman,5921,Rangat,645391,1,Panchawati (Efa),,Rural,Un-Inhabitant,14200,645391
359,35,Andaman And Nicobar Islands,632,North And Middle Andaman,5921,Rangat,645396,1,Sagwan Nallaha (Fc),,Rural,Un-Inhabitant,16400,645396
360,35,Andaman And Nicobar Islands,632,North And Middle Andaman,5921,Rangat,645397,1,Kalsi No. 6 (Jppc),,Rural,Un-Inhabitant,16500,645397
361,35,Andaman And Nicobar Islands,632,North And Middle Andaman,5921,Rangat,645398,1,Kalsi No. 4 (Jppc),,Rural,Un-Inhabitant,16600,645398
362,35,Andaman And Nicobar Islands,632,North And Middle Andaman,5921,Rangat,645399,1,Kalsi No. 3 (Jppc),,Rural,Un-Inhabitant,16700,645399
363,35,Andaman And Nicobar Islands,632,North And Middle Andaman,5921,Rangat,645402,1,Boroinyol II (Fc),,Rural,Un-Inhabitant,17200,645402
364,35,Andaman And Nicobar Islands,632,North And Middle Andaman,5921,Rangat,645404,1,Dhani Nallaha (Ja),,Rural,Un-Inhabitant,17400,645404
365,35,Andaman And Nicobar Islands,632,North And Middle Andaman,5921,Rangat,645412,1,Jermyvalley(Fs),,Rural,Un-Inhabitant,18400,645412
366,35,Andaman And Nicobar Islands,632,North And Middle Andaman,5921,Rangat,645413,1,"Porlobjig No. 3 (Jppc, Apwdc & Anifpdc)",,Rural,Un-Inhabitant,18500,645413
367,35,Andaman And Nicobar Islands,632,North And Middle Andaman,5921,Rangat,645415,1,Yeratiljig No. 10 (Jppc),,Rural,Un-Inhabitant,19000,645415
368,35,Andaman And Nicobar Islands,632,North And Middle Andaman,5921,Rangat,645419,1,Chotaligbang (Ja),,Rural,Un-Inhabitant,19400,645419
369,35,Andaman And Nicobar Islands,632,North And Middle Andaman,5921,Rangat,645420,1,Porlob Depot. (Fc),,Rural,Un-Inhabitant,19500,645420
370,35,Andaman And Nicobar Islands,632,North And Middle Andaman,5921,Rangat,645422,1,Merk Bay (Ac),,Rural,Un-Inhabitant,19800,645422
371,35,Andaman And Nicobar Islands,632,North And Middle Andaman,5921,Rangat,645424,1,Pawajig (Fc),,Rural,Un-Inhabitant,20100,645424
372,35,Andaman And Nicobar Islands,632,North And Middle Andaman,5921,Rangat,645425,1,Pawajig & Nayadera (Fc),,Rural,Un-Inhabitant,20200,645425
373,35,Andaman And Nicobar Islands,632,North And Middle Andaman,5921,Rangat,645428,1,Papita Dera (Fc),,Rural,Un-Inhabitant,20500,645428
374,35,Andaman And Nicobar Islands,632,North And Middle Andaman,5921,Rangat,645429,1,Sanker Nallaha (Pwdc),,Rural,Un-Inhabitant,20600,645429
375,35,Andaman And Nicobar Islands,632,North And Middle Andaman,5921,Rangat,645431,1,Nilambur (Efa),,Rural,Un-Inhabitant,21100,645431
376,35,Andaman And Nicobar Islands,632,North And Middle Andaman,5921,Rangat,645433,1,Middle Strait (Jppc),,Rural,Un-Inhabitant,21600,645433
377,35,Andaman And Nicobar Islands,632,North And Middle Andaman,5921,Rangat,645434,1,Raglachang (Nayadera) (Fc),,Rural,Un-Inhabitant,21800,645434
378,35,Andaman And Nicobar Islands,632,North And Middle Andaman,5921,Rangat,645435,1,Rajatgarh (Efa),,Rural,Un-Inhabitant,22200,645435
379,35,Andaman And Nicobar Islands,632,North And Middle Andaman,5921,Rangat,645437,1,Khatta Khari (Efa),,Rural,Un-Inhabitant,22600,645437
380,35,Andaman And Nicobar Islands,632,North And Middle Andaman,5921,Rangat,645347,1,Padmanabhapuram (Rv),,Rural,Inhabitant,14000,645347
381,35,Andaman And Nicobar Islands,632,North And Middle Andaman,5921,Rangat,645349,1,Amkunj (Rv),,Rural,Inhabitant,14300,645349
382,35,Andaman And Nicobar Islands,632,North And Middle Andaman,5921,Rangat,645350,1,Nimbutala (Rv),,Rural,Inhabitant,14400,645350
383,35,Andaman And Nicobar Islands,632,North And Middle Andaman,5921,Rangat,645351,1,Janakpur (Rv),,Rural,Inhabitant,14500,645351
384,35,Andaman And Nicobar Islands,632,North And Middle Andaman,5921,Rangat,645354,1,Mithila (Rv),,Rural,Inhabitant,14800,645354
385,35,Andaman And Nicobar Islands,632,North And Middle Andaman,5921,Rangat,645356,1,Rampur (Rv),,Rural,Inhabitant,15000,645356
386,35,Andaman And Nicobar Islands,632,North And Middle Andaman,5921,Rangat,645358,1,Sabari (Rv),,Rural,Inhabitant,15300,645358
387,35,Andaman And Nicobar Islands,632,North And Middle Andaman,5921,Rangat,645360,1,Shyamkund (Rv),,Rural,Inhabitant,15700,645360
388,35,Andaman And Nicobar Islands,632,North And Middle Andaman,5921,Rangat,645364,1,Kalsi (Rv),,Rural,Inhabitant,16200,645364
389,35,Andaman And Nicobar Islands,632,North And Middle Andaman,5921,Rangat,645365,1,Kaushalyanagar (Rv),,Rural,Inhabitant,16800,645365
390,35,Andaman And Nicobar Islands,632,North And Middle Andaman,5921,Rangat,645368,1,Yeratiljig (Rv),,Rural,Inhabitant,18000,645368
391,35,Andaman And Nicobar Islands,632,North And Middle Andaman,5921,Rangat,645369,1,Kadamtala (Rv),,Rural,Inhabitant,18600,645369
392,35,Andaman And Nicobar Islands,632,North And Middle Andaman,5921,Rangat,645375,1,Bejoygarh (Rv),,Rural,Inhabitant,20800,645375
393,35,Andaman And Nicobar Islands,632,North And Middle Andaman,5921,Rangat,645376,1,Udhaygarh (Rv),,Rural,Inhabitant,20900,645376
394,35,Andaman And Nicobar Islands,632,North And Middle Andaman,5921,Rangat,645378,1,Kanchangarh (Rv),,Rural,Inhabitant,21400,645378
395,35,Andaman And Nicobar Islands,632,North And Middle Andaman,5921,Rangat,645379,1,Nilambur (Rv),,Rural,Inhabitant,21500,645379
396,35,Andaman And Nicobar Islands,632,North And Middle Andaman,5921,Rangat,645382,1,Nayagarh (Rv),,Rural,Inhabitant,22000,645382
397,35,Andaman And Nicobar Islands,632,North And Middle Andaman,5921,Rangat,645384,1,Wrafter'S Creek (Rv),,Rural,Inhabitant,22300,645384
398,35,Andaman And Nicobar Islands,632,North And Middle Andaman,5921,Rangat,645392,1,Parnasala II (Fc),,Rural,Un-Inhabitant,15200,645392
399,35,Andaman And Nicobar Islands,632,North And Middle Andaman,5921,Rangat,645387,1,Thoraktang (Fc),,Rural,Un-Inhabitant,13400,645387
400,35,Andaman And Nicobar Islands,632,North And Middle Andaman,5921,Rangat,645388,1,Dhani Nallaha (Efa),,Rural,Un-Inhabitant,13600,645388
401,35,Andaman And Nicobar Islands,632,North And Middle Andaman,5921,Rangat,645389,1,Sippi Tikry (Efa),,Rural,Un-Inhabitant,13700,645389
402,35,Andaman And Nicobar Islands,632,North And Middle Andaman,5921,Rangat,645390,1,Sukha Nallaha (Efa),,Rural,Un-Inhabitant,13800,645390
403,35,Andaman And Nicobar Islands,632,North And Middle Andaman,5921,Rangat,645393,1,Japan Tikri (Efa),,Rural,Un-Inhabitant,15400,645393
404,35,Andaman And Nicobar Islands,632,North And Middle Andaman,5921,Rangat,645394,1,Gol Pahar (Efa),,Rural,Un-Inhabitant,15500,645394
405,35,Andaman And Nicobar Islands,632,North And Middle Andaman,5921,Rangat,645395,1,Kalsi (Jppc),,Rural,Un-Inhabitant,16300,645395
406,35,Andaman And Nicobar Islands,632,North And Middle Andaman,5921,Rangat,645400,1,Charlungta (Fc),,Rural,Un-Inhabitant,16900,645400
407,35,Andaman And Nicobar Islands,632,North And Middle Andaman,5921,Rangat,645401,1,Charlungta II (Fc),,Rural,Un-Inhabitant,17000,645401
408,35,Andaman And Nicobar Islands,632,North And Middle Andaman,5921,Rangat,645403,1,"Porlobjig No. 15 (Fc, Apwdc & Jppc)",,Rural,Un-Inhabitant,17300,645403
409,35,Andaman And Nicobar Islands,632,North And Middle Andaman,5921,Rangat,645405,1,Porlobjig No.10 (Fc & Jppc),,Rural,Un-Inhabitant,17500,645405
410,35,Andaman And Nicobar Islands,632,North And Middle Andaman,5921,Rangat,645406,1,Porlobjig No.9 (Jppc),,Rural,Un-Inhabitant,17600,645406
411,35,Andaman And Nicobar Islands,632,North And Middle Andaman,5921,Rangat,645407,1,Yeratiljig No. 9 (Jppc),,Rural,Un-Inhabitant,17800,645407
412,35,Andaman And Nicobar Islands,632,North And Middle Andaman,5921,Rangat,645408,1,Yeratiljig No. 11 (Jppc),,Rural,Un-Inhabitant,17900,645408
413,35,Andaman And Nicobar Islands,632,North And Middle Andaman,5921,Rangat,645409,1,Macarthy Valley (Efa),,Rural,Un-Inhabitant,18100,645409
414,35,Andaman And Nicobar Islands,632,North And Middle Andaman,5921,Rangat,645410,1,Boreham Valley (Fs),,Rural,Un-Inhabitant,18200,645410
415,35,Andaman And Nicobar Islands,632,North And Middle Andaman,5921,Rangat,645411,1,Foster Valley (Efa),,Rural,Un-Inhabitant,18300,645411
416,35,Andaman And Nicobar Islands,632,North And Middle Andaman,5921,Rangat,645416,1,Foul Bay (Ja),,Rural,Un-Inhabitant,19100,645416
417,35,Andaman And Nicobar Islands,632,North And Middle Andaman,5921,Rangat,645417,1,Lakra Lungta (Ja),,Rural,Un-Inhabitant,19200,645417
418,35,Andaman And Nicobar Islands,632,North And Middle Andaman,5921,Rangat,645418,1,Between Chotaligbang And Foul Bay (Ja),,Rural,Un-Inhabitant,19300,645418
419,35,Andaman And Nicobar Islands,632,North And Middle Andaman,5921,Rangat,645421,1,Lalajig Bay (Ac),,Rural,Un-Inhabitant,19600,645421
420,35,Andaman And Nicobar Islands,632,North And Middle Andaman,5921,Rangat,645423,1,Elephenstone Harbour (Fc),,Rural,Un-Inhabitant,19900,645423
421,35,Andaman And Nicobar Islands,632,North And Middle Andaman,5921,Rangat,645426,1,Lorrojig (Fc) & Vishnu Nallaha (Apwdc),,Rural,Un-Inhabitant,20300,645426
422,35,Andaman And Nicobar Islands,632,North And Middle Andaman,5921,Rangat,645427,1,Sastri Nallah (Fc),,Rural,Un-Inhabitant,20400,645427
423,35,Andaman And Nicobar Islands,632,North And Middle Andaman,5921,Rangat,645430,1,Bolcha (Efa),,Rural,Un-Inhabitant,21000,645430
424,35,Andaman And Nicobar Islands,632,North And Middle Andaman,5921,Rangat,645432,1,"South Creek (Efa, Fc & Apwdc)",,Rural,Un-Inhabitant,21200,645432
425,35,Andaman And Nicobar Islands,632,North And Middle Andaman,5921,Rangat,645436,1,Wrafter'S Creek (Efa),,Rural,Un-Inhabitant,22400,645436
426,35,Andaman And Nicobar Islands,632,North And Middle Andaman,5921,Rangat,645438,1,Spike Island (Ja),,Rural,Un-Inhabitant,22700,645438
427,35,Andaman And Nicobar Islands,632,North And Middle Andaman,5921,Rangat,645439,2,Bakultala Rv,,Rural,Inhabitant,15900,645439
428,35,Andaman And Nicobar Islands,632,North And Middle Andaman,5921,Rangat,645414,3,Bamboo Tikry (Jppc),,Rural,Un-Inhabitant,18900,645414
429,35,Andaman And Nicobar Islands,602,South Andamans,5922,Ferrargunj,645447,1,Mile Tilek (Rv) & Mile Tilek (Efa),,Rural,Inhabitant,24600,645447
430,35,Andaman And Nicobar Islands,602,South Andamans,5922,Ferrargunj,645442,1,Kalatang (Rv),,Rural,Inhabitant,24000,645442
431,35,Andaman And Nicobar Islands,602,South Andamans,5922,Ferrargunj,645448,1,Alipur (Rv),,Rural,Inhabitant,25000,645448
432,35,Andaman And Nicobar Islands,602,South Andamans,5922,Ferrargunj,645477,1,Balughat (Rv),,Rural,Un-Inhabitant,28400,645477
433,35,Andaman And Nicobar Islands,602,South Andamans,5922,Ferrargunj,645444,1,Madhuban (Rv),,Rural,Un-Inhabitant,24200,645444
434,35,Andaman And Nicobar Islands,602,South Andamans,5922,Ferrargunj,645472,1,Mohwa Dera (Rv),,Rural,Un-Inhabitant,27800,645472
435,35,Andaman And Nicobar Islands,602,South Andamans,5922,Ferrargunj,645445,1,Malapuram (Rv),,Rural,Inhabitant,24300,645445
436,35,Andaman And Nicobar Islands,602,South Andamans,5922,Ferrargunj,645451,1,Stewartgunj (Rv),,Rural,Inhabitant,25300,645451
437,35,Andaman And Nicobar Islands,602,South Andamans,5922,Ferrargunj,645452,1,Govindapuram (Rv),,Rural,Inhabitant,25400,645452
438,35,Andaman And Nicobar Islands,602,South Andamans,5922,Ferrargunj,645453,1,Knapuram (Rv),,Rural,Inhabitant,25500,645453
439,35,Andaman And Nicobar Islands,602,South Andamans,5922,Ferrargunj,645455,1,Temple Myo (Rv),,Rural,Inhabitant,25700,645455
440,35,Andaman And Nicobar Islands,602,South Andamans,5922,Ferrargunj,645456,1,Tirur (Rv),,Rural,Inhabitant,25800,645456
441,35,Andaman And Nicobar Islands,602,South Andamans,5922,Ferrargunj,645457,1,Herbertabad (Rv),,Rural,Inhabitant,26300,645457
442,35,Andaman And Nicobar Islands,602,South Andamans,5922,Ferrargunj,645458,1,Ferrargunj (Rv),,Rural,Inhabitant,26400,645458
443,35,Andaman And Nicobar Islands,602,South Andamans,5922,Ferrargunj,645459,1,Bindraban (Rv),,Rural,Inhabitant,26500,645459
444,35,Andaman And Nicobar Islands,602,South Andamans,5922,Ferrargunj,645461,1,Hope Town (Rv),,Rural,Inhabitant,26700,645461
445,35,Andaman And Nicobar Islands,602,South Andamans,5922,Ferrargunj,645462,1,North Bay (Rv),,Rural,Inhabitant,26800,645462
446,35,Andaman And Nicobar Islands,602,South Andamans,5922,Ferrargunj,645463,1,Shore Point (Rv),,Rural,Inhabitant,26900,645463
447,35,Andaman And Nicobar Islands,602,South Andamans,5922,Ferrargunj,645466,1,Namunaghar (Rv),,Rural,Inhabitant,27200,645466
448,35,Andaman And Nicobar Islands,602,South Andamans,5922,Ferrargunj,645467,1,Dundas Point (Rv),,Rural,Inhabitant,27300,645467
449,35,Andaman And Nicobar Islands,602,South Andamans,5922,Ferrargunj,645468,1,Mithakhari (Rv),,Rural,Inhabitant,27400,645468
450,35,Andaman And Nicobar Islands,602,South Andamans,5922,Ferrargunj,645471,1,Manpur (Rv),,Rural,Inhabitant,27700,645471
451,35,Andaman And Nicobar Islands,602,South Andamans,5922,Ferrargunj,645473,1,Hobdipur (Rv),,Rural,Inhabitant,27900,645473
452,35,Andaman And Nicobar Islands,602,South Andamans,5922,Ferrargunj,645476,1,Port Mouat (Rv),,Rural,Inhabitant,28200,645476
453,35,Andaman And Nicobar Islands,602,South Andamans,5922,Ferrargunj,645478,1,Badmash Pahar (Rv),,Rural,Inhabitant,28500,645478
454,35,Andaman And Nicobar Islands,602,South Andamans,5922,Ferrargunj,645479,1,Craikabad (Rv),,Rural,Inhabitant,28600,645479
455,35,Andaman And Nicobar Islands,602,South Andamans,5922,Ferrargunj,645480,1,Chouldari (Rv),,Rural,Inhabitant,28700,645480
456,35,Andaman And Nicobar Islands,602,South Andamans,5922,Ferrargunj,645481,1,Dhanikhari (Rv),,Rural,Inhabitant,28800,645481
457,35,Andaman And Nicobar Islands,602,South Andamans,5922,Ferrargunj,645483,1,Maymyo (Rv),,Rural,Inhabitant,29000,645483
458,35,Andaman And Nicobar Islands,602,South Andamans,5922,Ferrargunj,645485,1,Hashmatabad (Rv),,Rural,Inhabitant,29300,645485
459,35,Andaman And Nicobar Islands,602,South Andamans,5922,Ferrargunj,645490,1,Viper Island (Rv),,Rural,Un-Inhabitant,30200,645490
460,35,Andaman And Nicobar Islands,602,South Andamans,5922,Ferrargunj,645492,1,Middle Strait (Jppc),,Rural,Un-Inhabitant,22800,645492
461,35,Andaman And Nicobar Islands,602,South Andamans,5922,Ferrargunj,645493,1,Potatang (Fc),,Rural,Un-Inhabitant,22900,645493
462,35,Andaman And Nicobar Islands,602,South Andamans,5922,Ferrargunj,645494,1,Between Middle Strait (Jppc) & Jirkatang (Ja),,Rural,Un-Inhabitant,23000,645494
463,35,Andaman And Nicobar Islands,602,South Andamans,5922,Ferrargunj,645495,1,Shoal Bay 17 (Fc),,Rural,Un-Inhabitant,23100,645495
464,35,Andaman And Nicobar Islands,602,South Andamans,5922,Ferrargunj,645496,1,Shoal Bay 19 (Fc),,Rural,Un-Inhabitant,23200,645496
465,35,Andaman And Nicobar Islands,602,South Andamans,5922,Ferrargunj,645499,1,Jirkatang No.2 (Efa),,Rural,Un-Inhabitant,23600,645499
466,35,Andaman And Nicobar Islands,602,South Andamans,5922,Ferrargunj,645500,1,Coffee Plot,,Rural,Un-Inhabitant,23800,645500
467,35,Andaman And Nicobar Islands,602,South Andamans,5922,Ferrargunj,645502,1,Mile Tilek (Arf),,Rural,Un-Inhabitant,24500,645502
468,35,Andaman And Nicobar Islands,602,South Andamans,5922,Ferrargunj,645505,1,Beach Dera (Efa),,Rural,Un-Inhabitant,24900,645505
469,35,Andaman And Nicobar Islands,602,South Andamans,5922,Ferrargunj,645506,1,Tirur I (Jppc),,Rural,Un-Inhabitant,25900,645506
470,35,Andaman And Nicobar Islands,602,South Andamans,5922,Ferrargunj,645508,1,Tirur IV (Jppc),,Rural,Un-Inhabitant,26100,645508
471,35,Andaman And Nicobar Islands,602,South Andamans,5922,Ferrargunj,645511,1,Maymyo (Efa),,Rural,Un-Inhabitant,29100,645511
472,35,Andaman And Nicobar Islands,602,South Andamans,5922,Ferrargunj,645512,1,Hashmatabad (Efa),,Rural,Un-Inhabitant,29400,645512
473,35,Andaman And Nicobar Islands,602,South Andamans,5922,Ferrargunj,645514,1,Nayashahar (Efa),,Rural,Un-Inhabitant,29800,645514
474,35,Andaman And Nicobar Islands,602,South Andamans,5922,Ferrargunj,645515,1,Pongi Balu (Fc) & Bada Balu (Efa),,Rural,Un-Inhabitant,30100,645515
475,35,Andaman And Nicobar Islands,602,South Andamans,5922,Ferrargunj,645440,1,Shoal Bay (Rv),,Rural,Inhabitant,23300,645440
476,35,Andaman And Nicobar Islands,602,South Andamans,5922,Ferrargunj,645441,1,Jirkatang No. 2 (Rv),,Rural,Inhabitant,23700,645441
477,35,Andaman And Nicobar Islands,602,South Andamans,5922,Ferrargunj,645443,1,Wright Myo (Rv),,Rural,Inhabitant,24100,645443
478,35,Andaman And Nicobar Islands,602,South Andamans,5922,Ferrargunj,645446,1,Mannarghat (Rv),,Rural,Inhabitant,24400,645446
479,35,Andaman And Nicobar Islands,602,South Andamans,5922,Ferrargunj,645454,1,Mathura (Rv),,Rural,Inhabitant,25600,645454
480,35,Andaman And Nicobar Islands,602,South Andamans,5922,Ferrargunj,645460,1,Kadakachang (Rv),,Rural,Inhabitant,26600,645460
481,35,Andaman And Nicobar Islands,602,South Andamans,5922,Ferrargunj,645464,1,Aniket (Rv),,Rural,Inhabitant,27000,645464
482,35,Andaman And Nicobar Islands,602,South Andamans,5922,Ferrargunj,645469,1,Tusnabad (Rv),,Rural,Inhabitant,27500,645469
483,35,Andaman And Nicobar Islands,602,South Andamans,5922,Ferrargunj,645470,1,Colinpur (Rv),,Rural,Inhabitant,27600,645470
484,35,Andaman And Nicobar Islands,602,South Andamans,5922,Ferrargunj,645474,1,Ograbraij (Rv),,Rural,Inhabitant,28000,645474
485,35,Andaman And Nicobar Islands,602,South Andamans,5922,Ferrargunj,645475,1,Muslim Basti (Rv),,Rural,Inhabitant,28100,645475
486,35,Andaman And Nicobar Islands,602,South Andamans,5922,Ferrargunj,645482,1,Homfreygunj (Rv),,Rural,Inhabitant,28900,645482
487,35,Andaman And Nicobar Islands,602,South Andamans,5922,Ferrargunj,645484,1,Wandur (Rv),,Rural,Inhabitant,29200,645484
488,35,Andaman And Nicobar Islands,602,South Andamans,5922,Ferrargunj,645486,1,Manglutan (Rv),,Rural,Inhabitant,29500,645486
489,35,Andaman And Nicobar Islands,602,South Andamans,5922,Ferrargunj,645487,1,Nayashahar (Rv),,Rural,Inhabitant,29700,645487
490,35,Andaman And Nicobar Islands,602,South Andamans,5922,Ferrargunj,645488,1,Guptapara (Rv),,Rural,Inhabitant,29900,645488
491,35,Andaman And Nicobar Islands,602,South Andamans,5922,Ferrargunj,645489,1,Manjeri (Rv) & Line Dera (Fc),,Rural,Inhabitant,30000,645489
492,35,Andaman And Nicobar Islands,602,South Andamans,5922,Ferrargunj,645491,1,Flat Bay (Rv),,Rural,Un-Inhabitant,30300,645491
493,35,Andaman And Nicobar Islands,602,South Andamans,5922,Ferrargunj,645450,1,Mount Harriet (Rv),,Rural,Un-Inhabitant,25200,645450
494,35,Andaman And Nicobar Islands,602,South Andamans,5922,Ferrargunj,645465,1,Caddlegunj (Rv) (Incl. Sona Pahar & Hazari Bagh (Jppc),,Rural,Inhabitant,27100,645465
495,35,Andaman And Nicobar Islands,602,South Andamans,5922,Ferrargunj,645497,1,Mrichi Dera (Efa),,Rural,Un-Inhabitant,23400,645497
496,35,Andaman And Nicobar Islands,602,South Andamans,5922,Ferrargunj,645498,1,Jirkatang Camp No. 7 (Fc),,Rural,Un-Inhabitant,23500,645498
497,35,Andaman And Nicobar Islands,602,South Andamans,5922,Ferrargunj,645501,1,Mile Tilek (Jppc),,Rural,Un-Inhabitant,23900,645501
498,35,Andaman And Nicobar Islands,602,South Andamans,5922,Ferrargunj,645503,1,Tirur (Jppc),,Rural,Un-Inhabitant,24700,645503
499,35,Andaman And Nicobar Islands,602,South Andamans,5922,Ferrargunj,645504,1,Jhinga Nallaha (Jppc & Apwdc),,Rural,Un-Inhabitant,24800,645504
500,35,Andaman And Nicobar Islands,602,South Andamans,5922,Ferrargunj,645507,1,Anjali Nallaha (Jppc),,Rural,Un-Inhabitant,26000,645507
501,35,Andaman And Nicobar Islands,602,South Andamans,5922,Ferrargunj,645509,1,Tirur (Ja),,Rural,Un-Inhabitant,26200,645509
502,35,Andaman And Nicobar Islands,602,South Andamans,5922,Ferrargunj,645513,1,Manglutan (Efa),,Rural,Un-Inhabitant,29600,645513
503,35,Andaman And Nicobar Islands,602,South Andamans,5922,Ferrargunj,645449,2,Wimberlygunj (Rv),,Rural,Inhabitant,25100,645449
504,35,Andaman And Nicobar Islands,602,South Andamans,5922,Ferrargunj,645510,2,Chouldari(Lohabarrack),,Rural,Inhabitant,28300,645510
505,35,Andaman And Nicobar Islands,602,South Andamans,5922,Ferrargunj,645516,3,Bambooflat,बम्बूफ्लैट,Rural,Inhabitant,40101000,645516
506,35,Andaman And Nicobar Islands,602,South Andamans,5924,Little Andaman,645555,1,Ramakrishnapur (Rv),,Rural,Inhabitant,34200,645555
507,35,Andaman And Nicobar Islands,602,South Andamans,5924,Little Andaman,645556,1,Netaji Nagar (Rv),,Rural,Inhabitant,34900,645556
508,35,Andaman And Nicobar Islands,602,South Andamans,5924,Little Andaman,645558,1,Hut Bay (Rv),,Rural,Inhabitant,35300,645558
509,35,Andaman And Nicobar Islands,602,South Andamans,5924,Little Andaman,645559,1,Harmender Bay (Ns),,Rural,Un-Inhabitant,35400,645559
510,35,Andaman And Nicobar Islands,602,South Andamans,5924,Little Andaman,645560,1,South Bay (Light House Camp),,Rural,Un-Inhabitant,35500,645560
511,35,Andaman And Nicobar Islands,602,South Andamans,5924,Little Andaman,645561,1,South Bay (Os),,Rural,Un-Inhabitant,35600,645561
512,35,Andaman And Nicobar Islands,602,South Andamans,5924,Little Andaman,645568,1,Red Oil Palm (Nursery Camp),,Rural,Un-Inhabitant,34800,645568
513,35,Andaman And Nicobar Islands,602,South Andamans,5924,Little Andaman,645563,1,Forest Camp At 14 Km. 5-Iii (Fdca),,Rural,Un-Inhabitant,34300,645563
514,35,Andaman And Nicobar Islands,602,South Andamans,5924,Little Andaman,645567,1,Butler Bay Forest Camp 4-Iv (Fdca),,Rural,Un-Inhabitant,34700,645567
515,35,Andaman And Nicobar Islands,602,South Andamans,5924,Little Andaman,645553,1,Vivekanandapuram (Rv),,Rural,Inhabitant,33900,645553
516,35,Andaman And Nicobar Islands,602,South Andamans,5924,Little Andaman,645554,1,Rabindra Nagar (Rv),,Rural,Inhabitant,34000,645554
517,35,Andaman And Nicobar Islands,602,South Andamans,5924,Little Andaman,645552,1,Dugong Creek (Os),,Rural,Un-Inhabitant,33800,645552
518,35,Andaman And Nicobar Islands,602,South Andamans,5924,Little Andaman,645557,1,M/S Asia & Company (Asia Timber Product),,Rural,Un-Inhabitant,35200,645557
519,35,Andaman And Nicobar Islands,602,South Andamans,5924,Little Andaman,645562,1,Forest Camp At 19 Km. (Fdca),,Rural,Un-Inhabitant,34100,645562
520,35,Andaman And Nicobar Islands,602,South Andamans,5924,Little Andaman,645564,1,Forest Camp At 14 Km. 5-Ii (Fdca),,Rural,Un-Inhabitant,34400,645564
521,35,Andaman And Nicobar Islands,602,South Andamans,5924,Little Andaman,645565,1,Forest Camp At 14 Km 5 - I (Fdca),,Rural,Un-Inhabitant,34500,645565
522,35,Andaman And Nicobar Islands,602,South Andamans,5924,Little Andaman,645566,1,Butler Bay Forest Camp 4-Iii (Fdca),,Rural,Un-Inhabitant,34600,645566
523,35,Andaman And Nicobar Islands,602,South Andamans,5924,Little Andaman,645569,1,Butler Bay Forest Camp 4-Ii (Fdca),,Rural,Un-Inhabitant,35000,645569
524,35,Andaman And Nicobar Islands,602,South Andamans,5924,Little Andaman,645570,1,Butler Bay Forest Camp 4-I (Fdca),,Rural,Un-Inhabitant,35100,645570
525,35,Andaman And Nicobar Islands,602,South Andamans,5923,Port Blair,645518,1,Bejoy Nagar (Rv),,Rural,Inhabitant,30600,645518
526,35,Andaman And Nicobar Islands,602,South Andamans,5923,Port Blair,645520,1,Krishna Nagar (Rv),,Rural,Inhabitant,30800,645520
527,35,Andaman And Nicobar Islands,602,South Andamans,5923,Port Blair,645522,1,Sitapur (Rv),,Rural,Inhabitant,31000,645522
528,35,Andaman And Nicobar Islands,602,South Andamans,5923,Port Blair,645523,1,Bharatpur (Rv),,Rural,Inhabitant,31100,645523
529,35,Andaman And Nicobar Islands,602,South Andamans,5923,Port Blair,645524,1,Neil Kendra (Rv),,Rural,Inhabitant,31200,645524
530,35,Andaman And Nicobar Islands,602,South Andamans,5923,Port Blair,645525,1,Lakshmanpur (Rv),,Rural,Inhabitant,31300,645525
531,35,Andaman And Nicobar Islands,602,South Andamans,5923,Port Blair,645534,1,Sippighat (Rv),,Rural,Inhabitant,32300,645534
532,35,Andaman And Nicobar Islands,602,South Andamans,5923,Port Blair,645535,1,Bimilitan (Rv) & Kodiyaghat,,Rural,Inhabitant,32400,645535
533,35,Andaman And Nicobar Islands,602,South Andamans,5923,Port Blair,645538,1,Rangachang (Rv),,Rural,Inhabitant,32700,645538
534,35,Andaman And Nicobar Islands,602,South Andamans,5923,Port Blair,645517,1,Govinda Nagar (Rv),,Rural,Inhabitant,30500,645517
535,35,Andaman And Nicobar Islands,602,South Andamans,5923,Port Blair,645519,1,Shyam Nagar (Rv),,Rural,Inhabitant,30700,645519
536,35,Andaman And Nicobar Islands,602,South Andamans,5923,Port Blair,645521,1,Radha Nagar (Rv),,Rural,Inhabitant,30900,645521
537,35,Andaman And Nicobar Islands,602,South Andamans,5923,Port Blair,645526,1,Ram Nagar (Rv),,Rural,Inhabitant,31400,645526
538,35,Andaman And Nicobar Islands,602,South Andamans,5923,Port Blair,645533,1,Teylorabad (Rv),,Rural,Inhabitant,32200,645533
539,35,Andaman And Nicobar Islands,602,South Andamans,5923,Port Blair,645537,1,Beadnabad (Rv),,Rural,Inhabitant,32600,645537
540,35,Andaman And Nicobar Islands,602,South Andamans,5923,Port Blair,645539,1,Chidiyatapu (Rv),,Rural,Inhabitant,32800,645539
541,35,Andaman And Nicobar Islands,602,South Andamans,5923,Port Blair,645540,1,Rutland (Rv),,Rural,Inhabitant,33400,645540
542,35,Andaman And Nicobar Islands,602,South Andamans,5923,Port Blair,645530,2,Minnie Bay Part (Rv),,Urban,Inhabitant,31800,645530
543,35,Andaman And Nicobar Islands,602,South Andamans,5923,Port Blair,645528,2,School Line Part (Rv),,Urban,Inhabitant,31600,645528
544,35,Andaman And Nicobar Islands,602,South Andamans,5923,Port Blair,645536,2,Calicut (Rv),,Rural,Inhabitant,32500,645536
545,35,Andaman And Nicobar Islands,602,South Andamans,5923,Port Blair,645551,2,Garacharma (Ct),,Urban,Inhabitant,40103000,645551
546,35,Andaman And Nicobar Islands,602,South Andamans,5923,Port Blair,645547,3,Bada Khari (Fc),,Rural,Un-Inhabitant,33500,645547
547,35,Andaman And Nicobar Islands,602,South Andamans,5923,Port Blair,645542,3,Bada Nallaha/Bada Balu (Efa),,Rural,Un-Inhabitant,32900,645542
548,35,Andaman And Nicobar Islands,602,South Andamans,5923,Port Blair,645546,3,Bamboo Nallaha(Efa) Incl. Kichad Nallaha(Efa),,Rural,Un-Inhabitant,33300,645546
549,35,Andaman And Nicobar Islands,602,South Andamans,5923,Port Blair,645543,3,Chidiyatapu (Wls),,Rural,Un-Inhabitant,33000,645543
550,35,Andaman And Nicobar Islands,602,South Andamans,5923,Port Blair,645544,3,Munda Pahar (Efa),,Rural,Un-Inhabitant,33100,645544
551,35,Andaman And Nicobar Islands,602,South Andamans,5923,Port Blair,645548,3,North Sentinel Island (Sa),,Rural,Un-Inhabitant,33600,645548
552,35,Andaman And Nicobar Islands,602,South Andamans,5923,Port Blair,645549,3,Cinque Island (Wls),,Rural,Un-Inhabitant,33700,645549
553,35,Andaman And Nicobar Islands,602,South Andamans,5923,Port Blair,645541,3,John Lawrance (Fc),,Rural,Un-Inhabitant,30400,645541
554,35,Andaman And Nicobar Islands,602,South Andamans,5923,Port Blair,645545,3,R.M.Point (Fc),,Rural,Un-Inhabitant,33200,645545
555,35,Andaman And Nicobar Islands,602,South Andamans,5923,Port Blair,645527,4,Pahargaon Part (Rv),,Urban,Inhabitant,31500,645527
556,35,Andaman And Nicobar Islands,602,South Andamans,5923,Port Blair,645531,4,Brookshabad Part (Rv),,Urban,Inhabitant,31900,645531
557,35,Andaman And Nicobar Islands,602,South Andamans,5923,Port Blair,645532,4,Brichgunj (Rv),,Urban,Inhabitant,32000,645532
558,35,Andaman And Nicobar Islands,602,South Andamans,5923,Port Blair,645529,4,Dollygunj (Rv),,Urban,Inhabitant,31700,645529
559,35,Andaman And Nicobar Islands,602,South Andamans,5923,Port Blair,645550,4,Prothrapur (Ct),,Urban,Inhabitant,32100,645550
560,28,Andhra Pradesh,745,Alluri Sitharama Raju,4845,Ananthagiri,584104,2,Karaiguda,,Rural,Inhabitant,1510500,584104
561,28,Andhra Pradesh,745,Alluri Sitharama Raju,4845,Ananthagiri,584105,2,Liddangi,,Rural,Inhabitant,1510600,584105
562,28,Andhra Pradesh,745,Alluri Sitharama Raju,4845,Ananthagiri,584106,2,Saraiguda,,Rural,Inhabitant,1510700,584106
563,28,Andhra Pradesh,745,Alluri Sitharama Raju,4845,Ananthagiri,584107,2,Bondyaguda,,Rural,Inhabitant,1510800,584107
564,28,Andhra Pradesh,745,Alluri Sitharama Raju,4845,Ananthagiri,584108,2,Kunapuram,,Rural,Inhabitant,1510900,584108
565,28,Andhra Pradesh,745,Alluri Sitharama Raju,4845,Ananthagiri,584110,2,Bonduguda,,Rural,Inhabitant,1511100,584110
566,28,Andhra Pradesh,745,Alluri Sitharama Raju,4845,Ananthagiri,584112,2,Bheesupuram,,Rural,Inhabitant,1511300,584112
567,28,Andhra Pradesh,745,Alluri Sitharama Raju,4845,Ananthagiri,584114,2,Vatalamamidi,,Rural,Inhabitant,1511500,584114
568,28,Andhra Pradesh,745,Alluri Sitharama Raju,4845,Ananthagiri,584117,2,Kontysimidi,,Rural,Inhabitant,1511800,584117
569,28,Andhra Pradesh,745,Alluri Sitharama Raju,4845,Ananthagiri,584121,2,Eguvamamidi,,Rural,Inhabitant,1512200,584121
570,28,Andhra Pradesh,745,Alluri Sitharama Raju,4845,Ananthagiri,584124,2,Kummarivalasa,,Rural,Inhabitant,1512500,584124
571,28,Andhra Pradesh,745,Alluri Sitharama Raju,4845,Ananthagiri,584127,2,Boringuvalasa,,Rural,Inhabitant,1512800,584127
572,28,Andhra Pradesh,745,Alluri Sitharama Raju,4845,Ananthagiri,584131,2,Gondiguda,,Rural,Inhabitant,1513200,584131
573,28,Andhra Pradesh,745,Alluri Sitharama Raju,4845,Ananthagiri,584132,2,Ranjaliguda @ Ranginiguda,,Rural,Inhabitant,1513300,584132
574,28,Andhra Pradesh,745,Alluri Sitharama Raju,4845,Ananthagiri,584133,2,Sariapalle,,Rural,Inhabitant,1513400,584133
575,28,Andhra Pradesh,745,Alluri Sitharama Raju,4845,Ananthagiri,584137,2,Garugubilli,,Rural,Inhabitant,1513800,584137
576,28,Andhra Pradesh,745,Alluri Sitharama Raju,4845,Ananthagiri,584139,2,Billakota,,Rural,Inhabitant,1514000,584139
577,28,Andhra Pradesh,745,Alluri Sitharama Raju,4845,Ananthagiri,584142,2,Rajupaka,,Rural,Inhabitant,1514300,584142
578,28,Andhra Pradesh,745,Alluri Sitharama Raju,4845,Ananthagiri,584144,2,Kondavenkatapuram,,Rural,Inhabitant,1514500,584144
579,28,Andhra Pradesh,745,Alluri Sitharama Raju,4845,Ananthagiri,584147,2,Y.S.R.Puram,,Rural,Inhabitant,1514800,584147
580,28,Andhra Pradesh,745,Alluri Sitharama Raju,4845,Ananthagiri,584148,2,Kotaparti,,Rural,Inhabitant,1514900,584148
581,28,Andhra Pradesh,745,Alluri Sitharama Raju,4845,Ananthagiri,584151,2,Rampalle,,Rural,Inhabitant,1515200,584151
582,28,Andhra Pradesh,745,Alluri Sitharama Raju,4845,Ananthagiri,584153,2,Kotapartivalasa,,Rural,Inhabitant,1515400,584153
583,28,Andhra Pradesh,745,Alluri Sitharama Raju,4845,Ananthagiri,584154,2,Peda Rabha,,Rural,Inhabitant,1515500,584154
584,28,Andhra Pradesh,745,Alluri Sitharama Raju,4845,Ananthagiri,584158,2,R.T.Puram,,Rural,Inhabitant,1515900,584158
585,28,Andhra Pradesh,745,Alluri Sitharama Raju,4845,Ananthagiri,584159,2,Pedakonela,,Rural,Inhabitant,1516000,584159
586,28,Andhra Pradesh,745,Alluri Sitharama Raju,4845,Ananthagiri,584160,2,Dabbalapadu,,Rural,Inhabitant,1516100,584160
587,28,Andhra Pradesh,745,Alluri Sitharama Raju,4845,Ananthagiri,584162,2,Boodi,,Rural,Inhabitant,1516300,584162
588,28,Andhra Pradesh,745,Alluri Sitharama Raju,4845,Ananthagiri,584163,2,Katturu,,Rural,Inhabitant,1516400,584163
589,28,Andhra Pradesh,745,Alluri Sitharama Raju,4845,Ananthagiri,584164,2,Mandaparti,,Rural,Inhabitant,1516500,584164
590,28,Andhra Pradesh,745,Alluri Sitharama Raju,4845,Ananthagiri,584165,2,Nerellavalasa,,Rural,Inhabitant,1516600,584165
591,28,Andhra Pradesh,745,Alluri Sitharama Raju,4845,Ananthagiri,584170,2,Laxmipuram,,Rural,Inhabitant,1517100,584170
592,28,Andhra Pradesh,745,Alluri Sitharama Raju,4845,Ananthagiri,584171,2,Pandirimamidivalasa,,Rural,Inhabitant,1517200,584171
593,28,Andhra Pradesh,745,Alluri Sitharama Raju,4845,Ananthagiri,584175,2,Tokavalasa,,Rural,Inhabitant,1517600,584175
594,28,Andhra Pradesh,745,Alluri Sitharama Raju,4845,Ananthagiri,584177,2,Dumbrivalasa,,Rural,Inhabitant,1517800,584177
595,28,Andhra Pradesh,745,Alluri Sitharama Raju,4845,Ananthagiri,584178,2,Sada,,Rural,Inhabitant,1517900,584178
596,28,Andhra Pradesh,745,Alluri Sitharama Raju,4845,Ananthagiri,584180,2,Jamuguda,,Rural,Inhabitant,1518100,584180
597,28,Andhra Pradesh,745,Alluri Sitharama Raju,4845,Ananthagiri,584181,2,Kosamamidi,,Rural,Inhabitant,1518200,584181
598,28,Andhra Pradesh,745,Alluri Sitharama Raju,4845,Ananthagiri,584184,2,Ballamamidi,,Rural,Inhabitant,1518500,584184
599,28,Andhra Pradesh,745,Alluri Sitharama Raju,4845,Ananthagiri,584185,2,Cheedivalasa,,Rural,Inhabitant,1518600,584185
600,28,Andhra Pradesh,745,Alluri Sitharama Raju,4845,Ananthagiri,584186,2,Nisaniguda,,Rural,Inhabitant,1518700,584186
601,28,Andhra Pradesh,745,Alluri Sitharama Raju,4845,Ananthagiri,584189,2,Limbaguda @ Nimmada,,Rural,Inhabitant,1519000,584189
602,28,Andhra Pradesh,745,Alluri Sitharama Raju,4845,Ananthagiri,584190,2,Kottavalasa,,Rural,Inhabitant,1519100,584190
603,28,Andhra Pradesh,745,Alluri Sitharama Raju,4845,Ananthagiri,584191,2,Diguvasobha,,Rural,Inhabitant,1519200,584191
604,28,Andhra Pradesh,745,Alluri Sitharama Raju,4845,Ananthagiri,584198,2,Laxmipuram,,Unmapped,Inhabitant,1519900,584198
605,28,Andhra Pradesh,745,Alluri Sitharama Raju,4845,Ananthagiri,584200,2,Talaripadu,,Rural,Inhabitant,1520100,584200
606,28,Andhra Pradesh,745,Alluri Sitharama Raju,4845,Ananthagiri,584202,2,Tenuputtu,,Rural,Inhabitant,1520300,584202
607,28,Andhra Pradesh,745,Alluri Sitharama Raju,4845,Ananthagiri,584205,2,Malingavalasa,,Rural,Inhabitant,1520600,584205
608,28,Andhra Pradesh,745,Alluri Sitharama Raju,4845,Ananthagiri,584206,2,Tadiguda,,Rural,Inhabitant,1520700,584206
609,28,Andhra Pradesh,745,Alluri Sitharama Raju,4845,Ananthagiri,584207,2,Mondijanguda,,Rural,Inhabitant,1520800,584207
610,28,Andhra Pradesh,745,Alluri Sitharama Raju,4845,Ananthagiri,584208,2,Mardaguda,,Rural,Inhabitant,1520900,584208
611,28,Andhra Pradesh,745,Alluri Sitharama Raju,4845,Ananthagiri,584209,2,Ananthagiri,,Rural,Inhabitant,1521000,584209
612,28,Andhra Pradesh,745,Alluri Sitharama Raju,4845,Ananthagiri,584212,2,Dandabadu,,Rural,Inhabitant,1521300,584212
613,28,Andhra Pradesh,745,Alluri Sitharama Raju,4845,Ananthagiri,584215,2,Bhagamarivalasa,,Rural,Inhabitant,1521600,584215
614,28,Andhra Pradesh,745,Alluri Sitharama Raju,4845,Ananthagiri,584217,2,Muvvamvalasa,,Rural,Inhabitant,1521800,584217
615,28,Andhra Pradesh,745,Alluri Sitharama Raju,4845,Ananthagiri,584219,2,Mulyaguda,,Rural,Inhabitant,1522000,584219
616,28,Andhra Pradesh,745,Alluri Sitharama Raju,4845,Ananthagiri,584220,2,Pooluguda,,Rural,Inhabitant,1522100,584220
617,28,Andhra Pradesh,745,Alluri Sitharama Raju,4845,Ananthagiri,584226,2,Nandanapuram,,Rural,Inhabitant,1522700,584226
618,28,Andhra Pradesh,745,Alluri Sitharama Raju,4845,Ananthagiri,584228,2,Chittamvalasa,,Rural,Inhabitant,1522900,584228
619,28,Andhra Pradesh,745,Alluri Sitharama Raju,4845,Ananthagiri,584232,2,Samareddipalem,,Rural,Inhabitant,1523300,584232
620,28,Andhra Pradesh,745,Alluri Sitharama Raju,4845,Ananthagiri,584235,2,Teegalamada,,Rural,Inhabitant,1523600,584235
621,28,Andhra Pradesh,745,Alluri Sitharama Raju,4845,Ananthagiri,584237,2,Damsarai,,Rural,Inhabitant,1523800,584237
622,28,Andhra Pradesh,745,Alluri Sitharama Raju,4845,Ananthagiri,584240,2,Marrimanuvalasa,,Rural,Inhabitant,1524100,584240
623,28,Andhra Pradesh,745,Alluri Sitharama Raju,4845,Ananthagiri,584241,2,Tummanuvalasa,,Rural,Inhabitant,1524200,584241
624,28,Andhra Pradesh,745,Alluri Sitharama Raju,4845,Ananthagiri,584243,2,Varakavadu,,Rural,Inhabitant,1524400,584243
625,28,Andhra Pradesh,745,Alluri Sitharama Raju,4845,Ananthagiri,584244,2,Dabbalapalem,,Rural,Inhabitant,1524500,584244
626,28,Andhra Pradesh,745,Alluri Sitharama Raju,4845,Ananthagiri,584245,2,Pedduru,,Rural,Inhabitant,1524600,584245
627,28,Andhra Pradesh,745,Alluri Sitharama Raju,4845,Ananthagiri,584246,2,Dabbalapadu,,Rural,Inhabitant,1524700,584246
628,28,Andhra Pradesh,745,Alluri Sitharama Raju,4845,Ananthagiri,584248,2,Jeelugulapadu,,Rural,Inhabitant,1524900,584248
629,28,Andhra Pradesh,745,Alluri Sitharama Raju,4845,Ananthagiri,584254,2,Kambavalasa,,Unmapped,Inhabitant,1525500,584254
630,28,Andhra Pradesh,745,Alluri Sitharama Raju,4845,Ananthagiri,584258,2,Medaparti,,Rural,Inhabitant,1525900,584258
631,28,Andhra Pradesh,745,Alluri Sitharama Raju,4845,Ananthagiri,584259,2,Busipadu,,Rural,Inhabitant,1526000,584259
632,28,Andhra Pradesh,745,Alluri Sitharama Raju,4845,Ananthagiri,584262,2,Mirithidungada,,Rural,Inhabitant,1526300,584262
633,28,Andhra Pradesh,745,Alluri Sitharama Raju,4845,Ananthagiri,584264,2,Vootamamidi,,Rural,Inhabitant,1526500,584264
634,28,Andhra Pradesh,745,Alluri Sitharama Raju,4845,Ananthagiri,584265,2,Maddipadu,,Rural,Inhabitant,1526600,584265
635,28,Andhra Pradesh,745,Alluri Sitharama Raju,4845,Ananthagiri,584267,2,Cheedivalasa,,Rural,Inhabitant,1526800,584267
636,28,Andhra Pradesh,745,Alluri Sitharama Raju,4845,Ananthagiri,584268,2,Cherukubidda,,Rural,Inhabitant,1526900,584268
637,28,Andhra Pradesh,745,Alluri Sitharama Raju,4845,Ananthagiri,584273,2,Nimmavuta,,Rural,Inhabitant,1527400,584273
638,28,Andhra Pradesh,745,Alluri Sitharama Raju,4845,Ananthagiri,584274,2,Gumma,,Rural,Inhabitant,1527500,584274
639,28,Andhra Pradesh,745,Alluri Sitharama Raju,4845,Ananthagiri,584277,2,Dhanukota,,Rural,Inhabitant,1527800,584277
640,28,Andhra Pradesh,745,Alluri Sitharama Raju,4845,Ananthagiri,584281,2,Mangagumma,,Rural,Inhabitant,1528200,584281
641,28,Andhra Pradesh,745,Alluri Sitharama Raju,4845,Ananthagiri,584282,2,Chimiti,,Rural,Inhabitant,1528300,584282
642,28,Andhra Pradesh,745,Alluri Sitharama Raju,4845,Ananthagiri,584283,2,Kadarevu,,Rural,Inhabitant,1528400,584283
643,28,Andhra Pradesh,745,Alluri Sitharama Raju,4845,Ananthagiri,584284,2,Mettavalasa,,Rural,Inhabitant,1528500,584284
644,28,Andhra Pradesh,745,Alluri Sitharama Raju,4845,Ananthagiri,584285,2,Yerrametta,,Rural,Inhabitant,1528600,584285
645,28,Andhra Pradesh,745,Alluri Sitharama Raju,4845,Ananthagiri,584287,2,Velagalapadu,,Rural,Inhabitant,1528800,584287
646,28,Andhra Pradesh,745,Alluri Sitharama Raju,4845,Ananthagiri,584288,2,Pulusumamidi,,Rural,Inhabitant,1528900,584288
647,28,Andhra Pradesh,745,Alluri Sitharama Raju,4845,Ananthagiri,584289,2,Burugulapadu,,Rural,Inhabitant,1529000,584289
648,28,Andhra Pradesh,745,Alluri Sitharama Raju,4845,Ananthagiri,584294,2,Vootagedda,,Rural,Inhabitant,1529500,584294
649,28,Andhra Pradesh,745,Alluri Sitharama Raju,4845,Ananthagiri,584301,2,Zendagaruvu,,Rural,Inhabitant,1530200,584301
650,28,Andhra Pradesh,745,Alluri Sitharama Raju,4845,Ananthagiri,584307,2,Moolapatnam,,Rural,Inhabitant,1530800,584307
651,28,Andhra Pradesh,745,Alluri Sitharama Raju,4845,Ananthagiri,584309,2,Mettavalasa,,Rural,Inhabitant,1531000,584309
652,28,Andhra Pradesh,745,Alluri Sitharama Raju,4845,Ananthagiri,584310,2,Mandruvalasa,,Rural,Inhabitant,1531100,584310
653,28,Andhra Pradesh,745,Alluri Sitharama Raju,4845,Ananthagiri,584311,2,Gommangipadu,,Rural,Inhabitant,1531200,584311
654,28,Andhra Pradesh,745,Alluri Sitharama Raju,4845,Ananthagiri,584312,2,Vengada,,Rural,Inhabitant,1531300,584312
655,28,Andhra Pradesh,745,Alluri Sitharama Raju,4845,Ananthagiri,584314,2,Bandavalasa,,Rural,Inhabitant,1531500,584314
656,28,Andhra Pradesh,745,Alluri Sitharama Raju,4845,Ananthagiri,584316,2,Donkaiputtu,,Rural,Inhabitant,1531700,584316
657,28,Andhra Pradesh,745,Alluri Sitharama Raju,4845,Ananthagiri,584317,2,Nakkalamamidi,,Rural,Inhabitant,1531800,584317
658,28,Andhra Pradesh,745,Alluri Sitharama Raju,4845,Ananthagiri,584319,2,Taragam,,Rural,Inhabitant,1532000,584319
659,28,Andhra Pradesh,745,Alluri Sitharama Raju,4845,Ananthagiri,584321,2,Vantarbha,,Rural,Inhabitant,1532200,584321
660,28,Andhra Pradesh,745,Alluri Sitharama Raju,4845,Ananthagiri,584324,2,Kannamgaruvu,,Rural,Inhabitant,1532500,584324
661,28,Andhra Pradesh,745,Alluri Sitharama Raju,4845,Ananthagiri,584328,2,Kottavalasa,,Rural,Inhabitant,1532900,584328
662,28,Andhra Pradesh,745,Alluri Sitharama Raju,4845,Ananthagiri,584329,2,Kivarla,,Rural,Inhabitant,1533000,584329
663,28,Andhra Pradesh,745,Alluri Sitharama Raju,4845,Ananthagiri,584334,2,Bonuru,,Rural,Inhabitant,1533500,584334
664,28,Andhra Pradesh,745,Alluri Sitharama Raju,4845,Ananthagiri,584337,2,Pandirimamidi,,Rural,Inhabitant,1533800,584337
665,28,Andhra Pradesh,745,Alluri Sitharama Raju,4845,Ananthagiri,584338,2,Putikaputtu,,Rural,Inhabitant,1533900,584338
666,28,Andhra Pradesh,745,Alluri Sitharama Raju,4845,Ananthagiri,584340,2,Gazzellagaruvu,,Rural,Inhabitant,1534100,584340
667,28,Andhra Pradesh,745,Alluri Sitharama Raju,4845,Ananthagiri,584342,2,Kudiya,,Rural,Inhabitant,1534300,584342
668,28,Andhra Pradesh,745,Alluri Sitharama Raju,4845,Ananthagiri,584343,2,Pedabayalu,,Rural,Inhabitant,1534400,584343
669,28,Andhra Pradesh,745,Alluri Sitharama Raju,4845,Ananthagiri,584344,2,Boddaputtu,,Rural,Inhabitant,1534500,584344
670,28,Andhra Pradesh,745,Alluri Sitharama Raju,4845,Ananthagiri,584352,2,Bembi,,Rural,Inhabitant,1535300,584352
671,28,Andhra Pradesh,745,Alluri Sitharama Raju,4845,Ananthagiri,584356,2,Makanapalle,,Rural,Inhabitant,1535700,584356
672,28,Andhra Pradesh,745,Alluri Sitharama Raju,4845,Ananthagiri,584357,2,Rachakilam,,Rural,Inhabitant,1535800,584357
673,28,Andhra Pradesh,745,Alluri Sitharama Raju,4845,Ananthagiri,584363,2,Jeenapadu,,Rural,Inhabitant,1536400,584363
674,28,Andhra Pradesh,745,Alluri Sitharama Raju,4845,Ananthagiri,584364,2,Godugumamidipalem,,Rural,Inhabitant,1536500,584364
675,28,Andhra Pradesh,745,Alluri Sitharama Raju,4845,Ananthagiri,584365,2,Valasala Garuvu,,Rural,Inhabitant,1536600,584365
676,28,Andhra Pradesh,745,Alluri Sitharama Raju,4845,Ananthagiri,584366,2,Gaddibanda,,Rural,Inhabitant,1536700,584366
677,28,Andhra Pradesh,745,Alluri Sitharama Raju,4845,Ananthagiri,584367,2,Chintalapalem,,Rural,Inhabitant,1536800,584367
678,28,Andhra Pradesh,745,Alluri Sitharama Raju,4845,Ananthagiri,584370,2,Mallampeta,,Rural,Inhabitant,1537100,584370
679,28,Andhra Pradesh,745,Alluri Sitharama Raju,4845,Ananthagiri,584371,2,Ballagaruvu,,Rural,Inhabitant,1537200,584371
680,28,Andhra Pradesh,745,Alluri Sitharama Raju,4845,Ananthagiri,584373,2,Gujjali,,Rural,Inhabitant,1537400,584373
681,28,Andhra Pradesh,745,Alluri Sitharama Raju,4845,Ananthagiri,584375,2,Regulapalem,,Rural,Inhabitant,1537600,584375
682,28,Andhra Pradesh,745,Alluri Sitharama Raju,4845,Ananthagiri,584377,2,Porlubanda,,Rural,Inhabitant,1537800,584377
683,28,Andhra Pradesh,745,Alluri Sitharama Raju,4845,Ananthagiri,584380,2,Pinakota,,Rural,Inhabitant,1538100,584380
684,28,Andhra Pradesh,745,Alluri Sitharama Raju,4845,Ananthagiri,584381,2,Vanthalamamidi,,Rural,Inhabitant,1538200,584381
685,28,Andhra Pradesh,745,Alluri Sitharama Raju,4845,Ananthagiri,584384,2,Chinaburuga,,Rural,Inhabitant,1538500,584384
686,28,Andhra Pradesh,745,Alluri Sitharama Raju,4845,Ananthagiri,584386,2,Chitrallapalem,,Rural,Inhabitant,1538700,584386
687,28,Andhra Pradesh,745,Alluri Sitharama Raju,4845,Ananthagiri,584387,2,Peda Buruga-I,,Rural,Inhabitant,1538800,584387
688,28,Andhra Pradesh,745,Alluri Sitharama Raju,4845,Ananthagiri,584388,2,Kottamguda,,Rural,Inhabitant,1538900,584388
689,28,Andhra Pradesh,745,Alluri Sitharama Raju,4845,Ananthagiri,584389,2,Onukonda,,Rural,Inhabitant,1539000,584389
690,28,Andhra Pradesh,745,Alluri Sitharama Raju,4845,Ananthagiri,584390,2,Pedaburugu II,,Rural,Inhabitant,1539100,584390
691,28,Andhra Pradesh,745,Alluri Sitharama Raju,4845,Ananthagiri,584392,2,Solabongu,,Rural,Inhabitant,1539300,584392
692,28,Andhra Pradesh,745,Alluri Sitharama Raju,4845,Ananthagiri,584393,2,Goppulapalem,,Rural,Inhabitant,1539400,584393
693,28,Andhra Pradesh,745,Alluri Sitharama Raju,4845,Ananthagiri,584394,2,Tattapudi,,Rural,Inhabitant,1539500,584394
694,28,Andhra Pradesh,745,Alluri Sitharama Raju,4845,Ananthagiri,584395,2,Tenkubudda,,Rural,Inhabitant,1539600,584395
695,28,Andhra Pradesh,745,Alluri Sitharama Raju,4845,Ananthagiri,584403,2,Talaripadu,,Unmapped,Inhabitant,1540400,584403
696,28,Andhra Pradesh,745,Alluri Sitharama Raju,4845,Ananthagiri,584404,2,Nandiguni,,Rural,Inhabitant,1540500,584404
697,28,Andhra Pradesh,745,Alluri Sitharama Raju,4845,Ananthagiri,584405,2,Gurajala,,Rural,Inhabitant,1540600,584405
698,28,Andhra Pradesh,745,Alluri Sitharama Raju,4845,Ananthagiri,584406,2,Kavaliguda,,Rural,Inhabitant,1540700,584406
699,28,Andhra Pradesh,745,Alluri Sitharama Raju,4845,Ananthagiri,584409,2,Purulabanda,,Rural,Inhabitant,1541000,584409
700,28,Andhra Pradesh,745,Alluri Sitharama Raju,4845,Ananthagiri,584411,2,Onikannela,,Rural,Inhabitant,1541200,584411
701,28,Andhra Pradesh,745,Alluri Sitharama Raju,4845,Ananthagiri,584412,2,Vulagumma,,Rural,Inhabitant,1541300,584412
702,28,Andhra Pradesh,745,Alluri Sitharama Raju,4845,Ananthagiri,584415,2,Malipadu,,Rural,Inhabitant,1541600,584415
703,28,Andhra Pradesh,745,Alluri Sitharama Raju,4845,Ananthagiri,931003,2,Dalimputtu,దాలెంపుట్టు,Rural,Inhabitant,0,0
704,28,Andhra Pradesh,745,Alluri Sitharama Raju,4845,Ananthagiri,931004,2,Kakarapadu,కాకరపాడు,Rural,Inhabitant,0,0
705,28,Andhra Pradesh,745,Alluri Sitharama Raju,4845,Ananthagiri,931006,2,Jeerugedda,జీరుగడ్డ,Rural,Inhabitant,0,0
706,28,Andhra Pradesh,745,Alluri Sitharama Raju,4845,Ananthagiri,931007,2,Bithragadda,బిత్రగడ్డ,Rural,Inhabitant,0,0
707,28,Andhra Pradesh,745,Alluri Sitharama Raju,4845,Ananthagiri,584109,2,Kittalingi,,Rural,Inhabitant,1511000,584109
708,28,Andhra Pradesh,745,Alluri Sitharama Raju,4845,Ananthagiri,584111,2,Karakavalasa,,Rural,Inhabitant,1511200,584111
709,28,Andhra Pradesh,745,Alluri Sitharama Raju,4845,Ananthagiri,584113,2,Katika,,Rural,Inhabitant,1511400,584113
710,28,Andhra Pradesh,745,Alluri Sitharama Raju,4845,Ananthagiri,584115,2,Chappadi,,Rural,Inhabitant,1511600,584115
711,28,Andhra Pradesh,745,Alluri Sitharama Raju,4845,Ananthagiri,584116,2,Dekkapuram,,Rural,Inhabitant,1511700,584116
712,28,Andhra Pradesh,745,Alluri Sitharama Raju,4845,Ananthagiri,584118,2,Kotyaguda,,Rural,Inhabitant,1511900,584118
713,28,Andhra Pradesh,745,Alluri Sitharama Raju,4845,Ananthagiri,584119,2,Bediliguda,,Rural,Inhabitant,1512000,584119
714,28,Andhra Pradesh,745,Alluri Sitharama Raju,4845,Ananthagiri,584120,2,Getuvalasa,,Rural,Inhabitant,1512100,584120
715,28,Andhra Pradesh,745,Alluri Sitharama Raju,4845,Ananthagiri,584122,2,Pedduru,,Rural,Inhabitant,1512300,584122
716,28,Andhra Pradesh,745,Alluri Sitharama Raju,4845,Ananthagiri,584123,2,Borra,,Rural,Inhabitant,1512400,584123
717,28,Andhra Pradesh,745,Alluri Sitharama Raju,4845,Ananthagiri,584125,2,Tokuru,,Rural,Inhabitant,1512600,584125
718,28,Andhra Pradesh,745,Alluri Sitharama Raju,4845,Ananthagiri,584126,2,Boraborivalasa,,Rural,Inhabitant,1512700,584126
719,28,Andhra Pradesh,745,Alluri Sitharama Raju,4845,Ananthagiri,584128,2,Pooluguda,,Rural,Inhabitant,1512900,584128
720,28,Andhra Pradesh,745,Alluri Sitharama Raju,4845,Ananthagiri,584129,2,Kapativalasa,,Rural,Inhabitant,1513000,584129
721,28,Andhra Pradesh,745,Alluri Sitharama Raju,4845,Ananthagiri,584130,2,Baliyaguda,,Rural,Inhabitant,1513100,584130
722,28,Andhra Pradesh,745,Alluri Sitharama Raju,4845,Ananthagiri,584134,2,Bheemavaram,,Rural,Inhabitant,1513500,584134
723,28,Andhra Pradesh,745,Alluri Sitharama Raju,4845,Ananthagiri,584135,2,Sankuparti,,Rural,Inhabitant,1513600,584135
724,28,Andhra Pradesh,745,Alluri Sitharama Raju,4845,Ananthagiri,584136,2,Chippapalle,,Rural,Inhabitant,1513700,584136
725,28,Andhra Pradesh,745,Alluri Sitharama Raju,4845,Ananthagiri,584138,2,Singavaram,,Rural,Inhabitant,1513900,584138
726,28,Andhra Pradesh,745,Alluri Sitharama Raju,4845,Ananthagiri,584140,2,Gottipadu,,Rural,Inhabitant,1514100,584140
727,28,Andhra Pradesh,745,Alluri Sitharama Raju,4845,Ananthagiri,584141,2,Buliyaguda @ Buruju,,Rural,Inhabitant,1514200,584141
728,28,Andhra Pradesh,745,Alluri Sitharama Raju,4845,Ananthagiri,584143,2,Chittampadu,,Rural,Inhabitant,1514400,584143
729,28,Andhra Pradesh,745,Alluri Sitharama Raju,4845,Ananthagiri,584145,2,Totavalasa,,Rural,Inhabitant,1514600,584145
730,28,Andhra Pradesh,745,Alluri Sitharama Raju,4845,Ananthagiri,584146,2,China Konela,,Rural,Inhabitant,1514700,584146
731,28,Andhra Pradesh,745,Alluri Sitharama Raju,4845,Ananthagiri,584149,2,Bongija,,Rural,Inhabitant,1515000,584149
732,28,Andhra Pradesh,745,Alluri Sitharama Raju,4845,Ananthagiri,584150,2,Buruga,,Rural,Inhabitant,1515100,584150
733,28,Andhra Pradesh,745,Alluri Sitharama Raju,4845,Ananthagiri,584152,2,Sottadivalasa,,Rural,Inhabitant,1515300,584152
734,28,Andhra Pradesh,745,Alluri Sitharama Raju,4845,Ananthagiri,584155,2,China Rabha,,Rural,Inhabitant,1515600,584155
735,28,Andhra Pradesh,745,Alluri Sitharama Raju,4845,Ananthagiri,584156,2,Gadilalova,,Rural,Inhabitant,1515700,584156
736,28,Andhra Pradesh,745,Alluri Sitharama Raju,4845,Ananthagiri,584157,2,Gudem,,Rural,Inhabitant,1515800,584157
737,28,Andhra Pradesh,745,Alluri Sitharama Raju,4845,Ananthagiri,584161,2,Katimanuvalasa,,Rural,Inhabitant,1516200,584161
738,28,Andhra Pradesh,745,Alluri Sitharama Raju,4845,Ananthagiri,584166,2,Seetampeta,,Rural,Inhabitant,1516700,584166
739,28,Andhra Pradesh,745,Alluri Sitharama Raju,4845,Ananthagiri,584167,2,Saravani Palem,,Rural,Inhabitant,1516800,584167
740,28,Andhra Pradesh,745,Alluri Sitharama Raju,4845,Ananthagiri,584168,2,Tattavalasa,,Rural,Inhabitant,1516900,584168
741,28,Andhra Pradesh,745,Alluri Sitharama Raju,4845,Ananthagiri,584169,2,Lanjilaguda,,Rural,Inhabitant,1517000,584169
742,28,Andhra Pradesh,745,Alluri Sitharama Raju,4845,Ananthagiri,584172,2,Nandikota,,Rural,Inhabitant,1517300,584172
743,28,Andhra Pradesh,745,Alluri Sitharama Raju,4845,Ananthagiri,584173,2,Kondiba,,Rural,Inhabitant,1517400,584173
744,28,Andhra Pradesh,745,Alluri Sitharama Raju,4845,Ananthagiri,584174,2,Gadiguda,,Rural,Inhabitant,1517500,584174
745,28,Andhra Pradesh,745,Alluri Sitharama Raju,4845,Ananthagiri,584176,2,Nadimivalasa,,Rural,Inhabitant,1517700,584176
746,28,Andhra Pradesh,745,Alluri Sitharama Raju,4845,Ananthagiri,584179,2,Jakariguda,,Rural,Inhabitant,1518000,584179
747,28,Andhra Pradesh,745,Alluri Sitharama Raju,4845,Ananthagiri,584182,2,Singarbha,,Rural,Inhabitant,1518300,584182
748,28,Andhra Pradesh,745,Alluri Sitharama Raju,4845,Ananthagiri,584183,2,Ninnimamidi,,Rural,Inhabitant,1518400,584183
749,28,Andhra Pradesh,745,Alluri Sitharama Raju,4845,Ananthagiri,584187,2,Bodaguda,,Rural,Inhabitant,1518800,584187
750,28,Andhra Pradesh,745,Alluri Sitharama Raju,4845,Ananthagiri,584188,2,Seesaguda,,Rural,Inhabitant,1518900,584188
751,28,Andhra Pradesh,745,Alluri Sitharama Raju,4845,Ananthagiri,584192,2,Sorasapodaru,,Rural,Inhabitant,1519300,584192
752,28,Andhra Pradesh,745,Alluri Sitharama Raju,4845,Ananthagiri,584193,2,Pooluguda,,Rural,Inhabitant,1519400,584193
753,28,Andhra Pradesh,745,Alluri Sitharama Raju,4845,Ananthagiri,584194,2,Eguvasobha,,Rural,Inhabitant,1519500,584194
754,28,Andhra Pradesh,745,Alluri Sitharama Raju,4845,Ananthagiri,584195,2,Seesamanda,,Rural,Inhabitant,1519600,584195
755,28,Andhra Pradesh,745,Alluri Sitharama Raju,4845,Ananthagiri,584196,2,Kamalapuram,,Rural,Inhabitant,1519700,584196
756,28,Andhra Pradesh,745,Alluri Sitharama Raju,4845,Ananthagiri,584197,2,Heetaguda,,Rural,Inhabitant,1519800,584197
757,28,Andhra Pradesh,745,Alluri Sitharama Raju,4845,Ananthagiri,584199,2,Baliaguda @ Cheedivalasa,,Rural,Inhabitant,1520000,584199
758,28,Andhra Pradesh,745,Alluri Sitharama Raju,4845,Ananthagiri,584201,2,Regam,,Rural,Inhabitant,1520200,584201
759,28,Andhra Pradesh,745,Alluri Sitharama Raju,4845,Ananthagiri,584203,2,Nandigummi,,Rural,Inhabitant,1520400,584203
760,28,Andhra Pradesh,745,Alluri Sitharama Raju,4845,Ananthagiri,584204,2,Patakota,,Rural,Inhabitant,1520500,584204
761,28,Andhra Pradesh,745,Alluri Sitharama Raju,4845,Ananthagiri,584211,2,Gatuguda,,Rural,Inhabitant,1521200,584211
762,28,Andhra Pradesh,745,Alluri Sitharama Raju,4845,Ananthagiri,584213,2,Kambavalasa,,Rural,Inhabitant,1521400,584213
763,28,Andhra Pradesh,745,Alluri Sitharama Raju,4845,Ananthagiri,584214,2,Doraguda,,Rural,Inhabitant,1521500,584214
764,28,Andhra Pradesh,745,Alluri Sitharama Raju,4845,Ananthagiri,584216,2,Tenteliguda,,Rural,Inhabitant,1521700,584216
765,28,Andhra Pradesh,745,Alluri Sitharama Raju,4845,Ananthagiri,584218,2,Rayavalasa,,Rural,Inhabitant,1521900,584218
766,28,Andhra Pradesh,745,Alluri Sitharama Raju,4845,Ananthagiri,584221,2,Pempuduvalasa,,Rural,Inhabitant,1522200,584221
767,28,Andhra Pradesh,745,Alluri Sitharama Raju,4845,Ananthagiri,584222,2,Kodamaguda,,Rural,Inhabitant,1522300,584222
768,28,Andhra Pradesh,745,Alluri Sitharama Raju,4845,Ananthagiri,584223,2,Karakavalasa,,Rural,Inhabitant,1522400,584223
769,28,Andhra Pradesh,745,Alluri Sitharama Raju,4845,Ananthagiri,584224,2,Chittamvalasa,,Rural,Inhabitant,1522500,584224
770,28,Andhra Pradesh,745,Alluri Sitharama Raju,4845,Ananthagiri,584225,2,Damuku,,Rural,Inhabitant,1522600,584225
771,28,Andhra Pradesh,745,Alluri Sitharama Raju,4845,Ananthagiri,584227,2,Cherukumadata,,Rural,Inhabitant,1522800,584227
772,28,Andhra Pradesh,745,Alluri Sitharama Raju,4845,Ananthagiri,584229,2,Kantipuram,,Rural,Inhabitant,1523000,584229
773,28,Andhra Pradesh,745,Alluri Sitharama Raju,4845,Ananthagiri,584231,2,Kothavalasa,,Rural,Inhabitant,1523200,584231
774,28,Andhra Pradesh,745,Alluri Sitharama Raju,4845,Ananthagiri,584233,2,Sivalingapuram,,Rural,Inhabitant,1523400,584233
775,28,Andhra Pradesh,745,Alluri Sitharama Raju,4845,Ananthagiri,584234,2,Diguva Kambavalasa,,Rural,Inhabitant,1523500,584234
776,28,Andhra Pradesh,745,Alluri Sitharama Raju,4845,Ananthagiri,584236,2,Panasamanuvalasa,,Rural,Inhabitant,1523700,584236
777,28,Andhra Pradesh,745,Alluri Sitharama Raju,4845,Ananthagiri,584238,2,Bangarampeta,,Rural,Inhabitant,1523900,584238
778,28,Andhra Pradesh,745,Alluri Sitharama Raju,4845,Ananthagiri,584239,2,Pallamvanivalasa,,Rural,Inhabitant,1524000,584239
779,28,Andhra Pradesh,745,Alluri Sitharama Raju,4845,Ananthagiri,584242,2,Totavalasa,,Rural,Inhabitant,1524300,584242
780,28,Andhra Pradesh,745,Alluri Sitharama Raju,4845,Ananthagiri,584247,2,Vantinivanipalem,,Rural,Inhabitant,1524800,584247
781,28,Andhra Pradesh,745,Alluri Sitharama Raju,4845,Ananthagiri,584249,2,Kittayyatota,,Rural,Inhabitant,1525000,584249
782,28,Andhra Pradesh,745,Alluri Sitharama Raju,4845,Ananthagiri,584250,2,Chilakalagedda,,Rural,Inhabitant,1525100,584250
783,28,Andhra Pradesh,745,Alluri Sitharama Raju,4845,Ananthagiri,584251,2,Venkayyapalem,,Rural,Inhabitant,1525200,584251
784,28,Andhra Pradesh,745,Alluri Sitharama Raju,4845,Ananthagiri,584252,2,Kasipatnam,,Rural,Inhabitant,1525300,584252
785,28,Andhra Pradesh,745,Alluri Sitharama Raju,4845,Ananthagiri,584253,2,Cheedivalasa,,Rural,Inhabitant,1525400,584253
786,28,Andhra Pradesh,745,Alluri Sitharama Raju,4845,Ananthagiri,584255,2,Gangavaram,,Rural,Inhabitant,1525600,584255
787,28,Andhra Pradesh,745,Alluri Sitharama Raju,4845,Ananthagiri,584256,2,Kotturu,,Rural,Inhabitant,1525700,584256
788,28,Andhra Pradesh,745,Alluri Sitharama Raju,4845,Ananthagiri,584257,2,Krishnapuram,,Rural,Inhabitant,1525800,584257
789,28,Andhra Pradesh,745,Alluri Sitharama Raju,4845,Ananthagiri,584260,2,Karivesu,,Rural,Inhabitant,1526100,584260
790,28,Andhra Pradesh,745,Alluri Sitharama Raju,4845,Ananthagiri,584263,2,Porlu,,Rural,Inhabitant,1526400,584263
791,28,Andhra Pradesh,745,Alluri Sitharama Raju,4845,Ananthagiri,584266,2,Palabandavalasa,,Rural,Inhabitant,1526700,584266
792,28,Andhra Pradesh,745,Alluri Sitharama Raju,4845,Ananthagiri,584269,2,Eguvamallelu,,Rural,Inhabitant,1527000,584269
793,28,Andhra Pradesh,745,Alluri Sitharama Raju,4845,Ananthagiri,584270,2,Diguvamallelu,,Rural,Inhabitant,1527100,584270
794,28,Andhra Pradesh,745,Alluri Sitharama Raju,4845,Ananthagiri,584271,2,Nelapalem,,Rural,Inhabitant,1527200,584271
795,28,Andhra Pradesh,745,Alluri Sitharama Raju,4845,Ananthagiri,584272,2,Karaiguda,,Rural,Inhabitant,1527300,584272
796,28,Andhra Pradesh,745,Alluri Sitharama Raju,4845,Ananthagiri,584275,2,Vanjalavalasa,,Rural,Inhabitant,1527600,584275
797,28,Andhra Pradesh,745,Alluri Sitharama Raju,4845,Ananthagiri,584276,2,Eetamanuvalasa,,Rural,Inhabitant,1527700,584276
798,28,Andhra Pradesh,745,Alluri Sitharama Raju,4845,Ananthagiri,584278,2,Nandulavalasa,,Rural,Inhabitant,1527900,584278
799,28,Andhra Pradesh,745,Alluri Sitharama Raju,4845,Ananthagiri,584279,2,Bhalluguda,,Rural,Inhabitant,1528000,584279
800,28,Andhra Pradesh,745,Alluri Sitharama Raju,4845,Ananthagiri,584280,2,Pedabidda,,Rural,Inhabitant,1528100,584280
801,28,Andhra Pradesh,745,Alluri Sitharama Raju,4845,Ananthagiri,584286,2,Vanthanagaruvu,,Rural,Inhabitant,1528700,584286
802,28,Andhra Pradesh,745,Alluri Sitharama Raju,4845,Ananthagiri,584290,2,Lungaparti,,Rural,Inhabitant,1529100,584290
803,28,Andhra Pradesh,745,Alluri Sitharama Raju,4845,Ananthagiri,584291,2,Rayipadu,,Rural,Inhabitant,1529200,584291
804,28,Andhra Pradesh,745,Alluri Sitharama Raju,4845,Ananthagiri,584292,2,Damukurai,,Rural,Inhabitant,1529300,584292
805,28,Andhra Pradesh,745,Alluri Sitharama Raju,4845,Ananthagiri,584293,2,Marrivalasa @ Manuvalasa,,Rural,Inhabitant,1529400,584293
806,28,Andhra Pradesh,745,Alluri Sitharama Raju,4845,Ananthagiri,584295,2,Gorregommu,,Rural,Inhabitant,1529600,584295
807,28,Andhra Pradesh,745,Alluri Sitharama Raju,4845,Ananthagiri,584296,2,Gangudivalasa,,Rural,Inhabitant,1529700,584296
808,28,Andhra Pradesh,745,Alluri Sitharama Raju,4845,Ananthagiri,584297,2,Kumburti,,Rural,Inhabitant,1529800,584297
809,28,Andhra Pradesh,745,Alluri Sitharama Raju,4845,Ananthagiri,584298,2,Patti,,Rural,Inhabitant,1529900,584298
810,28,Andhra Pradesh,745,Alluri Sitharama Raju,4845,Ananthagiri,584299,2,Damsalavalasa,,Rural,Inhabitant,1530000,584299
811,28,Andhra Pradesh,745,Alluri Sitharama Raju,4845,Ananthagiri,584300,2,Maddigaruvu,,Rural,Inhabitant,1530100,584300
812,28,Andhra Pradesh,745,Alluri Sitharama Raju,4845,Ananthagiri,584302,2,Valasi,,Rural,Inhabitant,1530300,584302
813,28,Andhra Pradesh,745,Alluri Sitharama Raju,4845,Ananthagiri,584303,2,Nimmalapadu,,Rural,Inhabitant,1530400,584303
814,28,Andhra Pradesh,745,Alluri Sitharama Raju,4845,Ananthagiri,584304,2,Tumbarti,,Rural,Inhabitant,1530500,584304
815,28,Andhra Pradesh,745,Alluri Sitharama Raju,4845,Ananthagiri,584305,2,Diguvasonabha,,Rural,Inhabitant,1530600,584305
816,28,Andhra Pradesh,745,Alluri Sitharama Raju,4845,Ananthagiri,584306,2,Pynampadu,,Rural,Inhabitant,1530700,584306
817,28,Andhra Pradesh,745,Alluri Sitharama Raju,4845,Ananthagiri,584308,2,Banjoda,,Rural,Inhabitant,1530900,584308
818,28,Andhra Pradesh,745,Alluri Sitharama Raju,4845,Ananthagiri,584313,2,Cheedivalasa,,Rural,Inhabitant,1531400,584313
819,28,Andhra Pradesh,745,Alluri Sitharama Raju,4845,Ananthagiri,584315,2,Penamarti,,Rural,Inhabitant,1531600,584315
820,28,Andhra Pradesh,745,Alluri Sitharama Raju,4845,Ananthagiri,584318,2,Pandirimamidi,,Rural,Inhabitant,1531900,584318
821,28,Andhra Pradesh,745,Alluri Sitharama Raju,4845,Ananthagiri,584320,2,Addategela,,Rural,Inhabitant,1532100,584320
822,28,Andhra Pradesh,745,Alluri Sitharama Raju,4845,Ananthagiri,584322,2,Jampaputtu,,Rural,Inhabitant,1532300,584322
823,28,Andhra Pradesh,745,Alluri Sitharama Raju,4845,Ananthagiri,584323,2,Buddigaruvu,,Rural,Inhabitant,1532400,584323
824,28,Andhra Pradesh,745,Alluri Sitharama Raju,4845,Ananthagiri,584325,2,Jalada,,Rural,Inhabitant,1532600,584325
825,28,Andhra Pradesh,745,Alluri Sitharama Raju,4845,Ananthagiri,584326,2,Voobalu,,Rural,Inhabitant,1532700,584326
826,28,Andhra Pradesh,745,Alluri Sitharama Raju,4845,Ananthagiri,584327,2,Tenkalavalasa,,Rural,Inhabitant,1532800,584327
827,28,Andhra Pradesh,745,Alluri Sitharama Raju,4845,Ananthagiri,584330,2,Rallagaruvu,,Rural,Inhabitant,1533100,584330
828,28,Andhra Pradesh,745,Alluri Sitharama Raju,4845,Ananthagiri,584331,2,Gangavaram,,Rural,Inhabitant,1533200,584331
829,28,Andhra Pradesh,745,Alluri Sitharama Raju,4845,Ananthagiri,584332,2,Tangellabanda,,Rural,Inhabitant,1533300,584332
830,28,Andhra Pradesh,745,Alluri Sitharama Raju,4845,Ananthagiri,584333,2,Bongija,,Rural,Inhabitant,1533400,584333
831,28,Andhra Pradesh,745,Alluri Sitharama Raju,4845,Ananthagiri,584335,2,Gaddibanda,,Rural,Inhabitant,1533600,584335
832,28,Andhra Pradesh,745,Alluri Sitharama Raju,4845,Ananthagiri,584336,2,Cheedivalasa,,Rural,Inhabitant,1533700,584336
833,28,Andhra Pradesh,745,Alluri Sitharama Raju,4845,Ananthagiri,584339,2,Cheedigaruvu,,Rural,Inhabitant,1534000,584339
834,28,Andhra Pradesh,745,Alluri Sitharama Raju,4845,Ananthagiri,584341,2,Billakamba,,Rural,Inhabitant,1534200,584341
835,28,Andhra Pradesh,745,Alluri Sitharama Raju,4845,Ananthagiri,584345,2,Gummanti,,Rural,Inhabitant,1534600,584345
836,28,Andhra Pradesh,745,Alluri Sitharama Raju,4845,Ananthagiri,584346,2,Velamamidi,,Rural,Inhabitant,1534700,584346
837,28,Andhra Pradesh,745,Alluri Sitharama Raju,4845,Ananthagiri,584347,2,Poderti,,Rural,Inhabitant,1534800,584347
838,28,Andhra Pradesh,745,Alluri Sitharama Raju,4845,Ananthagiri,584348,2,Tankota,,Rural,Inhabitant,1534900,584348
839,28,Andhra Pradesh,745,Alluri Sitharama Raju,4845,Ananthagiri,584349,2,Tunisebu,,Rural,Inhabitant,1535000,584349
840,28,Andhra Pradesh,745,Alluri Sitharama Raju,4845,Ananthagiri,584350,2,Bandakonda,,Rural,Inhabitant,1535100,584350
841,28,Andhra Pradesh,745,Alluri Sitharama Raju,4845,Ananthagiri,584351,2,Patipalle,,Rural,Inhabitant,1535200,584351
842,28,Andhra Pradesh,745,Alluri Sitharama Raju,4845,Ananthagiri,584353,2,Madrebu,,Rural,Inhabitant,1535400,584353
843,28,Andhra Pradesh,745,Alluri Sitharama Raju,4845,Ananthagiri,584354,2,Dayarti,,Rural,Inhabitant,1535500,584354
844,28,Andhra Pradesh,745,Alluri Sitharama Raju,4845,Ananthagiri,584355,2,Sariya,,Rural,Inhabitant,1535600,584355
845,28,Andhra Pradesh,745,Alluri Sitharama Raju,4845,Ananthagiri,584358,2,Tamuta,,Rural,Inhabitant,1535900,584358
846,28,Andhra Pradesh,745,Alluri Sitharama Raju,4845,Ananthagiri,584359,2,Dibbapalem,,Rural,Inhabitant,1536000,584359
847,28,Andhra Pradesh,745,Alluri Sitharama Raju,4845,Ananthagiri,584360,2,Revallapalem,,Rural,Inhabitant,1536100,584360
848,28,Andhra Pradesh,745,Alluri Sitharama Raju,4845,Ananthagiri,584361,2,Pedagangavaram,,Rural,Inhabitant,1536200,584361
849,28,Andhra Pradesh,745,Alluri Sitharama Raju,4845,Ananthagiri,584362,2,Kotharevallapalem,,Rural,Inhabitant,1536300,584362
850,28,Andhra Pradesh,745,Alluri Sitharama Raju,4845,Ananthagiri,584368,2,Kotaparti,,Unmapped,Inhabitant,1536900,584368
851,28,Andhra Pradesh,745,Alluri Sitharama Raju,4845,Ananthagiri,584369,2,Velagalapadu,,Rural,Inhabitant,1537000,584369
852,28,Andhra Pradesh,745,Alluri Sitharama Raju,4845,Ananthagiri,584372,2,Gummanti,,Rural,Inhabitant,1537300,584372
853,28,Andhra Pradesh,745,Alluri Sitharama Raju,4845,Ananthagiri,584374,2,Kondemkota,,Rural,Inhabitant,1537500,584374
854,28,Andhra Pradesh,745,Alluri Sitharama Raju,4845,Ananthagiri,584376,2,Pedakota,,Rural,Inhabitant,1537700,584376
855,28,Andhra Pradesh,745,Alluri Sitharama Raju,4845,Ananthagiri,584378,2,Chatakamba,,Rural,Inhabitant,1537900,584378
856,28,Andhra Pradesh,745,Alluri Sitharama Raju,4845,Ananthagiri,584379,2,Borrapalem,,Rural,Inhabitant,1538000,584379
857,28,Andhra Pradesh,745,Alluri Sitharama Raju,4845,Ananthagiri,584382,2,Cheedimetta,,Rural,Inhabitant,1538300,584382
858,28,Andhra Pradesh,745,Alluri Sitharama Raju,4845,Ananthagiri,584383,2,Gulamalapalle,,Rural,Inhabitant,1538400,584383
859,28,Andhra Pradesh,745,Alluri Sitharama Raju,4845,Ananthagiri,584385,2,Chintapaka,,Rural,Inhabitant,1538600,584385
860,28,Andhra Pradesh,745,Alluri Sitharama Raju,4845,Ananthagiri,584391,2,Chindugulapadu,,Rural,Inhabitant,1539200,584391
861,28,Andhra Pradesh,745,Alluri Sitharama Raju,4845,Ananthagiri,584396,2,Kagulagaruvu,,Rural,Inhabitant,1539700,584396
862,28,Andhra Pradesh,745,Alluri Sitharama Raju,4845,Ananthagiri,584397,2,Regapunayagiri,,Rural,Inhabitant,1539800,584397
863,28,Andhra Pradesh,745,Alluri Sitharama Raju,4845,Ananthagiri,584398,2,Gurilova,,Rural,Inhabitant,1539900,584398
864,28,Andhra Pradesh,745,Alluri Sitharama Raju,4845,Ananthagiri,584399,2,Karriguda,,Rural,Inhabitant,1540000,584399
865,28,Andhra Pradesh,745,Alluri Sitharama Raju,4845,Ananthagiri,584400,2,Yerraguppa,,Rural,Inhabitant,1540100,584400
866,28,Andhra Pradesh,745,Alluri Sitharama Raju,4845,Ananthagiri,584401,2,Tenkariguda,,Rural,Inhabitant,1540200,584401
867,28,Andhra Pradesh,745,Alluri Sitharama Raju,4845,Ananthagiri,584402,2,Dimbrivanivandlavada,,Rural,Inhabitant,1540300,584402
868,28,Andhra Pradesh,745,Alluri Sitharama Raju,4845,Ananthagiri,584407,2,Donumuru,,Rural,Inhabitant,1540800,584407
869,28,Andhra Pradesh,745,Alluri Sitharama Raju,4845,Ananthagiri,584408,2,Tekkapuram,,Rural,Inhabitant,1540900,584408
870,28,Andhra Pradesh,745,Alluri Sitharama Raju,4845,Ananthagiri,584410,2,Pedabayalu,,Rural,Inhabitant,1541100,584410
871,28,Andhra Pradesh,745,Alluri Sitharama Raju,4845,Ananthagiri,584413,2,Vandavalova,,Rural,Inhabitant,1541400,584413
872,28,Andhra Pradesh,745,Alluri Sitharama Raju,4845,Ananthagiri,584414,2,Jorlaguda,,Rural,Inhabitant,1541500,584414
873,28,Andhra Pradesh,745,Alluri Sitharama Raju,4845,Ananthagiri,584416,2,Vegupadu,,Rural,Inhabitant,1541700,584416
874,28,Andhra Pradesh,745,Alluri Sitharama Raju,4845,Ananthagiri,584417,2,Gummidipadu,,Rural,Inhabitant,1541800,584417
875,28,Andhra Pradesh,745,Alluri Sitharama Raju,4845,Ananthagiri,584418,2,Nunemamid,,Rural,Inhabitant,1541900,584418
876,28,Andhra Pradesh,745,Alluri Sitharama Raju,4845,Ananthagiri,931005,2,Sukuduputtu,సూకుడుపుట్టు,Rural,Inhabitant,0,0
877,28,Andhra Pradesh,745,Alluri Sitharama Raju,4845,Ananthagiri,584230,4,Kothavalasa,,Rural,Inhabitant,1523100,584230
878,28,Andhra Pradesh,745,Alluri Sitharama Raju,4845,Ananthagiri,584261,4,Karakavalasa,,Unmapped,Inhabitant,1526200,584261
879,28,Andhra Pradesh,745,Alluri Sitharama Raju,4845,Ananthagiri,584210,4,Kottavalasa @ Verumulapuram,,Rural,Inhabitant,1521100,584210
880,28,Andhra Pradesh,745,Alluri Sitharama Raju,4844,Araku Valley,583986,2,Tangulabedda,,Rural,Inhabitant,1498800,583986
881,28,Andhra Pradesh,745,Alluri Sitharama Raju,4844,Araku Valley,583987,2,Toradambuvalasa,,Rural,Inhabitant,1498900,583987
882,28,Andhra Pradesh,745,Alluri Sitharama Raju,4844,Araku Valley,583988,2,Polliguda,,Rural,Inhabitant,1499000,583988
883,28,Andhra Pradesh,745,Alluri Sitharama Raju,4844,Araku Valley,583989,2,Kandulaguddi,,Rural,Inhabitant,1499100,583989
884,28,Andhra Pradesh,745,Alluri Sitharama Raju,4844,Araku Valley,583993,2,Kamalatota,,Rural,Inhabitant,1499500,583993
885,28,Andhra Pradesh,745,Alluri Sitharama Raju,4844,Araku Valley,583994,2,Totavalasa,,Rural,Inhabitant,1499600,583994
886,28,Andhra Pradesh,745,Alluri Sitharama Raju,4844,Araku Valley,583996,2,Gondiguda,,Rural,Inhabitant,1499800,583996
887,28,Andhra Pradesh,745,Alluri Sitharama Raju,4844,Araku Valley,583999,2,Polamguda,,Rural,Inhabitant,1500100,583999
888,28,Andhra Pradesh,745,Alluri Sitharama Raju,4844,Araku Valley,584000,2,Kosiguda,,Rural,Inhabitant,1500200,584000
889,28,Andhra Pradesh,745,Alluri Sitharama Raju,4844,Araku Valley,584002,2,Amalaguda,,Rural,Inhabitant,1500400,584002
890,28,Andhra Pradesh,745,Alluri Sitharama Raju,4844,Araku Valley,584003,2,Kottavalasa,,Rural,Inhabitant,1500500,584003
891,28,Andhra Pradesh,745,Alluri Sitharama Raju,4844,Araku Valley,584005,2,Pottangipadu,,Rural,Inhabitant,1500700,584005
892,28,Andhra Pradesh,745,Alluri Sitharama Raju,4844,Araku Valley,584006,2,Madala,,Rural,Inhabitant,1500800,584006
893,28,Andhra Pradesh,745,Alluri Sitharama Raju,4844,Araku Valley,584008,2,Musriguda,,Rural,Inhabitant,1501000,584008
894,28,Andhra Pradesh,745,Alluri Sitharama Raju,4844,Araku Valley,584009,2,Borriguda,,Rural,Inhabitant,1501100,584009
895,28,Andhra Pradesh,745,Alluri Sitharama Raju,4844,Araku Valley,584011,2,Novvaguda,,Rural,Inhabitant,1501300,584011
896,28,Andhra Pradesh,745,Alluri Sitharama Raju,4844,Araku Valley,584014,2,Pittamarriguda,,Rural,Inhabitant,1501600,584014
897,28,Andhra Pradesh,745,Alluri Sitharama Raju,4844,Araku Valley,584015,2,Gatuguda,,Rural,Inhabitant,1501700,584015
898,28,Andhra Pradesh,745,Alluri Sitharama Raju,4844,Araku Valley,584016,2,Mulyagalugu,,Rural,Inhabitant,1501800,584016
899,28,Andhra Pradesh,745,Alluri Sitharama Raju,4844,Araku Valley,584020,2,Littiguda,,Rural,Inhabitant,1502200,584020
900,28,Andhra Pradesh,745,Alluri Sitharama Raju,4844,Araku Valley,584024,2,Padmapuram,,Rural,Inhabitant,1502600,584024
901,28,Andhra Pradesh,745,Alluri Sitharama Raju,4844,Araku Valley,584028,2,Chompi,,Rural,Inhabitant,1503000,584028
902,28,Andhra Pradesh,745,Alluri Sitharama Raju,4844,Araku Valley,584033,2,Varra,,Rural,Inhabitant,1503500,584033
903,28,Andhra Pradesh,745,Alluri Sitharama Raju,4844,Araku Valley,584034,2,Lamtampadu,,Rural,Inhabitant,1503600,584034
904,28,Andhra Pradesh,745,Alluri Sitharama Raju,4844,Araku Valley,584035,2,Jaginivalasa,,Rural,Inhabitant,1503700,584035
905,28,Andhra Pradesh,745,Alluri Sitharama Raju,4844,Araku Valley,584037,2,Bamsuguda,,Rural,Inhabitant,1503900,584037
906,28,Andhra Pradesh,745,Alluri Sitharama Raju,4844,Araku Valley,584038,2,Piripodaru,,Rural,Inhabitant,1504000,584038
907,28,Andhra Pradesh,745,Alluri Sitharama Raju,4844,Araku Valley,584039,2,Dungiyaputtu,,Rural,Inhabitant,1504100,584039
908,28,Andhra Pradesh,745,Alluri Sitharama Raju,4844,Araku Valley,584040,2,Devarapalle,,Rural,Inhabitant,1504200,584040
909,28,Andhra Pradesh,745,Alluri Sitharama Raju,4844,Araku Valley,584041,2,Bonduguda,,Unmapped,Inhabitant,1504300,584041
910,28,Andhra Pradesh,745,Alluri Sitharama Raju,4844,Araku Valley,584042,2,Baski,,Rural,Inhabitant,1504400,584042
911,28,Andhra Pradesh,745,Alluri Sitharama Raju,4844,Araku Valley,584043,2,Todubanda,,Rural,Inhabitant,1504500,584043
912,28,Andhra Pradesh,745,Alluri Sitharama Raju,4844,Araku Valley,584044,2,Gugguda,,Rural,Inhabitant,1504600,584044
913,28,Andhra Pradesh,745,Alluri Sitharama Raju,4844,Araku Valley,584046,2,Manjuguda,,Rural,Inhabitant,1504800,584046
914,28,Andhra Pradesh,745,Alluri Sitharama Raju,4844,Araku Valley,584048,2,Kusumguda,,Rural,Inhabitant,1505000,584048
915,28,Andhra Pradesh,745,Alluri Sitharama Raju,4844,Araku Valley,584049,2,Vanthamuru,,Rural,Inhabitant,1505100,584049
916,28,Andhra Pradesh,745,Alluri Sitharama Raju,4844,Araku Valley,584050,2,Kappalagondi,,Rural,Inhabitant,1505200,584050
917,28,Andhra Pradesh,745,Alluri Sitharama Raju,4844,Araku Valley,584051,2,Bondaguda,,Rural,Inhabitant,1505300,584051
918,28,Andhra Pradesh,745,Alluri Sitharama Raju,4844,Araku Valley,584053,2,Nandiguda,,Rural,Inhabitant,1505500,584053
919,28,Andhra Pradesh,745,Alluri Sitharama Raju,4844,Araku Valley,584054,2,Dingriputtu,,Rural,Inhabitant,1505600,584054
920,28,Andhra Pradesh,745,Alluri Sitharama Raju,4844,Araku Valley,584055,2,Korraguda,,Rural,Inhabitant,1505700,584055
921,28,Andhra Pradesh,745,Alluri Sitharama Raju,4844,Araku Valley,584056,2,Pakanaguda,,Rural,Inhabitant,1505800,584056
922,28,Andhra Pradesh,745,Alluri Sitharama Raju,4844,Araku Valley,584057,2,Danirangini,,Rural,Inhabitant,1505900,584057
923,28,Andhra Pradesh,745,Alluri Sitharama Raju,4844,Araku Valley,584058,2,Madaguda,,Rural,Inhabitant,1506000,584058
924,28,Andhra Pradesh,745,Alluri Sitharama Raju,4844,Araku Valley,584059,2,Dalapatiguda,,Rural,Inhabitant,1506100,584059
925,28,Andhra Pradesh,745,Alluri Sitharama Raju,4844,Araku Valley,584063,2,Kothaballuguda,,Rural,Inhabitant,1506500,584063
926,28,Andhra Pradesh,745,Alluri Sitharama Raju,4844,Araku Valley,584064,2,Pathaballuguda,,Rural,Inhabitant,1506600,584064
927,28,Andhra Pradesh,745,Alluri Sitharama Raju,4844,Araku Valley,584065,2,Hattaguda,,Rural,Inhabitant,1506700,584065
928,28,Andhra Pradesh,745,Alluri Sitharama Raju,4844,Araku Valley,584066,2,Kinnamguda,,Rural,Inhabitant,1506800,584066
929,28,Andhra Pradesh,745,Alluri Sitharama Raju,4844,Araku Valley,584067,2,Daburangini,,Rural,Inhabitant,1506900,584067
930,28,Andhra Pradesh,745,Alluri Sitharama Raju,4844,Araku Valley,584069,2,Limbaguda,,Rural,Inhabitant,1507100,584069
931,28,Andhra Pradesh,745,Alluri Sitharama Raju,4844,Araku Valley,584074,2,Gandametta,,Rural,Inhabitant,1507600,584074
932,28,Andhra Pradesh,745,Alluri Sitharama Raju,4844,Araku Valley,584075,2,Chinagangagudi,,Rural,Inhabitant,1507700,584075
933,28,Andhra Pradesh,745,Alluri Sitharama Raju,4844,Araku Valley,584076,2,Pedagangagudi,,Rural,Inhabitant,1507800,584076
934,28,Andhra Pradesh,745,Alluri Sitharama Raju,4844,Araku Valley,584079,2,Gattaraguda,,Rural,Inhabitant,1508100,584079
935,28,Andhra Pradesh,745,Alluri Sitharama Raju,4844,Araku Valley,584085,2,Boyiguda,,Rural,Inhabitant,1508700,584085
936,28,Andhra Pradesh,745,Alluri Sitharama Raju,4844,Araku Valley,584087,2,Rega,,Rural,Inhabitant,1508900,584087
937,28,Andhra Pradesh,745,Alluri Sitharama Raju,4844,Araku Valley,584089,2,Beddaguda,,Rural,Inhabitant,1509100,584089
938,28,Andhra Pradesh,745,Alluri Sitharama Raju,4844,Araku Valley,584090,2,Majjivalasa,,Rural,Inhabitant,1509200,584090
939,28,Andhra Pradesh,745,Alluri Sitharama Raju,4844,Araku Valley,584093,2,Totavalasa,,Rural,Inhabitant,1509500,584093
940,28,Andhra Pradesh,745,Alluri Sitharama Raju,4844,Araku Valley,584095,2,Beddaguda,,Unmapped,Inhabitant,1509700,584095
941,28,Andhra Pradesh,745,Alluri Sitharama Raju,4844,Araku Valley,584096,2,Vanthalaguda,,Rural,Inhabitant,1509800,584096
942,28,Andhra Pradesh,745,Alluri Sitharama Raju,4844,Araku Valley,584097,2,Leddangi,,Rural,Inhabitant,1509900,584097
943,28,Andhra Pradesh,745,Alluri Sitharama Raju,4844,Araku Valley,584099,2,Adaru,,Rural,Inhabitant,1510100,584099
944,28,Andhra Pradesh,745,Alluri Sitharama Raju,4844,Araku Valley,584100,2,Bairuguda,,Rural,Inhabitant,1510200,584100
945,28,Andhra Pradesh,745,Alluri Sitharama Raju,4844,Araku Valley,584101,2,Pedageddavalasa,,Rural,Inhabitant,1510300,584101
946,28,Andhra Pradesh,745,Alluri Sitharama Raju,4844,Araku Valley,584103,2,Kantabamsuguda (Ct),,Rural,Inhabitant,41301000,584103
947,28,Andhra Pradesh,745,Alluri Sitharama Raju,4844,Araku Valley,929963,2,Dhoburangini,దోభురంగిణి,Rural,Inhabitant,0,0
948,28,Andhra Pradesh,745,Alluri Sitharama Raju,4844,Araku Valley,583934,2,Ranajilleda,,Rural,Inhabitant,1493600,583934
949,28,Andhra Pradesh,745,Alluri Sitharama Raju,4844,Araku Valley,583935,2,Mala Singaram,,Rural,Inhabitant,1493700,583935
950,28,Andhra Pradesh,745,Alluri Sitharama Raju,4844,Araku Valley,583936,2,Tudumu,,Rural,Inhabitant,1493800,583936
951,28,Andhra Pradesh,745,Alluri Sitharama Raju,4844,Araku Valley,583937,2,Chinalabudu,,Rural,Inhabitant,1493900,583937
952,28,Andhra Pradesh,745,Alluri Sitharama Raju,4844,Araku Valley,583939,2,Totavalasa,,Rural,Inhabitant,1494100,583939
953,28,Andhra Pradesh,745,Alluri Sitharama Raju,4844,Araku Valley,583940,2,Cheedivalasa,,Rural,Inhabitant,1494200,583940
954,28,Andhra Pradesh,745,Alluri Sitharama Raju,4844,Araku Valley,583946,2,Sabaka,,Rural,Inhabitant,1494800,583946
955,28,Andhra Pradesh,745,Alluri Sitharama Raju,4844,Araku Valley,583947,2,Kentubade,,Rural,Inhabitant,1494900,583947
956,28,Andhra Pradesh,745,Alluri Sitharama Raju,4844,Araku Valley,583948,2,Kajjuruguda,,Rural,Inhabitant,1495000,583948
957,28,Andhra Pradesh,745,Alluri Sitharama Raju,4844,Araku Valley,583949,2,Chellubadi,,Rural,Inhabitant,1495100,583949
958,28,Andhra Pradesh,745,Alluri Sitharama Raju,4844,Araku Valley,583950,2,Mettapadu,,Rural,Inhabitant,1495200,583950
959,28,Andhra Pradesh,745,Alluri Sitharama Raju,4844,Araku Valley,583951,2,Mettapadu,,Rural,Inhabitant,1495300,583951
960,28,Andhra Pradesh,745,Alluri Sitharama Raju,4844,Araku Valley,583953,2,Borrachinta,,Rural,Inhabitant,1495500,583953
961,28,Andhra Pradesh,745,Alluri Sitharama Raju,4844,Araku Valley,583954,2,Jarlangi,,Rural,Inhabitant,1495600,583954
962,28,Andhra Pradesh,745,Alluri Sitharama Raju,4844,Araku Valley,583957,2,Gatapadu,,Rural,Inhabitant,1495900,583957
963,28,Andhra Pradesh,745,Alluri Sitharama Raju,4844,Araku Valley,583959,2,Davadaguda,,Rural,Inhabitant,1496100,583959
964,28,Andhra Pradesh,745,Alluri Sitharama Raju,4844,Araku Valley,583960,2,Kundiguda,,Rural,Inhabitant,1496200,583960
965,28,Andhra Pradesh,745,Alluri Sitharama Raju,4844,Araku Valley,583961,2,Dumbriguda,,Rural,Inhabitant,1496300,583961
966,28,Andhra Pradesh,745,Alluri Sitharama Raju,4844,Araku Valley,583962,2,Chandrapoda,,Rural,Inhabitant,1496400,583962
967,28,Andhra Pradesh,745,Alluri Sitharama Raju,4844,Araku Valley,583964,2,Kikkatiguda,,Rural,Inhabitant,1496600,583964
968,28,Andhra Pradesh,745,Alluri Sitharama Raju,4844,Araku Valley,583966,2,Antiparthi,,Rural,Inhabitant,1496800,583966
969,28,Andhra Pradesh,745,Alluri Sitharama Raju,4844,Araku Valley,583971,2,Kaguvalasa,,Rural,Inhabitant,1497300,583971
970,28,Andhra Pradesh,745,Alluri Sitharama Raju,4844,Araku Valley,583976,2,Iragai,,Rural,Inhabitant,1497800,583976
971,28,Andhra Pradesh,745,Alluri Sitharama Raju,4844,Araku Valley,583977,2,Nanda,,Rural,Inhabitant,1497900,583977
972,28,Andhra Pradesh,745,Alluri Sitharama Raju,4844,Araku Valley,583980,2,Urumulu,,Rural,Inhabitant,1498200,583980
973,28,Andhra Pradesh,745,Alluri Sitharama Raju,4844,Araku Valley,583990,2,Tadaka,,Rural,Inhabitant,1499200,583990
974,28,Andhra Pradesh,745,Alluri Sitharama Raju,4844,Araku Valley,583991,2,Kaguvalasa,,Rural,Inhabitant,1499300,583991
975,28,Andhra Pradesh,745,Alluri Sitharama Raju,4844,Araku Valley,583992,2,Pujaribanda,,Rural,Inhabitant,1499400,583992
976,28,Andhra Pradesh,745,Alluri Sitharama Raju,4844,Araku Valley,583995,2,Dappuguda,,Rural,Inhabitant,1499700,583995
977,28,Andhra Pradesh,745,Alluri Sitharama Raju,4844,Araku Valley,583997,2,Gannela,,Rural,Inhabitant,1499900,583997
978,28,Andhra Pradesh,745,Alluri Sitharama Raju,4844,Araku Valley,583998,2,Tokavalasa,,Rural,Inhabitant,1500000,583998
979,28,Andhra Pradesh,745,Alluri Sitharama Raju,4844,Araku Valley,584001,2,Ramakrishnanagar,,Rural,Inhabitant,1500300,584001
980,28,Andhra Pradesh,745,Alluri Sitharama Raju,4844,Araku Valley,584004,2,Sarubedda,,Unmapped,Inhabitant,1500600,584004
981,28,Andhra Pradesh,745,Alluri Sitharama Raju,4844,Araku Valley,584007,2,Battivalasa,,Rural,Inhabitant,1500900,584007
982,28,Andhra Pradesh,745,Alluri Sitharama Raju,4844,Araku Valley,584010,2,Lembaguda,,Rural,Inhabitant,1501200,584010
983,28,Andhra Pradesh,745,Alluri Sitharama Raju,4844,Araku Valley,584012,2,Bishnuguda,,Rural,Inhabitant,1501400,584012
984,28,Andhra Pradesh,745,Alluri Sitharama Raju,4844,Araku Valley,584013,2,Garudaguda,,Rural,Inhabitant,1501500,584013
985,28,Andhra Pradesh,745,Alluri Sitharama Raju,4844,Araku Valley,584017,2,Ganjayavalasa,,Rural,Inhabitant,1501900,584017
986,28,Andhra Pradesh,745,Alluri Sitharama Raju,4844,Araku Valley,584018,2,Peda Labudu,,Rural,Inhabitant,1502000,584018
987,28,Andhra Pradesh,745,Alluri Sitharama Raju,4844,Araku Valley,584019,2,Panirangini,,Rural,Inhabitant,1502100,584019
988,28,Andhra Pradesh,745,Alluri Sitharama Raju,4844,Araku Valley,584021,2,Ravvalaguda,,Rural,Inhabitant,1502300,584021
989,28,Andhra Pradesh,745,Alluri Sitharama Raju,4844,Araku Valley,584022,2,Sarabhaguda,,Rural,Inhabitant,1502400,584022
990,28,Andhra Pradesh,745,Alluri Sitharama Raju,4844,Araku Valley,584023,2,Dolliguda,,Rural,Inhabitant,1502500,584023
991,28,Andhra Pradesh,745,Alluri Sitharama Raju,4844,Araku Valley,584025,2,Yandapallivalasa,,Rural,Inhabitant,1502700,584025
992,28,Andhra Pradesh,745,Alluri Sitharama Raju,4844,Araku Valley,584026,2,Pappuduvalasa,,Rural,Inhabitant,1502800,584026
993,28,Andhra Pradesh,745,Alluri Sitharama Raju,4844,Araku Valley,584027,2,Kottavalasa,,Rural,Inhabitant,1502900,584027
994,28,Andhra Pradesh,745,Alluri Sitharama Raju,4844,Araku Valley,584029,2,Tokavalasa,,Unmapped,Inhabitant,1503100,584029
995,28,Andhra Pradesh,745,Alluri Sitharama Raju,4844,Araku Valley,584030,2,Kodipunjuvalasa,,Rural,Inhabitant,1503200,584030
996,28,Andhra Pradesh,745,Alluri Sitharama Raju,4844,Araku Valley,584031,2,Siragam,,Rural,Inhabitant,1503300,584031
997,28,Andhra Pradesh,745,Alluri Sitharama Raju,4844,Araku Valley,584032,2,Bandapanuvalasa,,Rural,Inhabitant,1503400,584032
998,28,Andhra Pradesh,745,Alluri Sitharama Raju,4844,Araku Valley,584036,2,Girliguda,,Rural,Inhabitant,1503800,584036
999,28,Andhra Pradesh,745,Alluri Sitharama Raju,4844,Araku Valley,584045,2,Doraguda,,Rural,Inhabitant,1504700,584045
1000,28,Andhra Pradesh,745,Alluri Sitharama Raju,4844,Araku Valley,584047,2,Pitraguda,,Rural,Inhabitant,1504900,584047
1001,28,Andhra Pradesh,745,Alluri Sitharama Raju,4844,Araku Valley,584052,2,Gattanaguda,,Rural,Inhabitant,1505400,584052
1002,28,Andhra Pradesh,745,Alluri Sitharama Raju,4844,Araku Valley,584060,2,Bosubeda,,Rural,Inhabitant,1506200,584060
1003,28,Andhra Pradesh,745,Alluri Sitharama Raju,4844,Araku Valley,584061,2,Boduguda,,Rural,Inhabitant,1506300,584061
1004,28,Andhra Pradesh,745,Alluri Sitharama Raju,4844,Araku Valley,584062,2,Gadyaguda,,Rural,Inhabitant,1506400,584062
1005,28,Andhra Pradesh,745,Alluri Sitharama Raju,4844,Araku Valley,584068,2,Korraguda,,Rural,Inhabitant,1507000,584068
1006,28,Andhra Pradesh,745,Alluri Sitharama Raju,4844,Araku Valley,584070,2,Janamguda,,Unmapped,Inhabitant,1507200,584070
1007,28,Andhra Pradesh,745,Alluri Sitharama Raju,4844,Araku Valley,584071,2,Piribanda,,Rural,Inhabitant,1507300,584071
1008,28,Andhra Pradesh,745,Alluri Sitharama Raju,4844,Araku Valley,584072,2,Somelapadu,,Rural,Inhabitant,1507400,584072
1009,28,Andhra Pradesh,745,Alluri Sitharama Raju,4844,Araku Valley,584073,2,Sunkarametta,,Rural,Inhabitant,1507500,584073
1010,28,Andhra Pradesh,745,Alluri Sitharama Raju,4844,Araku Valley,584077,2,Korraguda,,Rural,Inhabitant,1507900,584077
1011,28,Andhra Pradesh,745,Alluri Sitharama Raju,4844,Araku Valley,584078,2,Sukuruguda,,Rural,Inhabitant,1508000,584078
1012,28,Andhra Pradesh,745,Alluri Sitharama Raju,4844,Araku Valley,584080,2,Ninnimamidivalasa,,Rural,Inhabitant,1508200,584080
1013,28,Andhra Pradesh,745,Alluri Sitharama Raju,4844,Araku Valley,584081,2,Kothavalasa,,Rural,Inhabitant,1508300,584081
1014,28,Andhra Pradesh,745,Alluri Sitharama Raju,4844,Araku Valley,584082,2,Bondam,,Rural,Inhabitant,1508400,584082
1015,28,Andhra Pradesh,745,Alluri Sitharama Raju,4844,Araku Valley,584083,2,Rampuduvalasa,,Rural,Inhabitant,1508500,584083
1016,28,Andhra Pradesh,745,Alluri Sitharama Raju,4844,Araku Valley,584084,2,Ranginiguda,,Rural,Inhabitant,1508600,584084
1017,28,Andhra Pradesh,745,Alluri Sitharama Raju,4844,Araku Valley,584086,2,Baliyaguda,,Unmapped,Inhabitant,1508800,584086
1018,28,Andhra Pradesh,745,Alluri Sitharama Raju,4844,Araku Valley,584088,2,Koliyaguda,,Rural,Inhabitant,1509000,584088
1019,28,Andhra Pradesh,745,Alluri Sitharama Raju,4844,Araku Valley,584091,2,Gojara,,Rural,Inhabitant,1509300,584091
1020,28,Andhra Pradesh,745,Alluri Sitharama Raju,4844,Araku Valley,584092,2,Karakavalasa,,Rural,Inhabitant,1509400,584092
1021,28,Andhra Pradesh,745,Alluri Sitharama Raju,4844,Araku Valley,584094,2,Kuruseela,,Rural,Inhabitant,1509600,584094
1022,28,Andhra Pradesh,745,Alluri Sitharama Raju,4844,Araku Valley,584098,2,Sirasaguda,,Rural,Inhabitant,1510000,584098
1023,28,Andhra Pradesh,745,Alluri Sitharama Raju,4844,Araku Valley,584102,2,Danasalavalasa,,Rural,Inhabitant,1510400,584102
1024,28,Andhra Pradesh,745,Alluri Sitharama Raju,4844,Araku Valley,929964,2,Loteru Musiriguda,లోతేరు ముసిరిగుడ,Rural,Inhabitant,0,0
1025,28,Andhra Pradesh,745,Alluri Sitharama Raju,4844,Araku Valley,583938,2,Chittamgondi,,Rural,Inhabitant,1494000,583938
1026,28,Andhra Pradesh,745,Alluri Sitharama Raju,4844,Araku Valley,583941,2,Dabuguda,,Rural,Inhabitant,1494300,583941
1027,28,Andhra Pradesh,745,Alluri Sitharama Raju,4844,Araku Valley,583942,2,Raktakandi,,Rural,Inhabitant,1494400,583942
1028,28,Andhra Pradesh,745,Alluri Sitharama Raju,4844,Araku Valley,583943,2,Domalajoru,,Rural,Inhabitant,1494500,583943
1029,28,Andhra Pradesh,745,Alluri Sitharama Raju,4844,Araku Valley,583944,2,Tungagedda,,Rural,Inhabitant,1494600,583944
1030,28,Andhra Pradesh,745,Alluri Sitharama Raju,4844,Araku Valley,583945,2,Kamalabanda,,Rural,Inhabitant,1494700,583945
1031,28,Andhra Pradesh,745,Alluri Sitharama Raju,4844,Araku Valley,583952,2,Chendrapodaru,,Rural,Inhabitant,1495400,583952
1032,28,Andhra Pradesh,745,Alluri Sitharama Raju,4844,Araku Valley,583955,2,Jarimanuguda,,Rural,Inhabitant,1495700,583955
1033,28,Andhra Pradesh,745,Alluri Sitharama Raju,4844,Araku Valley,583956,2,Pedagaruvu,,Rural,Inhabitant,1495800,583956
1034,28,Andhra Pradesh,745,Alluri Sitharama Raju,4844,Araku Valley,583958,2,Dellipadu,,Rural,Inhabitant,1496000,583958
1035,28,Andhra Pradesh,745,Alluri Sitharama Raju,4844,Araku Valley,583963,2,Landiguda,,Rural,Inhabitant,1496500,583963
1036,28,Andhra Pradesh,745,Alluri Sitharama Raju,4844,Araku Valley,583965,2,Totavalasa,,Rural,Inhabitant,1496700,583965
1037,28,Andhra Pradesh,745,Alluri Sitharama Raju,4844,Araku Valley,583967,2,Sarubedda,,Rural,Inhabitant,1496900,583967
1038,28,Andhra Pradesh,745,Alluri Sitharama Raju,4844,Araku Valley,583968,2,Peda Valasa,,Rural,Inhabitant,1497000,583968
1039,28,Andhra Pradesh,745,Alluri Sitharama Raju,4844,Araku Valley,583969,2,Gangasanivalasa,,Rural,Inhabitant,1497100,583969
1040,28,Andhra Pradesh,745,Alluri Sitharama Raju,4844,Araku Valley,583970,2,Duddikonda,,Rural,Inhabitant,1497200,583970
1041,28,Andhra Pradesh,745,Alluri Sitharama Raju,4844,Araku Valley,583972,2,Musiriguda,,Rural,Inhabitant,1497400,583972
1042,28,Andhra Pradesh,745,Alluri Sitharama Raju,4844,Araku Valley,583973,2,Addumanda,,Rural,Inhabitant,1497500,583973
1043,28,Andhra Pradesh,745,Alluri Sitharama Raju,4844,Araku Valley,583974,2,Morriguda,,Rural,Inhabitant,1497600,583974
1044,28,Andhra Pradesh,745,Alluri Sitharama Raju,4844,Araku Valley,583975,2,Pooluguda,,Rural,Inhabitant,1497700,583975
1045,28,Andhra Pradesh,745,Alluri Sitharama Raju,4844,Araku Valley,583978,2,Bonduguda,,Rural,Inhabitant,1498000,583978
1046,28,Andhra Pradesh,745,Alluri Sitharama Raju,4844,Araku Valley,583979,2,Baliyaguda,,Rural,Inhabitant,1498100,583979
1047,28,Andhra Pradesh,745,Alluri Sitharama Raju,4844,Araku Valley,583981,2,Tidiguda,,Rural,Inhabitant,1498300,583981
1048,28,Andhra Pradesh,745,Alluri Sitharama Raju,4844,Araku Valley,583982,2,Validipanasa,,Rural,Inhabitant,1498400,583982
1049,28,Andhra Pradesh,745,Alluri Sitharama Raju,4844,Araku Valley,583983,2,Borrakaluvalasa,,Rural,Inhabitant,1498500,583983
1050,28,Andhra Pradesh,745,Alluri Sitharama Raju,4844,Araku Valley,583984,2,Janamguda,,Rural,Inhabitant,1498600,583984
1051,28,Andhra Pradesh,745,Alluri Sitharama Raju,4844,Araku Valley,583985,2,Lotheru,,Rural,Inhabitant,1498700,583985
1052,28,Andhra Pradesh,745,Alluri Sitharama Raju,4849,Chinthapalli,585145,2,Kudumusari,,Rural,Inhabitant,1614500,585145
1053,28,Andhra Pradesh,745,Alluri Sitharama Raju,4849,Chinthapalli,585152,2,Balapam,,Rural,Inhabitant,1615200,585152
1054,28,Andhra Pradesh,745,Alluri Sitharama Raju,4849,Chinthapalli,585154,2,Mandipalle,,Rural,Inhabitant,1615400,585154
1055,28,Andhra Pradesh,745,Alluri Sitharama Raju,4849,Chinthapalli,585159,2,Kitumula,,Rural,Inhabitant,1615900,585159
1056,28,Andhra Pradesh,745,Alluri Sitharama Raju,4849,Chinthapalli,585161,2,Merakalu,,Rural,Inhabitant,1616100,585161
1057,28,Andhra Pradesh,745,Alluri Sitharama Raju,4849,Chinthapalli,585162,2,Donipolalu,,Rural,Inhabitant,1616200,585162
1058,28,Andhra Pradesh,745,Alluri Sitharama Raju,4849,Chinthapalli,585163,2,Vanchuladurgam,,Rural,Inhabitant,1616300,585163
1059,28,Andhra Pradesh,745,Alluri Sitharama Raju,4849,Chinthapalli,585164,2,Sampangiputtu,,Rural,Inhabitant,1616400,585164
1060,28,Andhra Pradesh,745,Alluri Sitharama Raju,4849,Chinthapalli,585165,2,Bokkellu,,Rural,Inhabitant,1616500,585165
1061,28,Andhra Pradesh,745,Alluri Sitharama Raju,4849,Chinthapalli,585166,2,Bheemanupalle,,Rural,Inhabitant,1616600,585166
1062,28,Andhra Pradesh,745,Alluri Sitharama Raju,4849,Chinthapalli,585168,2,Pullalamamidi,,Rural,Inhabitant,1616800,585168
1063,28,Andhra Pradesh,745,Alluri Sitharama Raju,4849,Chinthapalli,585171,2,Chittamgaruvu,,Rural,Inhabitant,1617100,585171
1064,28,Andhra Pradesh,745,Alluri Sitharama Raju,4849,Chinthapalli,585172,2,Kilimisingi Durgam,,Rural,Inhabitant,1617200,585172
1065,28,Andhra Pradesh,745,Alluri Sitharama Raju,4849,Chinthapalli,585173,2,Tammingala,,Rural,Inhabitant,1617300,585173
1066,28,Andhra Pradesh,745,Alluri Sitharama Raju,4849,Chinthapalli,585174,2,Puligondi,,Rural,Inhabitant,1617400,585174
1067,28,Andhra Pradesh,745,Alluri Sitharama Raju,4849,Chinthapalli,585175,2,Pedagaruvu,,Rural,Inhabitant,1617500,585175
1068,28,Andhra Pradesh,745,Alluri Sitharama Raju,4849,Chinthapalli,585176,2,Lakshmipuram,,Rural,Inhabitant,1617600,585176
1069,28,Andhra Pradesh,745,Alluri Sitharama Raju,4849,Chinthapalli,585179,2,Jaduguru,,Rural,Inhabitant,1617900,585179
1070,28,Andhra Pradesh,745,Alluri Sitharama Raju,4849,Chinthapalli,585182,2,Suddagaruvu,,Rural,Inhabitant,1618200,585182
1071,28,Andhra Pradesh,745,Alluri Sitharama Raju,4849,Chinthapalli,585184,2,Boddajuvvi,,Rural,Inhabitant,1618400,585184
1072,28,Andhra Pradesh,745,Alluri Sitharama Raju,4849,Chinthapalli,585187,2,Kattubanda,,Rural,Inhabitant,1618700,585187
1073,28,Andhra Pradesh,745,Alluri Sitharama Raju,4849,Chinthapalli,585188,2,Vanthalapadu,,Rural,Inhabitant,1618800,585188
1074,28,Andhra Pradesh,745,Alluri Sitharama Raju,4849,Chinthapalli,585191,2,Gochapalle,,Rural,Inhabitant,1619100,585191
1075,28,Andhra Pradesh,745,Alluri Sitharama Raju,4849,Chinthapalli,585192,2,Votti Busulu,,Rural,Inhabitant,1619200,585192
1076,28,Andhra Pradesh,745,Alluri Sitharama Raju,4849,Chinthapalli,585195,2,Domalagondhi,,Rural,Inhabitant,1619500,585195
1077,28,Andhra Pradesh,745,Alluri Sitharama Raju,4849,Chinthapalli,585196,2,Kolanubanda,,Rural,Inhabitant,1619600,585196
1078,28,Andhra Pradesh,745,Alluri Sitharama Raju,4849,Chinthapalli,585198,2,Kummarivanchala,,Rural,Inhabitant,1619800,585198
1079,28,Andhra Pradesh,745,Alluri Sitharama Raju,4849,Chinthapalli,585204,2,Kothavuru,,Rural,Inhabitant,1620400,585204
1080,28,Andhra Pradesh,745,Alluri Sitharama Raju,4849,Chinthapalli,585206,2,Pinapadu,,Rural,Inhabitant,1620600,585206
1081,28,Andhra Pradesh,745,Alluri Sitharama Raju,4849,Chinthapalli,585209,2,Regallu,,Rural,Inhabitant,1620900,585209
1082,28,Andhra Pradesh,745,Alluri Sitharama Raju,4849,Chinthapalli,585211,2,Jeelugumetta,,Rural,Inhabitant,1621100,585211
1083,28,Andhra Pradesh,745,Alluri Sitharama Raju,4849,Chinthapalli,585216,2,Kothapalem,,Rural,Inhabitant,1621600,585216
1084,28,Andhra Pradesh,745,Alluri Sitharama Raju,4849,Chinthapalli,585217,2,Degalapalem,,Rural,Inhabitant,1621700,585217
1085,28,Andhra Pradesh,745,Alluri Sitharama Raju,4849,Chinthapalli,585218,2,Godugumamidi,,Rural,Inhabitant,1621800,585218
1086,28,Andhra Pradesh,745,Alluri Sitharama Raju,4849,Chinthapalli,585219,2,Kappalu,,Rural,Inhabitant,1621900,585219
1087,28,Andhra Pradesh,745,Alluri Sitharama Raju,4849,Chinthapalli,585225,2,Mamidipalle,,Rural,Inhabitant,1622500,585225
1088,28,Andhra Pradesh,745,Alluri Sitharama Raju,4849,Chinthapalli,585227,2,Kinnerla,,Rural,Inhabitant,1622700,585227
1089,28,Andhra Pradesh,745,Alluri Sitharama Raju,4849,Chinthapalli,585229,2,Vurisingi,,Rural,Inhabitant,1622900,585229
1090,28,Andhra Pradesh,745,Alluri Sitharama Raju,4849,Chinthapalli,585230,2,Kolapari,,Rural,Inhabitant,1623000,585230
1091,28,Andhra Pradesh,745,Alluri Sitharama Raju,4849,Chinthapalli,585231,2,Chinna Gedda,,Rural,Inhabitant,1623100,585231
1092,28,Andhra Pradesh,745,Alluri Sitharama Raju,4849,Chinthapalli,585232,2,Kandulagodi,,Rural,Inhabitant,1623200,585232
1093,28,Andhra Pradesh,745,Alluri Sitharama Raju,4849,Chinthapalli,585234,2,Gadapari,,Rural,Inhabitant,1623400,585234
1094,28,Andhra Pradesh,745,Alluri Sitharama Raju,4849,Chinthapalli,585235,2,Gerrilagadda,,Rural,Inhabitant,1623500,585235
1095,28,Andhra Pradesh,745,Alluri Sitharama Raju,4849,Chinthapalli,585238,2,Pina Kothuru,,Rural,Inhabitant,1623800,585238
1096,28,Andhra Pradesh,745,Alluri Sitharama Raju,4849,Chinthapalli,585239,2,Cherapalle,,Rural,Inhabitant,1623900,585239
1097,28,Andhra Pradesh,745,Alluri Sitharama Raju,4849,Chinthapalli,585240,2,Genjigedda,,Rural,Inhabitant,1624000,585240
1098,28,Andhra Pradesh,745,Alluri Sitharama Raju,4849,Chinthapalli,585241,2,Bayalukinchangi,,Rural,Inhabitant,1624100,585241
1099,28,Andhra Pradesh,745,Alluri Sitharama Raju,4849,Chinthapalli,585243,2,Pandlimamidi,,Rural,Inhabitant,1624300,585243
1100,28,Andhra Pradesh,745,Alluri Sitharama Raju,4849,Chinthapalli,585244,2,Chadalapadu,,Rural,Inhabitant,1624400,585244
1101,28,Andhra Pradesh,745,Alluri Sitharama Raju,4849,Chinthapalli,585246,2,Sathyavaram,,Rural,Inhabitant,1624600,585246
1102,28,Andhra Pradesh,745,Alluri Sitharama Raju,4849,Chinthapalli,585247,2,Goyyalametta,,Rural,Inhabitant,1624700,585247
1103,28,Andhra Pradesh,745,Alluri Sitharama Raju,4849,Chinthapalli,585250,2,Chadipeta,,Rural,Inhabitant,1625000,585250
1104,28,Andhra Pradesh,745,Alluri Sitharama Raju,4849,Chinthapalli,585251,2,Antharla,,Rural,Inhabitant,1625100,585251
1105,28,Andhra Pradesh,745,Alluri Sitharama Raju,4849,Chinthapalli,585253,2,Chilakalamamidi,,Rural,Inhabitant,1625400,585253
1106,28,Andhra Pradesh,745,Alluri Sitharama Raju,4849,Chinthapalli,585254,2,Ganugulapadu,,Rural,Inhabitant,1625500,585254
1107,28,Andhra Pradesh,745,Alluri Sitharama Raju,4849,Chinthapalli,585259,2,Chinthaluru,,Rural,Inhabitant,1626000,585259
1108,28,Andhra Pradesh,745,Alluri Sitharama Raju,4849,Chinthapalli,585263,2,Korukonda,,Rural,Inhabitant,1626400,585263
1109,28,Andhra Pradesh,745,Alluri Sitharama Raju,4849,Chinthapalli,585264,2,Vanajajulu,,Rural,Inhabitant,1626500,585264
1110,28,Andhra Pradesh,745,Alluri Sitharama Raju,4849,Chinthapalli,585266,2,Basangi Kothuru,,Rural,Inhabitant,1626700,585266
1111,28,Andhra Pradesh,745,Alluri Sitharama Raju,4849,Chinthapalli,585267,2,Lambadampalle,,Rural,Inhabitant,1626800,585267
1112,28,Andhra Pradesh,745,Alluri Sitharama Raju,4849,Chinthapalli,585268,2,Vanthamamidi,,Rural,Inhabitant,1626900,585268
1113,28,Andhra Pradesh,745,Alluri Sitharama Raju,4849,Chinthapalli,585269,2,Rajubanda,,Rural,Inhabitant,1627000,585269
1114,28,Andhra Pradesh,745,Alluri Sitharama Raju,4849,Chinthapalli,585272,2,Chinna Rajupakalu,,Rural,Inhabitant,1627300,585272
1115,28,Andhra Pradesh,745,Alluri Sitharama Raju,4849,Chinthapalli,585274,2,Labbangikothaveedhi,,Rural,Inhabitant,1627500,585274
1116,28,Andhra Pradesh,745,Alluri Sitharama Raju,4849,Chinthapalli,585278,2,Madigunta,,Rural,Inhabitant,1627900,585278
1117,28,Andhra Pradesh,745,Alluri Sitharama Raju,4849,Chinthapalli,585281,2,Yerrabommalu,,Rural,Inhabitant,1628200,585281
1118,28,Andhra Pradesh,745,Alluri Sitharama Raju,4849,Chinthapalli,585283,2,Lubbagunta,,Rural,Inhabitant,1628400,585283
1119,28,Andhra Pradesh,745,Alluri Sitharama Raju,4849,Chinthapalli,585290,2,Relangi,,Rural,Inhabitant,1629100,585290
1120,28,Andhra Pradesh,745,Alluri Sitharama Raju,4849,Chinthapalli,585291,2,Polugonta,,Rural,Inhabitant,1629200,585291
1121,28,Andhra Pradesh,745,Alluri Sitharama Raju,4849,Chinthapalli,585292,2,Korrabanda,,Rural,Inhabitant,1629300,585292
1122,28,Andhra Pradesh,745,Alluri Sitharama Raju,4849,Chinthapalli,585293,2,Yerravaram,,Rural,Inhabitant,1629400,585293
1123,28,Andhra Pradesh,745,Alluri Sitharama Raju,4849,Chinthapalli,585296,2,Yernabili,,Rural,Inhabitant,1629700,585296
1124,28,Andhra Pradesh,745,Alluri Sitharama Raju,4849,Chinthapalli,585297,2,Dasuduveedhi,,Rural,Inhabitant,1629800,585297
1125,28,Andhra Pradesh,745,Alluri Sitharama Raju,4849,Chinthapalli,585298,2,Godugumamidi,,Rural,Inhabitant,1629900,585298
1126,28,Andhra Pradesh,745,Alluri Sitharama Raju,4849,Chinthapalli,585301,2,Rachapanasa,,Rural,Inhabitant,1630200,585301
1127,28,Andhra Pradesh,745,Alluri Sitharama Raju,4849,Chinthapalli,585304,2,Kagulabanda,,Rural,Inhabitant,1630500,585304
1128,28,Andhra Pradesh,745,Alluri Sitharama Raju,4849,Chinthapalli,585306,2,Totamamidi,,Rural,Inhabitant,1630700,585306
1129,28,Andhra Pradesh,745,Alluri Sitharama Raju,4849,Chinthapalli,585308,2,Thatipalem,,Rural,Inhabitant,1630900,585308
1130,28,Andhra Pradesh,745,Alluri Sitharama Raju,4849,Chinthapalli,585312,2,Yerrabanda,,Rural,Inhabitant,1631300,585312
1131,28,Andhra Pradesh,745,Alluri Sitharama Raju,4849,Chinthapalli,585314,2,Yerranabilli,,Rural,Inhabitant,1631500,585314
1132,28,Andhra Pradesh,745,Alluri Sitharama Raju,4849,Chinthapalli,585315,2,Kondavanchula,,Rural,Inhabitant,1631600,585315
1133,28,Andhra Pradesh,745,Alluri Sitharama Raju,4849,Chinthapalli,585316,2,Chinnabarada,,Rural,Inhabitant,1631700,585316
1134,28,Andhra Pradesh,745,Alluri Sitharama Raju,4849,Chinthapalli,585317,2,Pedabarada,,Rural,Inhabitant,1631800,585317
1135,28,Andhra Pradesh,745,Alluri Sitharama Raju,4849,Chinthapalli,585320,2,Gondipakalu,,Rural,Inhabitant,1632100,585320
1136,28,Andhra Pradesh,745,Alluri Sitharama Raju,4849,Chinthapalli,585327,2,Ravimanupakalu,,Rural,Inhabitant,1632800,585327
1137,28,Andhra Pradesh,745,Alluri Sitharama Raju,4849,Chinthapalli,585328,2,Bheemanapalle,,Rural,Inhabitant,1632900,585328
1138,28,Andhra Pradesh,745,Alluri Sitharama Raju,4849,Chinthapalli,585330,2,Gattumpakalu,,Rural,Inhabitant,1633100,585330
1139,28,Andhra Pradesh,745,Alluri Sitharama Raju,4849,Chinthapalli,585333,2,Palada,,Rural,Inhabitant,1633400,585333
1140,28,Andhra Pradesh,745,Alluri Sitharama Raju,4849,Chinthapalli,585335,2,Kitumula,,Rural,Inhabitant,1633600,585335
1141,28,Andhra Pradesh,745,Alluri Sitharama Raju,4849,Chinthapalli,585337,2,Gangavaram,,Rural,Inhabitant,1633800,585337
1142,28,Andhra Pradesh,745,Alluri Sitharama Raju,4849,Chinthapalli,585339,2,Pakabu,,Rural,Inhabitant,1634000,585339
1143,28,Andhra Pradesh,745,Alluri Sitharama Raju,4849,Chinthapalli,585340,2,Pathapadu,,Rural,Inhabitant,1634100,585340
1144,28,Andhra Pradesh,745,Alluri Sitharama Raju,4849,Chinthapalli,585342,2,Turebongalu,,Rural,Inhabitant,1634300,585342
1145,28,Andhra Pradesh,745,Alluri Sitharama Raju,4849,Chinthapalli,585343,2,Gummidipalem,,Rural,Inhabitant,1634400,585343
1146,28,Andhra Pradesh,745,Alluri Sitharama Raju,4849,Chinthapalli,585345,2,Vookabanda,,Rural,Inhabitant,1634600,585345
1147,28,Andhra Pradesh,745,Alluri Sitharama Raju,4849,Chinthapalli,585351,2,Singavaram Kothuru,,Rural,Inhabitant,1635200,585351
1148,28,Andhra Pradesh,745,Alluri Sitharama Raju,4849,Chinthapalli,585352,2,Anjalam,,Rural,Inhabitant,1635300,585352
1149,28,Andhra Pradesh,745,Alluri Sitharama Raju,4849,Chinthapalli,585355,2,Gaddibanda,,Rural,Inhabitant,1635600,585355
1150,28,Andhra Pradesh,745,Alluri Sitharama Raju,4849,Chinthapalli,585356,2,Mulusubanda,,Rural,Inhabitant,1635700,585356
1151,28,Andhra Pradesh,745,Alluri Sitharama Raju,4849,Chinthapalli,585357,2,Sheekayabanda,,Rural,Inhabitant,1635800,585357
1152,28,Andhra Pradesh,745,Alluri Sitharama Raju,4849,Chinthapalli,585358,2,Busibanda,,Rural,Inhabitant,1635900,585358
1153,28,Andhra Pradesh,745,Alluri Sitharama Raju,4849,Chinthapalli,585359,2,Puligondhi,,Rural,Inhabitant,1636000,585359
1154,28,Andhra Pradesh,745,Alluri Sitharama Raju,4849,Chinthapalli,585361,2,Cheemalabayalu,,Rural,Inhabitant,1636200,585361
1155,28,Andhra Pradesh,745,Alluri Sitharama Raju,4849,Chinthapalli,585362,2,Vandlamamidi,,Rural,Inhabitant,1636300,585362
1156,28,Andhra Pradesh,745,Alluri Sitharama Raju,4849,Chinthapalli,585363,2,Jangambuddi,,Rural,Inhabitant,1636400,585363
1157,28,Andhra Pradesh,745,Alluri Sitharama Raju,4849,Chinthapalli,585366,2,Bemudichatru,,Rural,Inhabitant,1636700,585366
1158,28,Andhra Pradesh,745,Alluri Sitharama Raju,4849,Chinthapalli,585367,2,Lakkavaram,,Rural,Inhabitant,1636800,585367
1159,28,Andhra Pradesh,745,Alluri Sitharama Raju,4849,Chinthapalli,585369,2,Gunnamamidi,,Rural,Inhabitant,1637000,585369
1160,28,Andhra Pradesh,745,Alluri Sitharama Raju,4849,Chinthapalli,585374,2,Kapasupadu,,Rural,Inhabitant,1637500,585374
1161,28,Andhra Pradesh,745,Alluri Sitharama Raju,4849,Chinthapalli,585375,2,Dovarapalle,,Rural,Inhabitant,1637600,585375
1162,28,Andhra Pradesh,745,Alluri Sitharama Raju,4849,Chinthapalli,585377,2,Chintapalle (Ct),,Rural,Inhabitant,1625200,585377
1163,28,Andhra Pradesh,745,Alluri Sitharama Raju,4849,Chinthapalli,585129,2,Lammadampalle,,Rural,Inhabitant,1612900,585129
1164,28,Andhra Pradesh,745,Alluri Sitharama Raju,4849,Chinthapalli,585131,2,Digijanaba,,Rural,Inhabitant,1613100,585131
1165,28,Andhra Pradesh,745,Alluri Sitharama Raju,4849,Chinthapalli,585133,2,Tadlapalle,,Rural,Inhabitant,1613300,585133
1166,28,Andhra Pradesh,745,Alluri Sitharama Raju,4849,Chinthapalli,585134,2,Buradamamidi,,Rural,Inhabitant,1613400,585134
1167,28,Andhra Pradesh,745,Alluri Sitharama Raju,4849,Chinthapalli,585136,2,Digavalasapalle,,Rural,Inhabitant,1613600,585136
1168,28,Andhra Pradesh,745,Alluri Sitharama Raju,4849,Chinthapalli,585138,2,Burugubailu,,Rural,Inhabitant,1613800,585138
1169,28,Andhra Pradesh,745,Alluri Sitharama Raju,4849,Chinthapalli,585139,2,Veeravaram,,Rural,Inhabitant,1613900,585139
1170,28,Andhra Pradesh,745,Alluri Sitharama Raju,4849,Chinthapalli,585140,2,Egavalasapalle,,Rural,Inhabitant,1614000,585140
1171,28,Andhra Pradesh,745,Alluri Sitharama Raju,4849,Chinthapalli,585141,2,Kudumulu,,Rural,Inhabitant,1614100,585141
1172,28,Andhra Pradesh,745,Alluri Sitharama Raju,4849,Chinthapalli,585142,2,Kappagondhi,,Rural,Inhabitant,1614200,585142
1173,28,Andhra Pradesh,745,Alluri Sitharama Raju,4849,Chinthapalli,585143,2,Rallagedda Kothuru,,Rural,Inhabitant,1614300,585143
1174,28,Andhra Pradesh,745,Alluri Sitharama Raju,4849,Chinthapalli,585146,2,Goddibanda,,Rural,Inhabitant,1614600,585146
1175,28,Andhra Pradesh,745,Alluri Sitharama Raju,4849,Chinthapalli,585147,2,Kotagunnalu,,Rural,Inhabitant,1614700,585147
1176,28,Andhra Pradesh,745,Alluri Sitharama Raju,4849,Chinthapalli,585148,2,Nimmalapadu,,Rural,Inhabitant,1614800,585148
1177,28,Andhra Pradesh,745,Alluri Sitharama Raju,4849,Chinthapalli,585149,2,Itikabedda,,Rural,Inhabitant,1614900,585149
1178,28,Andhra Pradesh,745,Alluri Sitharama Raju,4849,Chinthapalli,585150,2,Velamjuvvi,,Rural,Inhabitant,1615000,585150
1179,28,Andhra Pradesh,745,Alluri Sitharama Raju,4849,Chinthapalli,585151,2,Joheru,,Rural,Inhabitant,1615100,585151
1180,28,Andhra Pradesh,745,Alluri Sitharama Raju,4849,Chinthapalli,585153,2,Tokapadu,,Rural,Inhabitant,1615300,585153
1181,28,Andhra Pradesh,745,Alluri Sitharama Raju,4849,Chinthapalli,585155,2,Karakapalle,,Rural,Inhabitant,1615500,585155
1182,28,Andhra Pradesh,745,Alluri Sitharama Raju,4849,Chinthapalli,585156,2,Goppugudiselu,,Rural,Inhabitant,1615600,585156
1183,28,Andhra Pradesh,745,Alluri Sitharama Raju,4849,Chinthapalli,585157,2,Vandanapalle,,Rural,Inhabitant,1615700,585157
1184,28,Andhra Pradesh,745,Alluri Sitharama Raju,4849,Chinthapalli,585158,2,Turubongulu,,Rural,Inhabitant,1615800,585158
1185,28,Andhra Pradesh,745,Alluri Sitharama Raju,4849,Chinthapalli,585160,2,Boddaputtu,,Rural,Inhabitant,1616000,585160
1186,28,Andhra Pradesh,745,Alluri Sitharama Raju,4849,Chinthapalli,585167,2,Gorrelametta,,Rural,Inhabitant,1616700,585167
1187,28,Andhra Pradesh,745,Alluri Sitharama Raju,4849,Chinthapalli,585169,2,Lumburu,,Rural,Inhabitant,1616900,585169
1188,28,Andhra Pradesh,745,Alluri Sitharama Raju,4849,Chinthapalli,585170,2,Pusalapalem,,Rural,Inhabitant,1617000,585170
1189,28,Andhra Pradesh,745,Alluri Sitharama Raju,4849,Chinthapalli,585177,2,Pedagondhi,,Rural,Inhabitant,1617700,585177
1190,28,Andhra Pradesh,745,Alluri Sitharama Raju,4849,Chinthapalli,585178,2,Gosaigondhi,,Rural,Inhabitant,1617800,585178
1191,28,Andhra Pradesh,745,Alluri Sitharama Raju,4849,Chinthapalli,585180,2,Varathanapalle,,Rural,Inhabitant,1618000,585180
1192,28,Andhra Pradesh,745,Alluri Sitharama Raju,4849,Chinthapalli,585181,2,Somavaram,,Rural,Inhabitant,1618100,585181
1193,28,Andhra Pradesh,745,Alluri Sitharama Raju,4849,Chinthapalli,585183,2,Dongalega,,Rural,Inhabitant,1618300,585183
1194,28,Andhra Pradesh,745,Alluri Sitharama Raju,4849,Chinthapalli,585185,2,Vedurupalle,,Rural,Inhabitant,1618500,585185
1195,28,Andhra Pradesh,745,Alluri Sitharama Raju,4849,Chinthapalli,585186,2,Joharu,,Rural,Inhabitant,1618600,585186
1196,28,Andhra Pradesh,745,Alluri Sitharama Raju,4849,Chinthapalli,585189,2,Panasalapadu,,Rural,Inhabitant,1618900,585189
1197,28,Andhra Pradesh,745,Alluri Sitharama Raju,4849,Chinthapalli,585190,2,Kuramanapakalu,,Rural,Inhabitant,1619000,585190
1198,28,Andhra Pradesh,745,Alluri Sitharama Raju,4849,Chinthapalli,585193,2,Godugulametta,,Rural,Inhabitant,1619300,585193
1199,28,Andhra Pradesh,745,Alluri Sitharama Raju,4849,Chinthapalli,585194,2,Jangampakalu,,Rural,Inhabitant,1619400,585194
1200,28,Andhra Pradesh,745,Alluri Sitharama Raju,4849,Chinthapalli,585197,2,Annavaram,,Rural,Inhabitant,1619700,585197
1201,28,Andhra Pradesh,745,Alluri Sitharama Raju,4849,Chinthapalli,585199,2,Lothugedda,,Rural,Inhabitant,1619900,585199
1202,28,Andhra Pradesh,745,Alluri Sitharama Raju,4849,Chinthapalli,585200,2,Meduru,,Rural,Inhabitant,1620000,585200
1203,28,Andhra Pradesh,745,Alluri Sitharama Raju,4849,Chinthapalli,585201,2,Cherukumpakalu,,Rural,Inhabitant,1620100,585201
1204,28,Andhra Pradesh,745,Alluri Sitharama Raju,4849,Chinthapalli,585202,2,Lingalagudi,,Rural,Inhabitant,1620200,585202
1205,28,Andhra Pradesh,745,Alluri Sitharama Raju,4849,Chinthapalli,585203,2,Bandabayalu,,Rural,Inhabitant,1620300,585203
1206,28,Andhra Pradesh,745,Alluri Sitharama Raju,4849,Chinthapalli,585205,2,Junnulu,,Rural,Inhabitant,1620500,585205
1207,28,Andhra Pradesh,745,Alluri Sitharama Raju,4849,Chinthapalli,585207,2,Pothurajugummalu,,Rural,Inhabitant,1620700,585207
1208,28,Andhra Pradesh,745,Alluri Sitharama Raju,4849,Chinthapalli,585208,2,Bennavaram,,Rural,Inhabitant,1620800,585208
1209,28,Andhra Pradesh,745,Alluri Sitharama Raju,4849,Chinthapalli,585210,2,Pinapadu,,Unmapped,Inhabitant,1621000,585210
1210,28,Andhra Pradesh,745,Alluri Sitharama Raju,4849,Chinthapalli,585212,2,Pedakonda,,Rural,Inhabitant,1621200,585212
1211,28,Andhra Pradesh,745,Alluri Sitharama Raju,4849,Chinthapalli,585277,2,Barikadorapakalu @ Rajupakalu,,Rural,Inhabitant,1627800,585277
1212,28,Andhra Pradesh,745,Alluri Sitharama Raju,4849,Chinthapalli,585279,2,Krishnapuram,,Rural,Inhabitant,1628000,585279
1213,28,Andhra Pradesh,745,Alluri Sitharama Raju,4849,Chinthapalli,585280,2,Terapalle,,Rural,Inhabitant,1628100,585280
1214,28,Andhra Pradesh,745,Alluri Sitharama Raju,4849,Chinthapalli,585282,2,Nagulagondi,,Rural,Inhabitant,1628300,585282
1215,28,Andhra Pradesh,745,Alluri Sitharama Raju,4849,Chinthapalli,585284,2,Kikkisalabanda,,Rural,Inhabitant,1628500,585284
1216,28,Andhra Pradesh,745,Alluri Sitharama Raju,4849,Chinthapalli,585285,2,Kudupusingi,,Rural,Inhabitant,1628600,585285
1217,28,Andhra Pradesh,745,Alluri Sitharama Raju,4849,Chinthapalli,585286,2,Kommangi,,Rural,Inhabitant,1628700,585286
1218,28,Andhra Pradesh,745,Alluri Sitharama Raju,4849,Chinthapalli,585287,2,Pamulachintabanda,,Rural,Inhabitant,1628800,585287
1219,28,Andhra Pradesh,745,Alluri Sitharama Raju,4849,Chinthapalli,585288,2,Parikalu,,Rural,Inhabitant,1628900,585288
1220,28,Andhra Pradesh,745,Alluri Sitharama Raju,4849,Chinthapalli,585289,2,Jangambanda,,Rural,Inhabitant,1629000,585289
1221,28,Andhra Pradesh,745,Alluri Sitharama Raju,4849,Chinthapalli,585294,2,Samagiri,,Rural,Inhabitant,1629500,585294
1222,28,Andhra Pradesh,745,Alluri Sitharama Raju,4849,Chinthapalli,585295,2,Kothaveedhi,,Rural,Inhabitant,1629600,585295
1223,28,Andhra Pradesh,745,Alluri Sitharama Raju,4849,Chinthapalli,585299,2,Rolugunta,,Rural,Inhabitant,1630000,585299
1224,28,Andhra Pradesh,745,Alluri Sitharama Raju,4849,Chinthapalli,585300,2,Thatibanda,,Rural,Inhabitant,1630100,585300
1225,28,Andhra Pradesh,745,Alluri Sitharama Raju,4849,Chinthapalli,585303,2,Borramamidi,,Rural,Inhabitant,1630400,585303
1226,28,Andhra Pradesh,745,Alluri Sitharama Raju,4849,Chinthapalli,585305,2,Pothurajugunnalu,,Rural,Inhabitant,1630600,585305
1227,28,Andhra Pradesh,745,Alluri Sitharama Raju,4849,Chinthapalli,585307,2,Porlubanda,,Rural,Inhabitant,1630800,585307
1228,28,Andhra Pradesh,745,Alluri Sitharama Raju,4849,Chinthapalli,585309,2,Tappulamamidi,,Rural,Inhabitant,1631000,585309
1229,28,Andhra Pradesh,745,Alluri Sitharama Raju,4849,Chinthapalli,585310,2,Boyalagudem,,Rural,Inhabitant,1631100,585310
1230,28,Andhra Pradesh,745,Alluri Sitharama Raju,4849,Chinthapalli,585311,2,Seetharamapuram,,Rural,Inhabitant,1631200,585311
1231,28,Andhra Pradesh,745,Alluri Sitharama Raju,4849,Chinthapalli,585313,2,Jerrigedda,,Rural,Inhabitant,1631400,585313
1232,28,Andhra Pradesh,745,Alluri Sitharama Raju,4849,Chinthapalli,585318,2,Siripuram,,Rural,Inhabitant,1631900,585318
1233,28,Andhra Pradesh,745,Alluri Sitharama Raju,4849,Chinthapalli,585319,2,Diguvapakalu,,Rural,Inhabitant,1632000,585319
1234,28,Andhra Pradesh,745,Alluri Sitharama Raju,4849,Chinthapalli,585321,2,Rowrimthada,,Rural,Inhabitant,1632200,585321
1235,28,Andhra Pradesh,745,Alluri Sitharama Raju,4849,Chinthapalli,585322,2,Baddimetta,,Rural,Inhabitant,1632300,585322
1236,28,Andhra Pradesh,745,Alluri Sitharama Raju,4849,Chinthapalli,585323,2,Chitrallagoppu,,Rural,Inhabitant,1632400,585323
1237,28,Andhra Pradesh,745,Alluri Sitharama Raju,4849,Chinthapalli,585324,2,Lammasingi,,Rural,Inhabitant,1632500,585324
1238,28,Andhra Pradesh,745,Alluri Sitharama Raju,4849,Chinthapalli,585325,2,Nuthibanda,,Rural,Inhabitant,1632600,585325
1239,28,Andhra Pradesh,745,Alluri Sitharama Raju,4849,Chinthapalli,585326,2,Ona Chakarayabanda,,Rural,Inhabitant,1632700,585326
1240,28,Andhra Pradesh,745,Alluri Sitharama Raju,4849,Chinthapalli,585329,2,Asirada,,Rural,Inhabitant,1633000,585329
1241,28,Andhra Pradesh,745,Alluri Sitharama Raju,4849,Chinthapalli,585331,2,Tajangi,,Rural,Inhabitant,1633200,585331
1242,28,Andhra Pradesh,745,Alluri Sitharama Raju,4849,Chinthapalli,585332,2,Rachapanukulu,,Rural,Inhabitant,1633300,585332
1243,28,Andhra Pradesh,745,Alluri Sitharama Raju,4849,Chinthapalli,585334,2,Bowda,,Rural,Inhabitant,1633500,585334
1244,28,Andhra Pradesh,745,Alluri Sitharama Raju,4849,Chinthapalli,585336,2,Rakota,,Rural,Inhabitant,1633700,585336
1245,28,Andhra Pradesh,745,Alluri Sitharama Raju,4849,Chinthapalli,585338,2,Balabadram,,Rural,Inhabitant,1633900,585338
1246,28,Andhra Pradesh,745,Alluri Sitharama Raju,4849,Chinthapalli,585341,2,Kurusingi,,Rural,Inhabitant,1634200,585341
1247,28,Andhra Pradesh,745,Alluri Sitharama Raju,4849,Chinthapalli,585344,2,Ubalagaruvu,,Rural,Inhabitant,1634500,585344
1248,28,Andhra Pradesh,745,Alluri Sitharama Raju,4849,Chinthapalli,585346,2,Busulakota,,Rural,Inhabitant,1634700,585346
1249,28,Andhra Pradesh,745,Alluri Sitharama Raju,4849,Chinthapalli,585347,2,Sanivaram,,Rural,Inhabitant,1634800,585347
1250,28,Andhra Pradesh,745,Alluri Sitharama Raju,4849,Chinthapalli,585348,2,Chinnayyapalem,,Rural,Inhabitant,1634900,585348
1251,28,Andhra Pradesh,745,Alluri Sitharama Raju,4849,Chinthapalli,585349,2,Tamarapalle,,Rural,Inhabitant,1635000,585349
1252,28,Andhra Pradesh,745,Alluri Sitharama Raju,4849,Chinthapalli,585350,2,Singavaram,,Rural,Inhabitant,1635100,585350
1253,28,Andhra Pradesh,745,Alluri Sitharama Raju,4849,Chinthapalli,585353,2,Usuruputtu,,Rural,Inhabitant,1635400,585353
1254,28,Andhra Pradesh,745,Alluri Sitharama Raju,4849,Chinthapalli,585354,2,Nimmalapalem,,Rural,Inhabitant,1635500,585354
1255,28,Andhra Pradesh,745,Alluri Sitharama Raju,4849,Chinthapalli,585360,2,Polamabanda,,Rural,Inhabitant,1636100,585360
1256,28,Andhra Pradesh,745,Alluri Sitharama Raju,4849,Chinthapalli,585364,2,Munthamamidi,,Rural,Inhabitant,1636500,585364
1257,28,Andhra Pradesh,745,Alluri Sitharama Raju,4849,Chinthapalli,585365,2,Nagraharam,,Rural,Inhabitant,1636600,585365
1258,28,Andhra Pradesh,745,Alluri Sitharama Raju,4849,Chinthapalli,585368,2,Matchalamamidi,,Rural,Inhabitant,1636900,585368
1259,28,Andhra Pradesh,745,Alluri Sitharama Raju,4849,Chinthapalli,585370,2,Madimabanda,,Rural,Inhabitant,1637100,585370
1260,28,Andhra Pradesh,745,Alluri Sitharama Raju,4849,Chinthapalli,585371,2,Rayipalem,,Rural,Inhabitant,1637200,585371
1261,28,Andhra Pradesh,745,Alluri Sitharama Raju,4849,Chinthapalli,585372,2,Thatibanda,,Unmapped,Inhabitant,1637300,585372
1262,28,Andhra Pradesh,745,Alluri Sitharama Raju,4849,Chinthapalli,585373,2,Nadimipalem,,Rural,Inhabitant,1637400,585373
1263,28,Andhra Pradesh,745,Alluri Sitharama Raju,4849,Chinthapalli,585376,2,Palamamidi,,Rural,Inhabitant,1637700,585376
1264,28,Andhra Pradesh,745,Alluri Sitharama Raju,4849,Chinthapalli,585130,2,Egajanaba,,Rural,Inhabitant,1613000,585130
1265,28,Andhra Pradesh,745,Alluri Sitharama Raju,4849,Chinthapalli,585132,2,Cheruvuru,,Rural,Inhabitant,1613200,585132
1266,28,Andhra Pradesh,745,Alluri Sitharama Raju,4849,Chinthapalli,585135,2,Korukonda,,Rural,Inhabitant,1613500,585135
1267,28,Andhra Pradesh,745,Alluri Sitharama Raju,4849,Chinthapalli,585137,2,Turamamidi,,Rural,Inhabitant,1613700,585137
1268,28,Andhra Pradesh,745,Alluri Sitharama Raju,4849,Chinthapalli,585144,2,Rallagedda,,Rural,Inhabitant,1614400,585144
1269,28,Andhra Pradesh,745,Alluri Sitharama Raju,4849,Chinthapalli,585213,2,Kadasilpa,,Rural,Inhabitant,1621300,585213
1270,28,Andhra Pradesh,745,Alluri Sitharama Raju,4849,Chinthapalli,585214,2,Teegalametta,,Rural,Inhabitant,1621400,585214
1271,28,Andhra Pradesh,745,Alluri Sitharama Raju,4849,Chinthapalli,585215,2,Godugumamidi,,Rural,Inhabitant,1621500,585215
1272,28,Andhra Pradesh,745,Alluri Sitharama Raju,4849,Chinthapalli,585220,2,Bennavaram,,Unmapped,Inhabitant,1622000,585220
1273,28,Andhra Pradesh,745,Alluri Sitharama Raju,4849,Chinthapalli,585221,2,Karakapalle,,Rural,Inhabitant,1622100,585221
1274,28,Andhra Pradesh,745,Alluri Sitharama Raju,4849,Chinthapalli,585222,2,Umrasigondi,,Rural,Inhabitant,1622200,585222
1275,28,Andhra Pradesh,745,Alluri Sitharama Raju,4849,Chinthapalli,585223,2,Bheemasingi,,Rural,Inhabitant,1622300,585223
1276,28,Andhra Pradesh,745,Alluri Sitharama Raju,4849,Chinthapalli,585224,2,Pedapakalu,,Rural,Inhabitant,1622400,585224
1277,28,Andhra Pradesh,745,Alluri Sitharama Raju,4849,Chinthapalli,585226,2,Debbagaruvu,,Rural,Inhabitant,1622600,585226
1278,28,Andhra Pradesh,745,Alluri Sitharama Raju,4849,Chinthapalli,585228,2,Vangasari,,Rural,Inhabitant,1622800,585228
1279,28,Andhra Pradesh,745,Alluri Sitharama Raju,4849,Chinthapalli,585233,2,Mallavaram,,Rural,Inhabitant,1623300,585233
1280,28,Andhra Pradesh,745,Alluri Sitharama Raju,4849,Chinthapalli,585236,2,Chavatapadu,,Rural,Inhabitant,1623600,585236
1281,28,Andhra Pradesh,745,Alluri Sitharama Raju,4849,Chinthapalli,585237,2,Vamigedda Kothuru,,Rural,Inhabitant,1623700,585237
1282,28,Andhra Pradesh,745,Alluri Sitharama Raju,4849,Chinthapalli,585242,2,Vamigedda,,Rural,Inhabitant,1624200,585242
1283,28,Andhra Pradesh,745,Alluri Sitharama Raju,4849,Chinthapalli,585245,2,Bourthy,,Rural,Inhabitant,1624500,585245
1284,28,Andhra Pradesh,745,Alluri Sitharama Raju,4849,Chinthapalli,585248,2,Pasuvulabanda,,Rural,Inhabitant,1624800,585248
1285,28,Andhra Pradesh,745,Alluri Sitharama Raju,4849,Chinthapalli,585249,2,Chowdupalle,,Rural,Inhabitant,1624900,585249
1286,28,Andhra Pradesh,745,Alluri Sitharama Raju,4849,Chinthapalli,585252,2,Balajipeta,,Rural,Inhabitant,1625300,585252
1287,28,Andhra Pradesh,745,Alluri Sitharama Raju,4849,Chinthapalli,585255,2,Sallai,,Rural,Inhabitant,1625600,585255
1288,28,Andhra Pradesh,745,Alluri Sitharama Raju,4849,Chinthapalli,585256,2,Genjigedda,,Rural,Inhabitant,1625700,585256
1289,28,Andhra Pradesh,745,Alluri Sitharama Raju,4849,Chinthapalli,585257,2,Sadika,,Rural,Inhabitant,1625800,585257
1290,28,Andhra Pradesh,745,Alluri Sitharama Raju,4849,Chinthapalli,585258,2,Routhupayalu,,Rural,Inhabitant,1625900,585258
1291,28,Andhra Pradesh,745,Alluri Sitharama Raju,4849,Chinthapalli,585260,2,Burisingi,,Rural,Inhabitant,1626100,585260
1292,28,Andhra Pradesh,745,Alluri Sitharama Raju,4849,Chinthapalli,585261,2,Regubailu,,Rural,Inhabitant,1626200,585261
1293,28,Andhra Pradesh,745,Alluri Sitharama Raju,4849,Chinthapalli,585262,2,Budidapadu,,Rural,Inhabitant,1626300,585262
1294,28,Andhra Pradesh,745,Alluri Sitharama Raju,4849,Chinthapalli,585265,2,Bayapadu,,Rural,Inhabitant,1626600,585265
1295,28,Andhra Pradesh,745,Alluri Sitharama Raju,4849,Chinthapalli,585270,2,Marrichettu Pakalu,,Rural,Inhabitant,1627100,585270
1296,28,Andhra Pradesh,745,Alluri Sitharama Raju,4849,Chinthapalli,585271,2,Bangarugummi,,Rural,Inhabitant,1627200,585271
1297,28,Andhra Pradesh,745,Alluri Sitharama Raju,4849,Chinthapalli,585273,2,Thallakota,,Rural,Inhabitant,1627400,585273
1298,28,Andhra Pradesh,745,Alluri Sitharama Raju,4849,Chinthapalli,585275,2,Labbangi,,Rural,Inhabitant,1627600,585275
1299,28,Andhra Pradesh,745,Alluri Sitharama Raju,4849,Chinthapalli,585276,2,Jangampakalu,,Rural,Inhabitant,1627700,585276
1300,28,Andhra Pradesh,745,Alluri Sitharama Raju,4843,Dumbriguda,583851,2,Kotragondi,,Rural,Inhabitant,1485300,583851
1301,28,Andhra Pradesh,745,Alluri Sitharama Raju,4843,Dumbriguda,583854,2,Chamadapadu,,Rural,Inhabitant,1485600,583854
1302,28,Andhra Pradesh,745,Alluri Sitharama Raju,4843,Dumbriguda,583856,2,Bitragonda,,Rural,Inhabitant,1485800,583856
1303,28,Andhra Pradesh,745,Alluri Sitharama Raju,4843,Dumbriguda,583859,2,Gatharagilleda,,Rural,Inhabitant,1486100,583859
1304,28,Andhra Pradesh,745,Alluri Sitharama Raju,4843,Dumbriguda,583860,2,Gasaba,,Rural,Inhabitant,1486200,583860
1305,28,Andhra Pradesh,745,Alluri Sitharama Raju,4843,Dumbriguda,583861,2,Logili,,Rural,Inhabitant,1486300,583861
1306,28,Andhra Pradesh,745,Alluri Sitharama Raju,4843,Dumbriguda,583862,2,Demuduvalasa,,Rural,Inhabitant,1486400,583862
1307,28,Andhra Pradesh,745,Alluri Sitharama Raju,4843,Dumbriguda,583866,2,Vadiyavalasa @ Vaddevalasa,,Rural,Inhabitant,1486800,583866
1308,28,Andhra Pradesh,745,Alluri Sitharama Raju,4843,Dumbriguda,583868,2,Sagirivalasa,,Rural,Inhabitant,1487000,583868
1309,28,Andhra Pradesh,745,Alluri Sitharama Raju,4843,Dumbriguda,583870,2,Kuda,,Rural,Inhabitant,1487200,583870
1310,28,Andhra Pradesh,745,Alluri Sitharama Raju,4843,Dumbriguda,583871,2,Koranjiguda,,Rural,Inhabitant,1487300,583871
1311,28,Andhra Pradesh,745,Alluri Sitharama Raju,4843,Dumbriguda,583873,2,Gorapur,,Rural,Inhabitant,1487500,583873
1312,28,Andhra Pradesh,745,Alluri Sitharama Raju,4843,Dumbriguda,583874,2,Sagara,,Rural,Inhabitant,1487600,583874
1313,28,Andhra Pradesh,745,Alluri Sitharama Raju,4843,Dumbriguda,583875,2,Anjoda,,Rural,Inhabitant,1487700,583875
1314,28,Andhra Pradesh,745,Alluri Sitharama Raju,4843,Dumbriguda,583876,2,Araku,,Rural,Inhabitant,1487800,583876
1315,28,Andhra Pradesh,745,Alluri Sitharama Raju,4843,Dumbriguda,583879,2,Sarai,,Rural,Inhabitant,1488100,583879
1316,28,Andhra Pradesh,745,Alluri Sitharama Raju,4843,Dumbriguda,583880,2,Gadabagolugu,,Rural,Inhabitant,1488200,583880
1317,28,Andhra Pradesh,745,Alluri Sitharama Raju,4843,Dumbriguda,583881,2,Ujjangi,,Rural,Inhabitant,1488300,583881
1318,28,Andhra Pradesh,745,Alluri Sitharama Raju,4843,Dumbriguda,583883,2,Kinjeru,,Rural,Inhabitant,1488500,583883
1319,28,Andhra Pradesh,745,Alluri Sitharama Raju,4843,Dumbriguda,583886,2,Kutti,,Rural,Inhabitant,1488800,583886
1320,28,Andhra Pradesh,745,Alluri Sitharama Raju,4843,Dumbriguda,583887,2,Dathuru,,Rural,Inhabitant,1488900,583887
1321,28,Andhra Pradesh,745,Alluri Sitharama Raju,4843,Dumbriguda,583888,2,Thutangi,,Rural,Inhabitant,1489000,583888
1322,28,Andhra Pradesh,745,Alluri Sitharama Raju,4843,Dumbriguda,583891,2,Lakka,,Rural,Inhabitant,1489300,583891
1323,28,Andhra Pradesh,745,Alluri Sitharama Raju,4843,Dumbriguda,583893,2,Chelimarivalasa,,Rural,Inhabitant,1489500,583893
1324,28,Andhra Pradesh,745,Alluri Sitharama Raju,4843,Dumbriguda,583895,2,Jamguda,,Rural,Inhabitant,1489700,583895
1325,28,Andhra Pradesh,745,Alluri Sitharama Raju,4843,Dumbriguda,583901,2,Pedapadu,,Rural,Inhabitant,1490300,583901
1326,28,Andhra Pradesh,745,Alluri Sitharama Raju,4843,Dumbriguda,583903,2,Dumbriguda,,Rural,Inhabitant,1490500,583903
1327,28,Andhra Pradesh,745,Alluri Sitharama Raju,4843,Dumbriguda,583908,2,Ranginiguda,,Rural,Inhabitant,1491000,583908
1328,28,Andhra Pradesh,745,Alluri Sitharama Raju,4843,Dumbriguda,583909,2,Gondiguda,,Rural,Inhabitant,1491100,583909
1329,28,Andhra Pradesh,745,Alluri Sitharama Raju,4843,Dumbriguda,583910,2,Billaputtu,,Rural,Inhabitant,1491200,583910
1330,28,Andhra Pradesh,745,Alluri Sitharama Raju,4843,Dumbriguda,583911,2,Jurripadu,,Rural,Inhabitant,1491300,583911
1331,28,Andhra Pradesh,745,Alluri Sitharama Raju,4843,Dumbriguda,583920,2,Vayya,,Rural,Inhabitant,1492200,583920
1332,28,Andhra Pradesh,745,Alluri Sitharama Raju,4843,Dumbriguda,583921,2,Morriguda,,Rural,Inhabitant,1492300,583921
1333,28,Andhra Pradesh,745,Alluri Sitharama Raju,4843,Dumbriguda,583923,2,Bairaguda,,Rural,Inhabitant,1492500,583923
1334,28,Andhra Pradesh,745,Alluri Sitharama Raju,4843,Dumbriguda,583925,2,Dondalavalasa,,Rural,Inhabitant,1492700,583925
1335,28,Andhra Pradesh,745,Alluri Sitharama Raju,4843,Dumbriguda,583926,2,Korra,,Rural,Inhabitant,1492800,583926
1336,28,Andhra Pradesh,745,Alluri Sitharama Raju,4843,Dumbriguda,583932,2,Gondivalasa,,Rural,Inhabitant,1493400,583932
1337,28,Andhra Pradesh,745,Alluri Sitharama Raju,4843,Dumbriguda,583933,2,Guntagannela,,Rural,Inhabitant,1493500,583933
1338,28,Andhra Pradesh,745,Alluri Sitharama Raju,4843,Dumbriguda,583847,2,Kiridivalasa,,Rural,Inhabitant,1484900,583847
1339,28,Andhra Pradesh,745,Alluri Sitharama Raju,4843,Dumbriguda,583848,2,Mallivalasa,,Rural,Inhabitant,1485000,583848
1340,28,Andhra Pradesh,745,Alluri Sitharama Raju,4843,Dumbriguda,583849,2,Ranginivalasa,,Rural,Inhabitant,1485100,583849
1341,28,Andhra Pradesh,745,Alluri Sitharama Raju,4843,Dumbriguda,583850,2,Chinakaguvalasa,,Rural,Inhabitant,1485200,583850
1342,28,Andhra Pradesh,745,Alluri Sitharama Raju,4843,Dumbriguda,583852,2,Goppilivalasa,,Rural,Inhabitant,1485400,583852
1343,28,Andhra Pradesh,745,Alluri Sitharama Raju,4843,Dumbriguda,583853,2,Panasavalasa,,Rural,Inhabitant,1485500,583853
1344,28,Andhra Pradesh,745,Alluri Sitharama Raju,4843,Dumbriguda,583855,2,Kollaputtu,,Rural,Inhabitant,1485700,583855
1345,28,Andhra Pradesh,745,Alluri Sitharama Raju,4843,Dumbriguda,583857,2,Thotavalasa,,Rural,Inhabitant,1485900,583857
1346,28,Andhra Pradesh,745,Alluri Sitharama Raju,4843,Dumbriguda,583858,2,Korrai,,Rural,Inhabitant,1486000,583858
1347,28,Andhra Pradesh,745,Alluri Sitharama Raju,4843,Dumbriguda,583863,2,Badiyapadu,,Rural,Inhabitant,1486500,583863
1348,28,Andhra Pradesh,745,Alluri Sitharama Raju,4843,Dumbriguda,583864,2,Sovva,,Rural,Inhabitant,1486600,583864
1349,28,Andhra Pradesh,745,Alluri Sitharama Raju,4843,Dumbriguda,583865,2,Karakavalasa,,Rural,Inhabitant,1486700,583865
1350,28,Andhra Pradesh,745,Alluri Sitharama Raju,4843,Dumbriguda,583867,2,Malinguvalasa,,Rural,Inhabitant,1486900,583867
1351,28,Andhra Pradesh,745,Alluri Sitharama Raju,4843,Dumbriguda,583869,2,Kamalabanda,,Rural,Inhabitant,1487100,583869
1352,28,Andhra Pradesh,745,Alluri Sitharama Raju,4843,Dumbriguda,583872,2,Vasabanda,,Rural,Inhabitant,1487400,583872
1353,28,Andhra Pradesh,745,Alluri Sitharama Raju,4843,Dumbriguda,583877,2,Kuridi,,Rural,Inhabitant,1487900,583877
1354,28,Andhra Pradesh,745,Alluri Sitharama Raju,4843,Dumbriguda,583878,2,Nimmagedda,,Rural,Inhabitant,1488000,583878
1355,28,Andhra Pradesh,745,Alluri Sitharama Raju,4843,Dumbriguda,583882,2,Ombi,,Rural,Inhabitant,1488400,583882
1356,28,Andhra Pradesh,745,Alluri Sitharama Raju,4843,Dumbriguda,583884,2,Kujabangi,,Rural,Inhabitant,1488600,583884
1357,28,Andhra Pradesh,745,Alluri Sitharama Raju,4843,Dumbriguda,583885,2,Rangilisingi,,Rural,Inhabitant,1488700,583885
1358,28,Andhra Pradesh,745,Alluri Sitharama Raju,4843,Dumbriguda,583889,2,Lyganda,,Rural,Inhabitant,1489100,583889
1359,28,Andhra Pradesh,745,Alluri Sitharama Raju,4843,Dumbriguda,583890,2,Guntaseema,,Rural,Inhabitant,1489200,583890
1360,28,Andhra Pradesh,745,Alluri Sitharama Raju,4843,Dumbriguda,583892,2,Bodimela,,Rural,Inhabitant,1489400,583892
1361,28,Andhra Pradesh,745,Alluri Sitharama Raju,4843,Dumbriguda,583894,2,Musiri,,Rural,Inhabitant,1489600,583894
1362,28,Andhra Pradesh,745,Alluri Sitharama Raju,4843,Dumbriguda,583896,2,Sornayakguda @ Surusyaguda,,Rural,Inhabitant,1489800,583896
1363,28,Andhra Pradesh,745,Alluri Sitharama Raju,4843,Dumbriguda,583897,2,Kandram,,Rural,Inhabitant,1489900,583897
1364,28,Andhra Pradesh,745,Alluri Sitharama Raju,4843,Dumbriguda,583898,2,Paridi,,Rural,Inhabitant,1490000,583898
1365,28,Andhra Pradesh,745,Alluri Sitharama Raju,4843,Dumbriguda,583899,2,Pothangi,,Rural,Inhabitant,1490100,583899
1366,28,Andhra Pradesh,745,Alluri Sitharama Raju,4843,Dumbriguda,583900,2,Pantalachinta,,Rural,Inhabitant,1490200,583900
1367,28,Andhra Pradesh,745,Alluri Sitharama Raju,4843,Dumbriguda,583902,2,Antriguda,,Rural,Inhabitant,1490400,583902
1368,28,Andhra Pradesh,745,Alluri Sitharama Raju,4843,Dumbriguda,583904,2,Livitiputtu,,Rural,Inhabitant,1490600,583904
1369,28,Andhra Pradesh,745,Alluri Sitharama Raju,4843,Dumbriguda,583905,2,Vantharla,,Rural,Inhabitant,1490700,583905
1370,28,Andhra Pradesh,745,Alluri Sitharama Raju,4843,Dumbriguda,583906,2,Arama,,Rural,Inhabitant,1490800,583906
1371,28,Andhra Pradesh,745,Alluri Sitharama Raju,4843,Dumbriguda,583907,2,Godasortu,,Rural,Inhabitant,1490900,583907
1372,28,Andhra Pradesh,745,Alluri Sitharama Raju,4843,Dumbriguda,583912,2,Kinchumanda,,Rural,Inhabitant,1491400,583912
1373,28,Andhra Pradesh,745,Alluri Sitharama Raju,4843,Dumbriguda,583913,2,Kusumavalasa,,Rural,Inhabitant,1491500,583913
1374,28,Andhra Pradesh,745,Alluri Sitharama Raju,4843,Dumbriguda,583914,2,Uyyalaputtu,,Rural,Inhabitant,1491600,583914
1375,28,Andhra Pradesh,745,Alluri Sitharama Raju,4843,Dumbriguda,583915,2,Kosangi,,Rural,Inhabitant,1491700,583915
1376,28,Andhra Pradesh,745,Alluri Sitharama Raju,4843,Dumbriguda,583916,2,Champaputtu,,Rural,Inhabitant,1491800,583916
1377,28,Andhra Pradesh,745,Alluri Sitharama Raju,4843,Dumbriguda,583917,2,Seelamgondi,,Rural,Inhabitant,1491900,583917
1378,28,Andhra Pradesh,745,Alluri Sitharama Raju,4843,Dumbriguda,583919,2,Kithalangi,,Rural,Inhabitant,1492100,583919
1379,28,Andhra Pradesh,745,Alluri Sitharama Raju,4843,Dumbriguda,583922,2,Gandha,,Rural,Inhabitant,1492400,583922
1380,28,Andhra Pradesh,745,Alluri Sitharama Raju,4843,Dumbriguda,583924,2,Sangamvalasa,,Rural,Inhabitant,1492600,583924
1381,28,Andhra Pradesh,745,Alluri Sitharama Raju,4843,Dumbriguda,583927,2,Mamidivalasa,,Rural,Inhabitant,1492900,583927
1382,28,Andhra Pradesh,745,Alluri Sitharama Raju,4843,Dumbriguda,583928,2,Pariseela,,Rural,Inhabitant,1493000,583928
1383,28,Andhra Pradesh,745,Alluri Sitharama Raju,4843,Dumbriguda,583929,2,Padi,,Rural,Inhabitant,1493100,583929
1384,28,Andhra Pradesh,745,Alluri Sitharama Raju,4843,Dumbriguda,583930,2,Borrapalem,,Rural,Inhabitant,1493200,583930
1385,28,Andhra Pradesh,745,Alluri Sitharama Raju,4843,Dumbriguda,583931,2,Boddaputtu,,Rural,Inhabitant,1493300,583931
1386,28,Andhra Pradesh,745,Alluri Sitharama Raju,4843,Dumbriguda,929961,3,Nandivalasa,,Rural,Inhabitant,0,0
1387,28,Andhra Pradesh,745,Alluri Sitharama Raju,4843,Dumbriguda,583918,4,Nandiguda,,Rural,Inhabitant,1492000,583918
1388,28,Andhra Pradesh,745,Alluri Sitharama Raju,4848,G.Madugula,585037,2,Barisingi,,Rural,Inhabitant,1603700,585037
1389,28,Andhra Pradesh,745,Alluri Sitharama Raju,4848,G.Madugula,585038,2,Degalapalem,,Rural,Inhabitant,1603800,585038
1390,28,Andhra Pradesh,745,Alluri Sitharama Raju,4848,G.Madugula,585039,2,Goddukuralabanda,,Rural,Inhabitant,1603900,585039
1391,28,Andhra Pradesh,745,Alluri Sitharama Raju,4848,G.Madugula,585043,2,Pedavalasa,,Rural,Inhabitant,1604300,585043
1392,28,Andhra Pradesh,745,Alluri Sitharama Raju,4848,G.Madugula,585047,2,Dabbagaruvu,,Rural,Inhabitant,1604700,585047
1393,28,Andhra Pradesh,745,Alluri Sitharama Raju,4848,G.Madugula,585048,2,Bangarumamidi,,Rural,Inhabitant,1604800,585048
1394,28,Andhra Pradesh,745,Alluri Sitharama Raju,4848,G.Madugula,585050,2,Ganjigedda,,Rural,Inhabitant,1605000,585050
1395,28,Andhra Pradesh,745,Alluri Sitharama Raju,4848,G.Madugula,585051,2,Peddapinapalem,,Rural,Inhabitant,1605100,585051
1396,28,Andhra Pradesh,745,Alluri Sitharama Raju,4848,G.Madugula,585052,2,Ganugurolu,,Rural,Inhabitant,1605200,585052
1397,28,Andhra Pradesh,745,Alluri Sitharama Raju,4848,G.Madugula,585056,2,Goddalikarra,,Rural,Inhabitant,1605600,585056
1398,28,Andhra Pradesh,745,Alluri Sitharama Raju,4848,G.Madugula,585058,2,Peddabayalu,,Rural,Inhabitant,1605800,585058
1399,28,Andhra Pradesh,745,Alluri Sitharama Raju,4848,G.Madugula,585059,2,Jolamputtu,,Rural,Inhabitant,1605900,585059
1400,28,Andhra Pradesh,745,Alluri Sitharama Raju,4848,G.Madugula,585065,2,Chuttukota,,Rural,Inhabitant,1606500,585065
1401,28,Andhra Pradesh,745,Alluri Sitharama Raju,4848,G.Madugula,585068,2,Gorrilaputtu,,Rural,Inhabitant,1606800,585068
1402,28,Andhra Pradesh,745,Alluri Sitharama Raju,4848,G.Madugula,585070,2,Pedaporlu,,Rural,Inhabitant,1607000,585070
1403,28,Andhra Pradesh,745,Alluri Sitharama Raju,4848,G.Madugula,585074,2,Akuthota,,Rural,Inhabitant,1607400,585074
1404,28,Andhra Pradesh,745,Alluri Sitharama Raju,4848,G.Madugula,585076,2,Rolugunta,,Rural,Inhabitant,1607600,585076
1405,28,Andhra Pradesh,745,Alluri Sitharama Raju,4848,G.Madugula,585079,2,Pittagullu @ Pittagudlu,,Rural,Inhabitant,1607900,585079
1406,28,Andhra Pradesh,745,Alluri Sitharama Raju,4848,G.Madugula,585080,2,Nittamamidi,,Rural,Inhabitant,1608000,585080
1407,28,Andhra Pradesh,745,Alluri Sitharama Raju,4848,G.Madugula,585083,2,Pedagedda,,Rural,Inhabitant,1608300,585083
1408,28,Andhra Pradesh,745,Alluri Sitharama Raju,4848,G.Madugula,585084,2,Talabarusingi,,Rural,Inhabitant,1608400,585084
1409,28,Andhra Pradesh,745,Alluri Sitharama Raju,4848,G.Madugula,585089,2,Roppulu,,Rural,Inhabitant,1608900,585089
1410,28,Andhra Pradesh,745,Alluri Sitharama Raju,4848,G.Madugula,585090,2,Goradalu,,Rural,Inhabitant,1609000,585090
1411,28,Andhra Pradesh,745,Alluri Sitharama Raju,4848,G.Madugula,585091,2,Guntapalle,,Rural,Inhabitant,1609100,585091
1412,28,Andhra Pradesh,745,Alluri Sitharama Raju,4848,G.Madugula,585097,2,Thoka Chilaka,,Rural,Inhabitant,1609700,585097
1413,28,Andhra Pradesh,745,Alluri Sitharama Raju,4848,G.Madugula,585102,2,Churulapanuku,,Rural,Inhabitant,1610200,585102
1414,28,Andhra Pradesh,745,Alluri Sitharama Raju,4848,G.Madugula,585103,2,Molikalu,,Rural,Inhabitant,1610300,585103
1415,28,Andhra Pradesh,745,Alluri Sitharama Raju,4848,G.Madugula,585104,2,Kodimamidi,,Unmapped,Inhabitant,1610400,585104
1416,28,Andhra Pradesh,745,Alluri Sitharama Raju,4848,G.Madugula,585106,2,Gummaveedhi,,Rural,Inhabitant,1610600,585106
1417,28,Andhra Pradesh,745,Alluri Sitharama Raju,4848,G.Madugula,585108,2,Totamamidi,,Rural,Inhabitant,1610800,585108
1418,28,Andhra Pradesh,745,Alluri Sitharama Raju,4848,G.Madugula,585109,2,Talabarsingi,,Rural,Inhabitant,1610900,585109
1419,28,Andhra Pradesh,745,Alluri Sitharama Raju,4848,G.Madugula,585110,2,Ganugurolu,,Unmapped,Inhabitant,1611000,585110
1420,28,Andhra Pradesh,745,Alluri Sitharama Raju,4848,G.Madugula,585113,2,Valam Mamidi,,Rural,Inhabitant,1611300,585113
1421,28,Andhra Pradesh,745,Alluri Sitharama Raju,4848,G.Madugula,585114,2,Tiyyamamidi,,Unmapped,Inhabitant,1611400,585114
1422,28,Andhra Pradesh,745,Alluri Sitharama Raju,4848,G.Madugula,585119,2,Kotha Kondalu,,Rural,Inhabitant,1611900,585119
1423,28,Andhra Pradesh,745,Alluri Sitharama Raju,4848,G.Madugula,585122,2,Ambili Mamidi,,Rural,Inhabitant,1612200,585122
1424,28,Andhra Pradesh,745,Alluri Sitharama Raju,4848,G.Madugula,585124,2,Donimamidi,,Rural,Inhabitant,1612400,585124
1425,28,Andhra Pradesh,745,Alluri Sitharama Raju,4848,G.Madugula,585125,2,Jurrai,,Rural,Inhabitant,1612500,585125
1426,28,Andhra Pradesh,745,Alluri Sitharama Raju,4848,G.Madugula,936620,2,Mahadevapuram,MAHADEVAPURAM,Rural,Inhabitant,0,0
1427,28,Andhra Pradesh,745,Alluri Sitharama Raju,4848,G.Madugula,584801,2,Chilakapanasa,,Rural,Inhabitant,1580100,584801
1428,28,Andhra Pradesh,745,Alluri Sitharama Raju,4848,G.Madugula,584804,2,Reyyalagedda,,Rural,Inhabitant,1580400,584804
1429,28,Andhra Pradesh,745,Alluri Sitharama Raju,4848,G.Madugula,584809,2,Kuridilu,,Rural,Inhabitant,1580900,584809
1430,28,Andhra Pradesh,745,Alluri Sitharama Raju,4848,G.Madugula,584814,2,Sariyapalle,,Rural,Inhabitant,1581400,584814
1431,28,Andhra Pradesh,745,Alluri Sitharama Raju,4848,G.Madugula,584817,2,Manepalle,,Rural,Inhabitant,1581700,584817
1432,28,Andhra Pradesh,745,Alluri Sitharama Raju,4848,G.Madugula,584818,2,Busipalle,,Rural,Inhabitant,1581800,584818
1433,28,Andhra Pradesh,745,Alluri Sitharama Raju,4848,G.Madugula,584819,2,Chilakalapalem,,Rural,Inhabitant,1581900,584819
1434,28,Andhra Pradesh,745,Alluri Sitharama Raju,4848,G.Madugula,584822,2,Yesthala,,Rural,Inhabitant,1582200,584822
1435,28,Andhra Pradesh,745,Alluri Sitharama Raju,4848,G.Madugula,584826,2,Sopalu,,Rural,Inhabitant,1582600,584826
1436,28,Andhra Pradesh,745,Alluri Sitharama Raju,4848,G.Madugula,584829,2,Jeelugulagoyya,,Rural,Inhabitant,1582900,584829
1437,28,Andhra Pradesh,745,Alluri Sitharama Raju,4848,G.Madugula,584830,2,Singarbagondi,,Rural,Inhabitant,1583000,584830
1438,28,Andhra Pradesh,745,Alluri Sitharama Raju,4848,G.Madugula,584832,2,Rachaveedhi,,Rural,Inhabitant,1583200,584832
1439,28,Andhra Pradesh,745,Alluri Sitharama Raju,4848,G.Madugula,584835,2,Subbulu,,Rural,Inhabitant,1583500,584835
1440,28,Andhra Pradesh,745,Alluri Sitharama Raju,4848,G.Madugula,584836,2,Boithela @ Bonkatili,,Rural,Inhabitant,1583600,584836
1441,28,Andhra Pradesh,745,Alluri Sitharama Raju,4848,G.Madugula,584837,2,Chapagedda,,Rural,Inhabitant,1583700,584837
1442,28,Andhra Pradesh,745,Alluri Sitharama Raju,4848,G.Madugula,584841,2,Busulakota,,Rural,Inhabitant,1584100,584841
1443,28,Andhra Pradesh,745,Alluri Sitharama Raju,4848,G.Madugula,584842,2,Yegarapalle,,Rural,Inhabitant,1584200,584842
1444,28,Andhra Pradesh,745,Alluri Sitharama Raju,4848,G.Madugula,584802,2,Garisingi,,Rural,Inhabitant,1580200,584802
1445,28,Andhra Pradesh,745,Alluri Sitharama Raju,4848,G.Madugula,584803,2,Surtipalle,,Rural,Inhabitant,1580300,584803
1446,28,Andhra Pradesh,745,Alluri Sitharama Raju,4848,G.Madugula,584805,2,Madathakonda,,Rural,Inhabitant,1580500,584805
1447,28,Andhra Pradesh,745,Alluri Sitharama Raju,4848,G.Madugula,584806,2,Buradaveedhi,,Rural,Inhabitant,1580600,584806
1448,28,Andhra Pradesh,745,Alluri Sitharama Raju,4848,G.Madugula,584807,2,Kappalu,,Rural,Inhabitant,1580700,584807
1449,28,Andhra Pradesh,745,Alluri Sitharama Raju,4848,G.Madugula,584808,2,Kodimamidi,,Rural,Inhabitant,1580800,584808
1450,28,Andhra Pradesh,745,Alluri Sitharama Raju,4848,G.Madugula,584810,2,K.Bandaveedhi,,Rural,Inhabitant,1581000,584810
1451,28,Andhra Pradesh,745,Alluri Sitharama Raju,4848,G.Madugula,584811,2,Sankulamaddi,,Rural,Inhabitant,1581100,584811
1452,28,Andhra Pradesh,745,Alluri Sitharama Raju,4848,G.Madugula,584812,2,Vanukuru,,Rural,Inhabitant,1581200,584812
1453,28,Andhra Pradesh,745,Alluri Sitharama Raju,4848,G.Madugula,584813,2,Killamkota,,Rural,Inhabitant,1581300,584813
1454,28,Andhra Pradesh,745,Alluri Sitharama Raju,4848,G.Madugula,584815,2,Valasapanasa,,Rural,Inhabitant,1581500,584815
1455,28,Andhra Pradesh,745,Alluri Sitharama Raju,4848,G.Madugula,584816,2,Vandrangipadu,,Rural,Inhabitant,1581600,584816
1456,28,Andhra Pradesh,745,Alluri Sitharama Raju,4848,G.Madugula,584820,2,Surimetta,,Rural,Inhabitant,1582000,584820
1457,28,Andhra Pradesh,745,Alluri Sitharama Raju,4848,G.Madugula,584821,2,Alagam,,Rural,Inhabitant,1582100,584821
1458,28,Andhra Pradesh,745,Alluri Sitharama Raju,4848,G.Madugula,584823,2,Killupalle,,Rural,Inhabitant,1582300,584823
1459,28,Andhra Pradesh,745,Alluri Sitharama Raju,4848,G.Madugula,584824,2,Tartalu,,Rural,Inhabitant,1582400,584824
1460,28,Andhra Pradesh,745,Alluri Sitharama Raju,4848,G.Madugula,584825,2,Porlugunta,,Rural,Inhabitant,1582500,584825
1461,28,Andhra Pradesh,745,Alluri Sitharama Raju,4848,G.Madugula,584827,2,Sirasapalle,,Rural,Inhabitant,1582700,584827
1462,28,Andhra Pradesh,745,Alluri Sitharama Raju,4848,G.Madugula,584828,2,Jamulaveedhi,,Rural,Inhabitant,1582800,584828
1463,28,Andhra Pradesh,745,Alluri Sitharama Raju,4848,G.Madugula,584831,2,Putikametta,,Rural,Inhabitant,1583100,584831
1464,28,Andhra Pradesh,745,Alluri Sitharama Raju,4848,G.Madugula,584833,2,Gondipalle,,Rural,Inhabitant,1583300,584833
1465,28,Andhra Pradesh,745,Alluri Sitharama Raju,4848,G.Madugula,584834,2,Mandibha,,Rural,Inhabitant,1583400,584834
1466,28,Andhra Pradesh,745,Alluri Sitharama Raju,4848,G.Madugula,584838,2,Peddagaruvu,,Rural,Inhabitant,1583800,584838
1467,28,Andhra Pradesh,745,Alluri Sitharama Raju,4848,G.Madugula,584839,2,Singam Valasa,,Rural,Inhabitant,1583900,584839
1468,28,Andhra Pradesh,745,Alluri Sitharama Raju,4848,G.Madugula,584840,2,Maddigaruvu,,Rural,Inhabitant,1584000,584840
1469,28,Andhra Pradesh,745,Alluri Sitharama Raju,4848,G.Madugula,584844,2,Pulusumamidi,,Rural,Inhabitant,1584400,584844
1470,28,Andhra Pradesh,745,Alluri Sitharama Raju,4848,G.Madugula,584846,2,Pinajageeru,,Rural,Inhabitant,1584600,584846
1471,28,Andhra Pradesh,745,Alluri Sitharama Raju,4848,G.Madugula,584848,2,Vandrangula,,Rural,Inhabitant,1584800,584848
1472,28,Andhra Pradesh,745,Alluri Sitharama Raju,4848,G.Madugula,584849,2,Gadigunta,,Rural,Inhabitant,1584900,584849
1473,28,Andhra Pradesh,745,Alluri Sitharama Raju,4848,G.Madugula,584850,2,Vakapalle,,Rural,Inhabitant,1585000,584850
1474,28,Andhra Pradesh,745,Alluri Sitharama Raju,4848,G.Madugula,584853,2,Varadamamidi,,Rural,Inhabitant,1585300,584853
1475,28,Andhra Pradesh,745,Alluri Sitharama Raju,4848,G.Madugula,584855,2,Nugumamidi,,Rural,Inhabitant,1585500,584855
1476,28,Andhra Pradesh,745,Alluri Sitharama Raju,4848,G.Madugula,584857,2,Mosaidipanuku Kothuru,,Rural,Inhabitant,1585700,584857
1477,28,Andhra Pradesh,745,Alluri Sitharama Raju,4848,G.Madugula,584858,2,Maddiveedhi,,Rural,Inhabitant,1585800,584858
1478,28,Andhra Pradesh,745,Alluri Sitharama Raju,4848,G.Madugula,584859,2,Boddagondi,,Rural,Inhabitant,1585900,584859
1479,28,Andhra Pradesh,745,Alluri Sitharama Raju,4848,G.Madugula,584861,2,Vayyampalle,,Rural,Inhabitant,1586100,584861
1480,28,Andhra Pradesh,745,Alluri Sitharama Raju,4848,G.Madugula,584863,2,Sanguloya,,Rural,Inhabitant,1586300,584863
1481,28,Andhra Pradesh,745,Alluri Sitharama Raju,4848,G.Madugula,584867,2,Kandulagade,,Rural,Inhabitant,1586700,584867
1482,28,Andhra Pradesh,745,Alluri Sitharama Raju,4848,G.Madugula,584869,2,Palamamidi,,Rural,Inhabitant,1586900,584869
1483,28,Andhra Pradesh,745,Alluri Sitharama Raju,4848,G.Madugula,584871,2,Vanchebu,,Rural,Inhabitant,1587100,584871
1484,28,Andhra Pradesh,745,Alluri Sitharama Raju,4848,G.Madugula,584877,2,Regadi,,Rural,Inhabitant,1587700,584877
1485,28,Andhra Pradesh,745,Alluri Sitharama Raju,4848,G.Madugula,584881,2,Boddaputtu,,Unmapped,Inhabitant,1588100,584881
1486,28,Andhra Pradesh,745,Alluri Sitharama Raju,4848,G.Madugula,584883,2,Mandivanam,,Rural,Inhabitant,1588300,584883
1487,28,Andhra Pradesh,745,Alluri Sitharama Raju,4848,G.Madugula,584884,2,Beeram,,Rural,Inhabitant,1588400,584884
1488,28,Andhra Pradesh,745,Alluri Sitharama Raju,4848,G.Madugula,584885,2,Salimerangi,,Rural,Inhabitant,1588500,584885
1489,28,Andhra Pradesh,745,Alluri Sitharama Raju,4848,G.Madugula,584888,2,Pedajageeru,,Rural,Inhabitant,1588800,584888
1490,28,Andhra Pradesh,745,Alluri Sitharama Raju,4848,G.Madugula,584889,2,Kitumulu,,Rural,Inhabitant,1588900,584889
1491,28,Andhra Pradesh,745,Alluri Sitharama Raju,4848,G.Madugula,584893,2,Sadeku,,Rural,Inhabitant,1589300,584893
1492,28,Andhra Pradesh,745,Alluri Sitharama Raju,4848,G.Madugula,584894,2,Rolangiputtu,,Rural,Inhabitant,1589400,584894
1493,28,Andhra Pradesh,745,Alluri Sitharama Raju,4848,G.Madugula,584897,2,Pulagondi,,Rural,Inhabitant,1589700,584897
1494,28,Andhra Pradesh,745,Alluri Sitharama Raju,4848,G.Madugula,584898,2,Pedakonda,,Rural,Inhabitant,1589800,584898
1495,28,Andhra Pradesh,745,Alluri Sitharama Raju,4848,G.Madugula,584903,2,Ubalagaruvu,,Rural,Inhabitant,1590300,584903
1496,28,Andhra Pradesh,745,Alluri Sitharama Raju,4848,G.Madugula,584904,2,Thummedala Neredu,,Rural,Inhabitant,1590400,584904
1497,28,Andhra Pradesh,745,Alluri Sitharama Raju,4848,G.Madugula,584907,2,Buruguveedhi,,Rural,Inhabitant,1590700,584907
1498,28,Andhra Pradesh,745,Alluri Sitharama Raju,4848,G.Madugula,584908,2,Chepalle,,Rural,Inhabitant,1590800,584908
1499,28,Andhra Pradesh,745,Alluri Sitharama Raju,4848,G.Madugula,584909,2,G.Nittaputtu,,Rural,Inhabitant,1590900,584909
1500,28,Andhra Pradesh,745,Alluri Sitharama Raju,4848,G.Madugula,584910,2,Karnikalanka,,Rural,Inhabitant,1591000,584910
1501,28,Andhra Pradesh,745,Alluri Sitharama Raju,4848,G.Madugula,584911,2,Singarbha,,Rural,Inhabitant,1591100,584911
1502,28,Andhra Pradesh,745,Alluri Sitharama Raju,4848,G.Madugula,584912,2,Rachapalle,,Rural,Inhabitant,1591200,584912
1503,28,Andhra Pradesh,745,Alluri Sitharama Raju,4848,G.Madugula,584914,2,Reemali,,Rural,Inhabitant,1591400,584914
1504,28,Andhra Pradesh,745,Alluri Sitharama Raju,4848,G.Madugula,584915,2,Madhuramamidi,,Rural,Inhabitant,1591500,584915
1505,28,Andhra Pradesh,745,Alluri Sitharama Raju,4848,G.Madugula,584918,2,Kokkirapalle,,Rural,Inhabitant,1591800,584918
1506,28,Andhra Pradesh,745,Alluri Sitharama Raju,4848,G.Madugula,584919,2,Cheekumbanda,,Rural,Inhabitant,1591900,584919
1507,28,Andhra Pradesh,745,Alluri Sitharama Raju,4848,G.Madugula,584920,2,Vanabhampadu,,Rural,Inhabitant,1592000,584920
1508,28,Andhra Pradesh,745,Alluri Sitharama Raju,4848,G.Madugula,584921,2,Vennelakota,,Rural,Inhabitant,1592100,584921
1509,28,Andhra Pradesh,745,Alluri Sitharama Raju,4848,G.Madugula,584923,2,Yeduchavallu,,Rural,Inhabitant,1592300,584923
1510,28,Andhra Pradesh,745,Alluri Sitharama Raju,4848,G.Madugula,584926,2,Padmapuram,,Rural,Inhabitant,1592600,584926
1511,28,Andhra Pradesh,745,Alluri Sitharama Raju,4848,G.Madugula,584928,2,Borramamidi,,Rural,Inhabitant,1592800,584928
1512,28,Andhra Pradesh,745,Alluri Sitharama Raju,4848,G.Madugula,584929,2,Busipalle,,Unmapped,Inhabitant,1592900,584929
1513,28,Andhra Pradesh,745,Alluri Sitharama Raju,4848,G.Madugula,584930,2,Goyyigunta,,Rural,Inhabitant,1593000,584930
1514,28,Andhra Pradesh,745,Alluri Sitharama Raju,4848,G.Madugula,584931,2,Balijipeta,,Rural,Inhabitant,1593100,584931
1515,28,Andhra Pradesh,745,Alluri Sitharama Raju,4848,G.Madugula,584934,2,Pina Kiltharu,,Rural,Inhabitant,1593400,584934
1516,28,Andhra Pradesh,745,Alluri Sitharama Raju,4848,G.Madugula,584937,2,Sangambanda,,Rural,Inhabitant,1593700,584937
1517,28,Andhra Pradesh,745,Alluri Sitharama Raju,4848,G.Madugula,584940,2,Galipadu,,Rural,Inhabitant,1594000,584940
1518,28,Andhra Pradesh,745,Alluri Sitharama Raju,4848,G.Madugula,584941,2,Korrapadu,,Rural,Inhabitant,1594100,584941
1519,28,Andhra Pradesh,745,Alluri Sitharama Raju,4848,G.Madugula,584943,2,Vanjari,,Rural,Inhabitant,1594300,584943
1520,28,Andhra Pradesh,745,Alluri Sitharama Raju,4848,G.Madugula,584944,2,Porlubanda,,Rural,Inhabitant,1594400,584944
1521,28,Andhra Pradesh,745,Alluri Sitharama Raju,4848,G.Madugula,584945,2,Mittalapadu,,Rural,Inhabitant,1594500,584945
1522,28,Andhra Pradesh,745,Alluri Sitharama Raju,4848,G.Madugula,584949,2,Kimudupalle,,Rural,Inhabitant,1594900,584949
1523,28,Andhra Pradesh,745,Alluri Sitharama Raju,4848,G.Madugula,584954,2,Pedalanka,,Rural,Inhabitant,1595400,584954
1524,28,Andhra Pradesh,745,Alluri Sitharama Raju,4848,G.Madugula,584956,2,Darlamgondi,,Rural,Inhabitant,1595600,584956
1525,28,Andhra Pradesh,745,Alluri Sitharama Raju,4848,G.Madugula,584960,2,Matchyapuram,,Rural,Inhabitant,1596000,584960
1526,28,Andhra Pradesh,745,Alluri Sitharama Raju,4848,G.Madugula,584965,2,Chintalagondi,,Rural,Inhabitant,1596500,584965
1527,28,Andhra Pradesh,745,Alluri Sitharama Raju,4848,G.Madugula,584968,2,Andangisingi,,Rural,Inhabitant,1596800,584968
1528,28,Andhra Pradesh,745,Alluri Sitharama Raju,4848,G.Madugula,584970,2,K.G.Madugula,,Rural,Inhabitant,1597000,584970
1529,28,Andhra Pradesh,745,Alluri Sitharama Raju,4848,G.Madugula,584971,2,Jogulaputtu,,Rural,Inhabitant,1597100,584971
1530,28,Andhra Pradesh,745,Alluri Sitharama Raju,4848,G.Madugula,584972,2,Busipalle,,Unmapped,Inhabitant,1597200,584972
1531,28,Andhra Pradesh,745,Alluri Sitharama Raju,4848,G.Madugula,584975,2,Kothurupadu,,Rural,Inhabitant,1597500,584975
1532,28,Andhra Pradesh,745,Alluri Sitharama Raju,4848,G.Madugula,584976,2,Pedapadu,,Rural,Inhabitant,1597600,584976
1533,28,Andhra Pradesh,745,Alluri Sitharama Raju,4848,G.Madugula,584977,2,Udapalam,,Rural,Inhabitant,1597700,584977
1534,28,Andhra Pradesh,745,Alluri Sitharama Raju,4848,G.Madugula,584978,2,Mulakaiputtu,,Rural,Inhabitant,1597800,584978
1535,28,Andhra Pradesh,745,Alluri Sitharama Raju,4848,G.Madugula,584979,2,Andanapalle,,Rural,Inhabitant,1597900,584979
1536,28,Andhra Pradesh,745,Alluri Sitharama Raju,4848,G.Madugula,584980,2,Ullikallalabanda,,Rural,Inhabitant,1598000,584980
1537,28,Andhra Pradesh,745,Alluri Sitharama Raju,4848,G.Madugula,584981,2,Gondimelaka,,Rural,Inhabitant,1598100,584981
1538,28,Andhra Pradesh,745,Alluri Sitharama Raju,4848,G.Madugula,584982,2,Mulagaruvu,,Unmapped,Inhabitant,1598200,584982
1539,28,Andhra Pradesh,745,Alluri Sitharama Raju,4848,G.Madugula,584985,2,Chinnakothuru,,Rural,Inhabitant,1598500,584985
1540,28,Andhra Pradesh,745,Alluri Sitharama Raju,4848,G.Madugula,584986,2,Boddagondi,,Unmapped,Inhabitant,1598600,584986
1541,28,Andhra Pradesh,745,Alluri Sitharama Raju,4848,G.Madugula,584987,2,Chittampadu,,Rural,Inhabitant,1598700,584987
1542,28,Andhra Pradesh,745,Alluri Sitharama Raju,4848,G.Madugula,584988,2,G.Kothuru,,Rural,Inhabitant,1598800,584988
1543,28,Andhra Pradesh,745,Alluri Sitharama Raju,4848,G.Madugula,584990,2,Ramachandrapalem,,Rural,Inhabitant,1599000,584990
1544,28,Andhra Pradesh,745,Alluri Sitharama Raju,4848,G.Madugula,584991,2,Kolambora,,Rural,Inhabitant,1599100,584991
1545,28,Andhra Pradesh,745,Alluri Sitharama Raju,4848,G.Madugula,584993,2,Sampangi Puttu,,Rural,Inhabitant,1599300,584993
1546,28,Andhra Pradesh,745,Alluri Sitharama Raju,4848,G.Madugula,584995,2,Kuneti,,Rural,Inhabitant,1599500,584995
1547,28,Andhra Pradesh,745,Alluri Sitharama Raju,4848,G.Madugula,584997,2,Golagonda,,Rural,Inhabitant,1599700,584997
1548,28,Andhra Pradesh,745,Alluri Sitharama Raju,4848,G.Madugula,584998,2,Yenugugondi,,Rural,Inhabitant,1599800,584998
1549,28,Andhra Pradesh,745,Alluri Sitharama Raju,4848,G.Madugula,585003,2,Gondipadu,,Rural,Inhabitant,1600300,585003
1550,28,Andhra Pradesh,745,Alluri Sitharama Raju,4848,G.Madugula,585004,2,Vanjangipadu,,Rural,Inhabitant,1600400,585004
1551,28,Andhra Pradesh,745,Alluri Sitharama Raju,4848,G.Madugula,585005,2,Gonduru@ Y.B.Gonduru,,Rural,Inhabitant,1600500,585005
1552,28,Andhra Pradesh,745,Alluri Sitharama Raju,4848,G.Madugula,585008,2,Chinnalochali,,Rural,Inhabitant,1600800,585008
1553,28,Andhra Pradesh,745,Alluri Sitharama Raju,4848,G.Madugula,585014,2,S.Kothuru,,Rural,Inhabitant,1601400,585014
1554,28,Andhra Pradesh,745,Alluri Sitharama Raju,4848,G.Madugula,585018,2,Gompam,,Rural,Inhabitant,1601800,585018
1555,28,Andhra Pradesh,745,Alluri Sitharama Raju,4848,G.Madugula,585019,2,Gadrayi,,Rural,Inhabitant,1601900,585019
1556,28,Andhra Pradesh,745,Alluri Sitharama Raju,4848,G.Madugula,585021,2,Mangathapalem,,Rural,Inhabitant,1602100,585021
1557,28,Andhra Pradesh,745,Alluri Sitharama Raju,4848,G.Madugula,585022,2,Gaduthuru,,Rural,Inhabitant,1602200,585022
1558,28,Andhra Pradesh,745,Alluri Sitharama Raju,4848,G.Madugula,585023,2,Pachinapalle,,Rural,Inhabitant,1602300,585023
1559,28,Andhra Pradesh,745,Alluri Sitharama Raju,4848,G.Madugula,585025,2,Kothapalle,,Rural,Inhabitant,1602500,585025
1560,28,Andhra Pradesh,745,Alluri Sitharama Raju,4848,G.Madugula,585026,2,Peddalochale,,Rural,Inhabitant,1602600,585026
1561,28,Andhra Pradesh,745,Alluri Sitharama Raju,4848,G.Madugula,585027,2,Rachapanuku,,Rural,Inhabitant,1602700,585027
1562,28,Andhra Pradesh,745,Alluri Sitharama Raju,4848,G.Madugula,585028,2,Vanthala,,Rural,Inhabitant,1602800,585028
1563,28,Andhra Pradesh,745,Alluri Sitharama Raju,4848,G.Madugula,585030,2,Jarrai,,Rural,Inhabitant,1603000,585030
1564,28,Andhra Pradesh,745,Alluri Sitharama Raju,4848,G.Madugula,585032,2,Chinna Pinapalem,,Rural,Inhabitant,1603200,585032
1565,28,Andhra Pradesh,745,Alluri Sitharama Raju,4848,G.Madugula,585035,2,Panasalagedda,,Rural,Inhabitant,1603500,585035
1566,28,Andhra Pradesh,745,Alluri Sitharama Raju,4848,G.Madugula,584843,2,Panasapalle,,Rural,Inhabitant,1584300,584843
1567,28,Andhra Pradesh,745,Alluri Sitharama Raju,4848,G.Madugula,584845,2,Digarapalle,,Rural,Inhabitant,1584500,584845
1568,28,Andhra Pradesh,745,Alluri Sitharama Raju,4848,G.Madugula,584847,2,Kumburla,,Rural,Inhabitant,1584700,584847
1569,28,Andhra Pradesh,745,Alluri Sitharama Raju,4848,G.Madugula,584851,2,Dippalagondi,,Rural,Inhabitant,1585100,584851
1570,28,Andhra Pradesh,745,Alluri Sitharama Raju,4848,G.Madugula,584852,2,Vantalamamidi,,Rural,Inhabitant,1585200,584852
1571,28,Andhra Pradesh,745,Alluri Sitharama Raju,4848,G.Madugula,584854,2,Yerragoppu,,Rural,Inhabitant,1585400,584854
1572,28,Andhra Pradesh,745,Alluri Sitharama Raju,4848,G.Madugula,584856,2,Nurmathi,,Rural,Inhabitant,1585600,584856
1573,28,Andhra Pradesh,745,Alluri Sitharama Raju,4848,G.Madugula,584860,2,Thiyyagundam,,Rural,Inhabitant,1586000,584860
1574,28,Andhra Pradesh,745,Alluri Sitharama Raju,4848,G.Madugula,584862,2,Pinaluvvasingi,,Rural,Inhabitant,1586200,584862
1575,28,Andhra Pradesh,745,Alluri Sitharama Raju,4848,G.Madugula,584864,2,Aragadapalle,,Rural,Inhabitant,1586400,584864
1576,28,Andhra Pradesh,745,Alluri Sitharama Raju,4848,G.Madugula,584865,2,Peda Luvvasingi,,Rural,Inhabitant,1586500,584865
1577,28,Andhra Pradesh,745,Alluri Sitharama Raju,4848,G.Madugula,584866,2,Tarabusingi,,Rural,Inhabitant,1586600,584866
1578,28,Andhra Pradesh,745,Alluri Sitharama Raju,4848,G.Madugula,584868,2,A.Bandaveedhi,,Rural,Inhabitant,1586800,584868
1579,28,Andhra Pradesh,745,Alluri Sitharama Raju,4848,G.Madugula,584870,2,Sirlabanda,,Rural,Inhabitant,1587000,584870
1580,28,Andhra Pradesh,745,Alluri Sitharama Raju,4848,G.Madugula,584872,2,Karakapalle,,Rural,Inhabitant,1587200,584872
1581,28,Andhra Pradesh,745,Alluri Sitharama Raju,4848,G.Madugula,584873,2,Bondapalle,,Rural,Inhabitant,1587300,584873
1582,28,Andhra Pradesh,745,Alluri Sitharama Raju,4848,G.Madugula,584874,2,Boddaputtu,,Rural,Inhabitant,1587400,584874
1583,28,Andhra Pradesh,745,Alluri Sitharama Raju,4848,G.Madugula,584875,2,Mulagaruvu,,Rural,Inhabitant,1587500,584875
1584,28,Andhra Pradesh,745,Alluri Sitharama Raju,4848,G.Madugula,584876,2,Chittamputtu,,Rural,Inhabitant,1587600,584876
1585,28,Andhra Pradesh,745,Alluri Sitharama Raju,4848,G.Madugula,584878,2,Chittugummi,,Rural,Inhabitant,1587800,584878
1586,28,Andhra Pradesh,745,Alluri Sitharama Raju,4848,G.Madugula,584879,2,Valasamamidi,,Rural,Inhabitant,1587900,584879
1587,28,Andhra Pradesh,745,Alluri Sitharama Raju,4848,G.Madugula,584880,2,Surtipalle,,Unmapped,Inhabitant,1588000,584880
1588,28,Andhra Pradesh,745,Alluri Sitharama Raju,4848,G.Madugula,584882,2,Thaggimetta,,Rural,Inhabitant,1588200,584882
1589,28,Andhra Pradesh,745,Alluri Sitharama Raju,4848,G.Madugula,584886,2,Thadiveedhi,,Rural,Inhabitant,1588600,584886
1590,28,Andhra Pradesh,745,Alluri Sitharama Raju,4848,G.Madugula,584887,2,Anarbha,,Rural,Inhabitant,1588700,584887
1591,28,Andhra Pradesh,745,Alluri Sitharama Raju,4848,G.Madugula,584890,2,Korapalle,,Rural,Inhabitant,1589000,584890
1592,28,Andhra Pradesh,745,Alluri Sitharama Raju,4848,G.Madugula,584891,2,Rudibayalu,,Rural,Inhabitant,1589100,584891
1593,28,Andhra Pradesh,745,Alluri Sitharama Raju,4848,G.Madugula,584892,2,Baram,,Rural,Inhabitant,1589200,584892
1594,28,Andhra Pradesh,745,Alluri Sitharama Raju,4848,G.Madugula,584895,2,M.Nittaputtu,,Rural,Inhabitant,1589500,584895
1595,28,Andhra Pradesh,745,Alluri Sitharama Raju,4848,G.Madugula,584896,2,Palakonda,,Rural,Inhabitant,1589600,584896
1596,28,Andhra Pradesh,745,Alluri Sitharama Raju,4848,G.Madugula,584899,2,Gannelba,,Rural,Inhabitant,1589900,584899
1597,28,Andhra Pradesh,745,Alluri Sitharama Raju,4848,G.Madugula,584900,2,Vannelabha,,Rural,Inhabitant,1590000,584900
1598,28,Andhra Pradesh,745,Alluri Sitharama Raju,4848,G.Madugula,584901,2,Agampadu,,Rural,Inhabitant,1590100,584901
1599,28,Andhra Pradesh,745,Alluri Sitharama Raju,4848,G.Madugula,584902,2,Vemarajukodapalle,,Rural,Inhabitant,1590200,584902
1600,28,Andhra Pradesh,745,Alluri Sitharama Raju,4848,G.Madugula,584905,2,Jannera,,Rural,Inhabitant,1590500,584905
1601,28,Andhra Pradesh,745,Alluri Sitharama Raju,4848,G.Madugula,584906,2,Vennela,,Rural,Inhabitant,1590600,584906
1602,28,Andhra Pradesh,745,Alluri Sitharama Raju,4848,G.Madugula,584913,2,Yegaratchapalle,,Rural,Inhabitant,1591300,584913
1603,28,Andhra Pradesh,745,Alluri Sitharama Raju,4848,G.Madugula,584916,2,Vallangula,,Rural,Inhabitant,1591600,584916
1604,28,Andhra Pradesh,745,Alluri Sitharama Raju,4848,G.Madugula,584917,2,Lakkulu,,Rural,Inhabitant,1591700,584917
1605,28,Andhra Pradesh,745,Alluri Sitharama Raju,4848,G.Madugula,584922,2,Devarapalle,,Rural,Inhabitant,1592200,584922
1606,28,Andhra Pradesh,745,Alluri Sitharama Raju,4848,G.Madugula,584924,2,Marripalem,,Rural,Inhabitant,1592400,584924
1607,28,Andhra Pradesh,745,Alluri Sitharama Raju,4848,G.Madugula,584925,2,Thoka Rai,,Rural,Inhabitant,1592500,584925
1608,28,Andhra Pradesh,745,Alluri Sitharama Raju,4848,G.Madugula,584927,2,Sariya,,Rural,Inhabitant,1592700,584927
1609,28,Andhra Pradesh,745,Alluri Sitharama Raju,4848,G.Madugula,584932,2,Gedalabanda,,Rural,Inhabitant,1593200,584932
1610,28,Andhra Pradesh,745,Alluri Sitharama Raju,4848,G.Madugula,584933,2,Ullivarapadu,,Rural,Inhabitant,1593300,584933
1611,28,Andhra Pradesh,745,Alluri Sitharama Raju,4848,G.Madugula,584935,2,Suvvapadu,,Rural,Inhabitant,1593500,584935
1612,28,Andhra Pradesh,745,Alluri Sitharama Raju,4848,G.Madugula,584936,2,Krishnapuram,,Rural,Inhabitant,1593600,584936
1613,28,Andhra Pradesh,745,Alluri Sitharama Raju,4848,G.Madugula,584938,2,Kinagari,,Rural,Inhabitant,1593800,584938
1614,28,Andhra Pradesh,745,Alluri Sitharama Raju,4848,G.Madugula,584939,2,Kuntalam,,Rural,Inhabitant,1593900,584939
1615,28,Andhra Pradesh,745,Alluri Sitharama Raju,4848,G.Madugula,584942,2,Pedda Kiltaru,,Rural,Inhabitant,1594200,584942
1616,28,Andhra Pradesh,745,Alluri Sitharama Raju,4848,G.Madugula,584946,2,Thatipalem,,Rural,Inhabitant,1594600,584946
1617,28,Andhra Pradesh,745,Alluri Sitharama Raju,4848,G.Madugula,584947,2,Luvvapalle,,Rural,Inhabitant,1594700,584947
1618,28,Andhra Pradesh,745,Alluri Sitharama Raju,4848,G.Madugula,584948,2,Cheemakurapalem,,Rural,Inhabitant,1594800,584948
1619,28,Andhra Pradesh,745,Alluri Sitharama Raju,4848,G.Madugula,584950,2,Terlamamidi,,Rural,Inhabitant,1595000,584950
1620,28,Andhra Pradesh,745,Alluri Sitharama Raju,4848,G.Madugula,584951,2,Kulupadu,,Rural,Inhabitant,1595100,584951
1621,28,Andhra Pradesh,745,Alluri Sitharama Raju,4848,G.Madugula,584952,2,Maddulabanda,,Rural,Inhabitant,1595200,584952
1622,28,Andhra Pradesh,745,Alluri Sitharama Raju,4848,G.Madugula,584953,2,Chinnaurumu,,Rural,Inhabitant,1595300,584953
1623,28,Andhra Pradesh,745,Alluri Sitharama Raju,4848,G.Madugula,584955,2,Pedaurumu,,Rural,Inhabitant,1595500,584955
1624,28,Andhra Pradesh,745,Alluri Sitharama Raju,4848,G.Madugula,584957,2,Goddubusulu,,Rural,Inhabitant,1595700,584957
1625,28,Andhra Pradesh,745,Alluri Sitharama Raju,4848,G.Madugula,584958,2,P.G.Madugula,,Rural,Inhabitant,1595800,584958
1626,28,Andhra Pradesh,745,Alluri Sitharama Raju,4848,G.Madugula,584959,2,Rolangiputtu,,Unmapped,Inhabitant,1595900,584959
1627,28,Andhra Pradesh,745,Alluri Sitharama Raju,4848,G.Madugula,584961,2,Sangam,,Rural,Inhabitant,1596100,584961
1628,28,Andhra Pradesh,745,Alluri Sitharama Raju,4848,G.Madugula,584962,2,Bandaveedhi,,Rural,Inhabitant,1596200,584962
1629,28,Andhra Pradesh,745,Alluri Sitharama Raju,4848,G.Madugula,584963,2,K.Kodapalle,,Rural,Inhabitant,1596300,584963
1630,28,Andhra Pradesh,745,Alluri Sitharama Raju,4848,G.Madugula,584964,2,Ganneruputtu,,Rural,Inhabitant,1596400,584964
1631,28,Andhra Pradesh,745,Alluri Sitharama Raju,4848,G.Madugula,584966,2,Gadderai,,Rural,Inhabitant,1596600,584966
1632,28,Andhra Pradesh,745,Alluri Sitharama Raju,4848,G.Madugula,584967,2,Urlumetta,,Rural,Inhabitant,1596700,584967
1633,28,Andhra Pradesh,745,Alluri Sitharama Raju,4848,G.Madugula,584969,2,G.M.Kothuru,,Rural,Inhabitant,1596900,584969
1634,28,Andhra Pradesh,745,Alluri Sitharama Raju,4848,G.Madugula,584973,2,Balamanusanka,,Rural,Inhabitant,1597300,584973
1635,28,Andhra Pradesh,745,Alluri Sitharama Raju,4848,G.Madugula,584974,2,Varigelapalem,,Rural,Inhabitant,1597400,584974
1636,28,Andhra Pradesh,745,Alluri Sitharama Raju,4848,G.Madugula,584983,2,Kuntipalle,,Rural,Inhabitant,1598300,584983
1637,28,Andhra Pradesh,745,Alluri Sitharama Raju,4848,G.Madugula,584984,2,Gemmeli,,Rural,Inhabitant,1598400,584984
1638,28,Andhra Pradesh,745,Alluri Sitharama Raju,4848,G.Madugula,584989,2,Varlamamidi,,Rural,Inhabitant,1598900,584989
1639,28,Andhra Pradesh,745,Alluri Sitharama Raju,4848,G.Madugula,584992,2,Chinthakota,,Rural,Inhabitant,1599200,584992
1640,28,Andhra Pradesh,745,Alluri Sitharama Raju,4848,G.Madugula,584994,2,Bobbampadu,,Rural,Inhabitant,1599400,584994
1641,28,Andhra Pradesh,745,Alluri Sitharama Raju,4848,G.Madugula,584996,2,Vattivagisa,,Rural,Inhabitant,1599600,584996
1642,28,Andhra Pradesh,745,Alluri Sitharama Raju,4848,G.Madugula,584999,2,Singarajupeta,,Rural,Inhabitant,1599900,584999
1643,28,Andhra Pradesh,745,Alluri Sitharama Raju,4848,G.Madugula,585000,2,Degalarai,,Rural,Inhabitant,1600000,585000
1644,28,Andhra Pradesh,745,Alluri Sitharama Raju,4848,G.Madugula,585001,2,Thotalagondi,,Rural,Inhabitant,1600100,585001
1645,28,Andhra Pradesh,745,Alluri Sitharama Raju,4848,G.Madugula,585002,2,China Kantavaram,,Rural,Inhabitant,1600200,585002
1646,28,Andhra Pradesh,745,Alluri Sitharama Raju,4848,G.Madugula,585006,2,Gurrayi,,Rural,Inhabitant,1600600,585006
1647,28,Andhra Pradesh,745,Alluri Sitharama Raju,4848,G.Madugula,585007,2,Kumbidisingi,,Rural,Inhabitant,1600700,585007
1648,28,Andhra Pradesh,745,Alluri Sitharama Raju,4848,G.Madugula,585009,2,Mandigaruvu,,Rural,Inhabitant,1600900,585009
1649,28,Andhra Pradesh,745,Alluri Sitharama Raju,4848,G.Madugula,585010,2,Pedakantavaram,,Rural,Inhabitant,1601000,585010
1650,28,Andhra Pradesh,745,Alluri Sitharama Raju,4848,G.Madugula,585011,2,Solabham,,Rural,Inhabitant,1601100,585011
1651,28,Andhra Pradesh,745,Alluri Sitharama Raju,4848,G.Madugula,585012,2,Bheemaloya,,Rural,Inhabitant,1601200,585012
1652,28,Andhra Pradesh,745,Alluri Sitharama Raju,4848,G.Madugula,585013,2,Godugumamidi,,Rural,Inhabitant,1601300,585013
1653,28,Andhra Pradesh,745,Alluri Sitharama Raju,4848,G.Madugula,585015,2,Rallaputtu,,Rural,Inhabitant,1601500,585015
1654,28,Andhra Pradesh,745,Alluri Sitharama Raju,4848,G.Madugula,585016,2,Kondabheemapalem,,Rural,Inhabitant,1601600,585016
1655,28,Andhra Pradesh,745,Alluri Sitharama Raju,4848,G.Madugula,585017,2,Barsingimetta,,Rural,Inhabitant,1601700,585017
1656,28,Andhra Pradesh,745,Alluri Sitharama Raju,4848,G.Madugula,585020,2,Chinaporlu,,Rural,Inhabitant,1602000,585020
1657,28,Andhra Pradesh,745,Alluri Sitharama Raju,4848,G.Madugula,585024,2,Godda,,Rural,Inhabitant,1602400,585024
1658,28,Andhra Pradesh,745,Alluri Sitharama Raju,4848,G.Madugula,585029,2,Tiyyamamidi,,Rural,Inhabitant,1602900,585029
1659,28,Andhra Pradesh,745,Alluri Sitharama Raju,4848,G.Madugula,585031,2,Kuddangi,,Rural,Inhabitant,1603100,585031
1660,28,Andhra Pradesh,745,Alluri Sitharama Raju,4848,G.Madugula,585033,2,Gangadevigudi,,Rural,Inhabitant,1603300,585033
1661,28,Andhra Pradesh,745,Alluri Sitharama Raju,4848,G.Madugula,585034,2,Vedurupalle,,Rural,Inhabitant,1603400,585034
1662,28,Andhra Pradesh,745,Alluri Sitharama Raju,4848,G.Madugula,585036,2,Kangulabanda,,Rural,Inhabitant,1603600,585036
1663,28,Andhra Pradesh,745,Alluri Sitharama Raju,4848,G.Madugula,585040,2,Vantalamamidi,,Unmapped,Inhabitant,1604000,585040
1664,28,Andhra Pradesh,745,Alluri Sitharama Raju,4848,G.Madugula,585042,2,Addulu,,Rural,Inhabitant,1604200,585042
1665,28,Andhra Pradesh,745,Alluri Sitharama Raju,4848,G.Madugula,585044,2,Pisumamidi,,Rural,Inhabitant,1604400,585044
1666,28,Andhra Pradesh,745,Alluri Sitharama Raju,4848,G.Madugula,585045,2,Kajjapalle,,Rural,Inhabitant,1604500,585045
1667,28,Andhra Pradesh,745,Alluri Sitharama Raju,4848,G.Madugula,585046,2,Pacheli,,Rural,Inhabitant,1604600,585046
1668,28,Andhra Pradesh,745,Alluri Sitharama Raju,4848,G.Madugula,585049,2,Vanabharangipadu,,Rural,Inhabitant,1604900,585049
1669,28,Andhra Pradesh,745,Alluri Sitharama Raju,4848,G.Madugula,585053,2,Vasamamidi,,Rural,Inhabitant,1605300,585053
1670,28,Andhra Pradesh,745,Alluri Sitharama Raju,4848,G.Madugula,585054,2,Bondulapanuku,,Rural,Inhabitant,1605400,585054
1671,28,Andhra Pradesh,745,Alluri Sitharama Raju,4848,G.Madugula,585055,2,Seetabanda,,Rural,Inhabitant,1605500,585055
1672,28,Andhra Pradesh,745,Alluri Sitharama Raju,4848,G.Madugula,585057,2,Gurralagummi,,Rural,Inhabitant,1605700,585057
1673,28,Andhra Pradesh,745,Alluri Sitharama Raju,4848,G.Madugula,585060,2,Mondikota,,Rural,Inhabitant,1606000,585060
1674,28,Andhra Pradesh,745,Alluri Sitharama Raju,4848,G.Madugula,585061,2,Valasapadu,,Rural,Inhabitant,1606100,585061
1675,28,Andhra Pradesh,745,Alluri Sitharama Raju,4848,G.Madugula,585062,2,Porlu,,Rural,Inhabitant,1606200,585062
1676,28,Andhra Pradesh,745,Alluri Sitharama Raju,4848,G.Madugula,585063,2,Indugula,,Rural,Inhabitant,1606300,585063
1677,28,Andhra Pradesh,745,Alluri Sitharama Raju,4848,G.Madugula,585064,2,Kummaragunta,,Rural,Inhabitant,1606400,585064
1678,28,Andhra Pradesh,745,Alluri Sitharama Raju,4848,G.Madugula,585066,2,Kothakundalu,,Rural,Inhabitant,1606600,585066
1679,28,Andhra Pradesh,745,Alluri Sitharama Raju,4848,G.Madugula,585067,2,Mettapadu,,Rural,Inhabitant,1606700,585067
1680,28,Andhra Pradesh,745,Alluri Sitharama Raju,4848,G.Madugula,585069,2,Lakkapadu,,Rural,Inhabitant,1606900,585069
1681,28,Andhra Pradesh,745,Alluri Sitharama Raju,4848,G.Madugula,585071,2,Ambalamamidi,,Rural,Inhabitant,1607100,585071
1682,28,Andhra Pradesh,745,Alluri Sitharama Raju,4848,G.Madugula,585072,2,Gemmelibaru,,Rural,Inhabitant,1607200,585072
1683,28,Andhra Pradesh,745,Alluri Sitharama Raju,4848,G.Madugula,585073,2,Boddapadu,,Rural,Inhabitant,1607300,585073
1684,28,Andhra Pradesh,745,Alluri Sitharama Raju,4848,G.Madugula,585075,2,Jerrai,,Rural,Inhabitant,1607500,585075
1685,28,Andhra Pradesh,745,Alluri Sitharama Raju,4848,G.Madugula,585077,2,Sadangi,,Rural,Inhabitant,1607700,585077
1686,28,Andhra Pradesh,745,Alluri Sitharama Raju,4848,G.Madugula,585078,2,Labbarla,,Rural,Inhabitant,1607800,585078
1687,28,Andhra Pradesh,745,Alluri Sitharama Raju,4848,G.Madugula,585081,2,Chintaluru,,Rural,Inhabitant,1608100,585081
1688,28,Andhra Pradesh,745,Alluri Sitharama Raju,4848,G.Madugula,585082,2,Neyyalabanda,,Rural,Inhabitant,1608200,585082
1689,28,Andhra Pradesh,745,Alluri Sitharama Raju,4848,G.Madugula,585085,2,Boddumamidi,,Rural,Inhabitant,1608500,585085
1690,28,Andhra Pradesh,745,Alluri Sitharama Raju,4848,G.Madugula,585086,2,Thallimamidi,,Rural,Inhabitant,1608600,585086
1691,28,Andhra Pradesh,745,Alluri Sitharama Raju,4848,G.Madugula,585087,2,Palamamidi,,Unmapped,Inhabitant,1608700,585087
1692,28,Andhra Pradesh,745,Alluri Sitharama Raju,4848,G.Madugula,585088,2,Chilakala Mamidi,,Rural,Inhabitant,1608800,585088
1693,28,Andhra Pradesh,745,Alluri Sitharama Raju,4848,G.Madugula,585092,2,Bagarugudi,,Rural,Inhabitant,1609200,585092
1694,28,Andhra Pradesh,745,Alluri Sitharama Raju,4848,G.Madugula,585093,2,Mallipadu,,Rural,Inhabitant,1609300,585093
1695,28,Andhra Pradesh,745,Alluri Sitharama Raju,4848,G.Madugula,585094,2,Polamanugedda,,Rural,Inhabitant,1609400,585094
1696,28,Andhra Pradesh,745,Alluri Sitharama Raju,4848,G.Madugula,585096,2,Tene Bandalu,,Rural,Inhabitant,1609600,585096
1697,28,Andhra Pradesh,745,Alluri Sitharama Raju,4848,G.Madugula,585098,2,Karebanda,,Rural,Inhabitant,1609800,585098
1698,28,Andhra Pradesh,745,Alluri Sitharama Raju,4848,G.Madugula,585099,2,Gummadigondi,,Rural,Inhabitant,1609900,585099
1699,28,Andhra Pradesh,745,Alluri Sitharama Raju,4848,G.Madugula,585100,2,Omtampadu,,Rural,Inhabitant,1610000,585100
1700,28,Andhra Pradesh,745,Alluri Sitharama Raju,4848,G.Madugula,585101,2,Olimamidi,,Rural,Inhabitant,1610100,585101
1701,28,Andhra Pradesh,745,Alluri Sitharama Raju,4848,G.Madugula,585105,2,Vasulapanasa,,Rural,Inhabitant,1610500,585105
1702,28,Andhra Pradesh,745,Alluri Sitharama Raju,4848,G.Madugula,585107,2,Peda Bayalu,,Rural,Inhabitant,1610700,585107
1703,28,Andhra Pradesh,745,Alluri Sitharama Raju,4848,G.Madugula,585111,2,Bangarudoddi,,Rural,Inhabitant,1611100,585111
1704,28,Andhra Pradesh,745,Alluri Sitharama Raju,4848,G.Madugula,585112,2,Pedavalasa,,Unmapped,Inhabitant,1611200,585112
1705,28,Andhra Pradesh,745,Alluri Sitharama Raju,4848,G.Madugula,585115,2,Pinnapolam,,Rural,Inhabitant,1611500,585115
1706,28,Andhra Pradesh,745,Alluri Sitharama Raju,4848,G.Madugula,585116,2,Kuntupalle,,Rural,Inhabitant,1611600,585116
1707,28,Andhra Pradesh,745,Alluri Sitharama Raju,4848,G.Madugula,585117,2,Chilakala Mamidi,,Unmapped,Inhabitant,1611700,585117
1708,28,Andhra Pradesh,745,Alluri Sitharama Raju,4848,G.Madugula,585118,2,Buttakota,,Rural,Inhabitant,1611800,585118
1709,28,Andhra Pradesh,745,Alluri Sitharama Raju,4848,G.Madugula,585120,2,Kichannoli,,Rural,Inhabitant,1612000,585120
1710,28,Andhra Pradesh,745,Alluri Sitharama Raju,4848,G.Madugula,585121,2,Peddapolam,,Rural,Inhabitant,1612100,585121
1711,28,Andhra Pradesh,745,Alluri Sitharama Raju,4848,G.Madugula,585123,2,Vallaamamidi,,Rural,Inhabitant,1612300,585123
1712,28,Andhra Pradesh,745,Alluri Sitharama Raju,4848,G.Madugula,585126,2,Gurrala Nunni,,Rural,Inhabitant,1612600,585126
1713,28,Andhra Pradesh,745,Alluri Sitharama Raju,4848,G.Madugula,585127,2,Yedulagaravu,,Rural,Inhabitant,1612700,585127
1714,28,Andhra Pradesh,745,Alluri Sitharama Raju,4848,G.Madugula,585128,2,Rachakanuku,,Rural,Inhabitant,1612800,585128
1715,28,Andhra Pradesh,745,Alluri Sitharama Raju,4848,G.Madugula,930998,2,Pinalochali,పినలోచలి,Rural,Inhabitant,0,0
1716,28,Andhra Pradesh,745,Alluri Sitharama Raju,4850,Gudem Kotha Veedhi,585380,2,Pilligedda,,Rural,Inhabitant,1638000,585380
1717,28,Andhra Pradesh,745,Alluri Sitharama Raju,4850,Gudem Kotha Veedhi,585381,2,Katragedda,,Rural,Inhabitant,1638100,585381
1718,28,Andhra Pradesh,745,Alluri Sitharama Raju,4850,Gudem Kotha Veedhi,585382,2,Santha Neredupalle,,Rural,Inhabitant,1638200,585382
1719,28,Andhra Pradesh,745,Alluri Sitharama Raju,4850,Gudem Kotha Veedhi,585383,2,Jonnamamidi,,Rural,Inhabitant,1638300,585383
1720,28,Andhra Pradesh,745,Alluri Sitharama Raju,4850,Gudem Kotha Veedhi,585387,2,Kommarapalle,,Rural,Inhabitant,1638700,585387
1721,28,Andhra Pradesh,745,Alluri Sitharama Raju,4850,Gudem Kotha Veedhi,585388,2,Neredupalle,,Rural,Inhabitant,1638800,585388
1722,28,Andhra Pradesh,745,Alluri Sitharama Raju,4850,Gudem Kotha Veedhi,585390,2,Agraharam,,Rural,Inhabitant,1639000,585390
1723,28,Andhra Pradesh,745,Alluri Sitharama Raju,4850,Gudem Kotha Veedhi,585391,2,Petrai,,Rural,Inhabitant,1639100,585391
1724,28,Andhra Pradesh,745,Alluri Sitharama Raju,4850,Gudem Kotha Veedhi,585393,2,Naramamidi Gondi,,Rural,Inhabitant,1639300,585393
1725,28,Andhra Pradesh,745,Alluri Sitharama Raju,4850,Gudem Kotha Veedhi,585394,2,Nimmachettu,,Rural,Inhabitant,1639400,585394
1726,28,Andhra Pradesh,745,Alluri Sitharama Raju,4850,Gudem Kotha Veedhi,585396,2,Gollapalle,,Rural,Inhabitant,1639600,585396
1727,28,Andhra Pradesh,745,Alluri Sitharama Raju,4850,Gudem Kotha Veedhi,585398,2,Peddammagondi,,Rural,Inhabitant,1639800,585398
1728,28,Andhra Pradesh,745,Alluri Sitharama Raju,4850,Gudem Kotha Veedhi,585402,2,Gudimamidi,,Rural,Inhabitant,1640200,585402
1729,28,Andhra Pradesh,745,Alluri Sitharama Raju,4850,Gudem Kotha Veedhi,585403,2,Gilligondi,,Rural,Inhabitant,1640300,585403
1730,28,Andhra Pradesh,745,Alluri Sitharama Raju,4850,Gudem Kotha Veedhi,585406,2,Dabbagondi,,Rural,Inhabitant,1640600,585406
1731,28,Andhra Pradesh,745,Alluri Sitharama Raju,4850,Gudem Kotha Veedhi,585407,2,Nadimiveedhi,,Rural,Inhabitant,1640700,585407
1732,28,Andhra Pradesh,745,Alluri Sitharama Raju,4850,Gudem Kotha Veedhi,585408,2,Pebbampalle,,Rural,Inhabitant,1640800,585408
1733,28,Andhra Pradesh,745,Alluri Sitharama Raju,4850,Gudem Kotha Veedhi,585413,2,Reyyalagedda,,Rural,Inhabitant,1641300,585413
1734,28,Andhra Pradesh,745,Alluri Sitharama Raju,4850,Gudem Kotha Veedhi,585414,2,Ammavaridharakonda,,Rural,Inhabitant,1641400,585414
1735,28,Andhra Pradesh,745,Alluri Sitharama Raju,4850,Gudem Kotha Veedhi,585415,2,Chelakaveedhi,,Rural,Inhabitant,1641500,585415
1736,28,Andhra Pradesh,745,Alluri Sitharama Raju,4850,Gudem Kotha Veedhi,585418,2,Kakulagedda,,Rural,Inhabitant,1641800,585418
1737,28,Andhra Pradesh,745,Alluri Sitharama Raju,4850,Gudem Kotha Veedhi,585420,2,Darakonda,,Rural,Inhabitant,1642000,585420
1738,28,Andhra Pradesh,745,Alluri Sitharama Raju,4850,Gudem Kotha Veedhi,585422,2,Yenugubayalu,,Rural,Inhabitant,1642200,585422
1739,28,Andhra Pradesh,745,Alluri Sitharama Raju,4850,Gudem Kotha Veedhi,585424,2,Dabbagedda,,Rural,Inhabitant,1642400,585424
1740,28,Andhra Pradesh,745,Alluri Sitharama Raju,4850,Gudem Kotha Veedhi,585426,2,Gorrelova,,Rural,Inhabitant,1642600,585426
1741,28,Andhra Pradesh,745,Alluri Sitharama Raju,4850,Gudem Kotha Veedhi,585429,2,Tokarai,,Rural,Inhabitant,1642900,585429
1742,28,Andhra Pradesh,745,Alluri Sitharama Raju,4850,Gudem Kotha Veedhi,585430,2,Chintagoppu,,Rural,Inhabitant,1643000,585430
1743,28,Andhra Pradesh,745,Alluri Sitharama Raju,4850,Gudem Kotha Veedhi,585431,2,Madimalla,,Rural,Inhabitant,1643100,585431
1744,28,Andhra Pradesh,745,Alluri Sitharama Raju,4850,Gudem Kotha Veedhi,585438,2,Kondajartha,,Rural,Inhabitant,1643800,585438
1745,28,Andhra Pradesh,745,Alluri Sitharama Raju,4850,Gudem Kotha Veedhi,585441,2,Muddula Busikonda,,Rural,Inhabitant,1644100,585441
1746,28,Andhra Pradesh,745,Alluri Sitharama Raju,4850,Gudem Kotha Veedhi,585443,2,S.Kothuru,,Rural,Inhabitant,1644300,585443
1747,28,Andhra Pradesh,745,Alluri Sitharama Raju,4850,Gudem Kotha Veedhi,585444,2,Saprla,,Rural,Inhabitant,1644400,585444
1748,28,Andhra Pradesh,745,Alluri Sitharama Raju,4850,Gudem Kotha Veedhi,585446,2,Panasapalle,,Rural,Inhabitant,1644600,585446
1749,28,Andhra Pradesh,745,Alluri Sitharama Raju,4850,Gudem Kotha Veedhi,585450,2,Adagarapalle,,Rural,Inhabitant,1645000,585450
1750,28,Andhra Pradesh,745,Alluri Sitharama Raju,4850,Gudem Kotha Veedhi,585452,2,Jerrila,,Rural,Inhabitant,1645200,585452
1751,28,Andhra Pradesh,745,Alluri Sitharama Raju,4850,Gudem Kotha Veedhi,585454,2,Mondigedda,,Rural,Inhabitant,1645400,585454
1752,28,Andhra Pradesh,745,Alluri Sitharama Raju,4850,Gudem Kotha Veedhi,585457,2,Kothawada,,Rural,Inhabitant,1645700,585457
1753,28,Andhra Pradesh,745,Alluri Sitharama Raju,4850,Gudem Kotha Veedhi,585458,2,Ginjangi,,Rural,Inhabitant,1645800,585458
1754,28,Andhra Pradesh,745,Alluri Sitharama Raju,4850,Gudem Kotha Veedhi,585459,2,Vanabalingam,,Rural,Inhabitant,1645900,585459
1755,28,Andhra Pradesh,745,Alluri Sitharama Raju,4850,Gudem Kotha Veedhi,585464,2,Nittamamidi Palem,,Rural,Inhabitant,1646400,585464
1756,28,Andhra Pradesh,745,Alluri Sitharama Raju,4850,Gudem Kotha Veedhi,585466,2,Vanthadapalle,,Rural,Inhabitant,1646600,585466
1757,28,Andhra Pradesh,745,Alluri Sitharama Raju,4850,Gudem Kotha Veedhi,585467,2,Veeravaram,,Rural,Inhabitant,1646700,585467
1758,28,Andhra Pradesh,745,Alluri Sitharama Raju,4850,Gudem Kotha Veedhi,585468,2,Kothapalem,,Rural,Inhabitant,1646800,585468
1759,28,Andhra Pradesh,745,Alluri Sitharama Raju,4850,Gudem Kotha Veedhi,585469,2,Vanchula,,Rural,Inhabitant,1646900,585469
1760,28,Andhra Pradesh,745,Alluri Sitharama Raju,4850,Gudem Kotha Veedhi,585475,2,Kothapalle,,Rural,Inhabitant,1647500,585475
1761,28,Andhra Pradesh,745,Alluri Sitharama Raju,4850,Gudem Kotha Veedhi,585476,2,Boddamanupakalu,,Rural,Inhabitant,1647600,585476
1762,28,Andhra Pradesh,745,Alluri Sitharama Raju,4850,Gudem Kotha Veedhi,585478,2,Gudem Patha Veedhi,,Rural,Inhabitant,1647800,585478
1763,28,Andhra Pradesh,745,Alluri Sitharama Raju,4850,Gudem Kotha Veedhi,585480,2,Vadamamidi,,Rural,Inhabitant,1648000,585480
1764,28,Andhra Pradesh,745,Alluri Sitharama Raju,4850,Gudem Kotha Veedhi,585482,2,Kunkkumpudi,,Rural,Inhabitant,1648200,585482
1765,28,Andhra Pradesh,745,Alluri Sitharama Raju,4850,Gudem Kotha Veedhi,585484,2,Teemulabanda,,Rural,Inhabitant,1648400,585484
1766,28,Andhra Pradesh,745,Alluri Sitharama Raju,4850,Gudem Kotha Veedhi,585489,2,Busulu,,Rural,Inhabitant,1648900,585489
1767,28,Andhra Pradesh,745,Alluri Sitharama Raju,4850,Gudem Kotha Veedhi,585491,2,Sagulu,,Rural,Inhabitant,1649100,585491
1768,28,Andhra Pradesh,745,Alluri Sitharama Raju,4850,Gudem Kotha Veedhi,585497,2,Kokkitapadu,,Rural,Inhabitant,1649700,585497
1769,28,Andhra Pradesh,745,Alluri Sitharama Raju,4850,Gudem Kotha Veedhi,585500,2,Thurumamidi,,Rural,Inhabitant,1650000,585500
1770,28,Andhra Pradesh,745,Alluri Sitharama Raju,4850,Gudem Kotha Veedhi,585504,2,Garikibanda,,Rural,Inhabitant,1650400,585504
1771,28,Andhra Pradesh,745,Alluri Sitharama Raju,4850,Gudem Kotha Veedhi,585505,2,Peddavalasa,,Rural,Inhabitant,1650500,585505
1772,28,Andhra Pradesh,745,Alluri Sitharama Raju,4850,Gudem Kotha Veedhi,585506,2,Jadumuru,,Rural,Inhabitant,1650600,585506
1773,28,Andhra Pradesh,745,Alluri Sitharama Raju,4850,Gudem Kotha Veedhi,585508,2,Vasuwada,,Rural,Inhabitant,1650800,585508
1774,28,Andhra Pradesh,745,Alluri Sitharama Raju,4850,Gudem Kotha Veedhi,585510,2,Chinnajadumuru,,Rural,Inhabitant,1651000,585510
1775,28,Andhra Pradesh,745,Alluri Sitharama Raju,4850,Gudem Kotha Veedhi,585513,2,Sankadakothuru,,Rural,Inhabitant,1651300,585513
1776,28,Andhra Pradesh,745,Alluri Sitharama Raju,4850,Gudem Kotha Veedhi,585514,2,Nimmalapalem,,Rural,Inhabitant,1651400,585514
1777,28,Andhra Pradesh,745,Alluri Sitharama Raju,4850,Gudem Kotha Veedhi,585519,2,Jangampadu,,Rural,Inhabitant,1651900,585519
1778,28,Andhra Pradesh,745,Alluri Sitharama Raju,4850,Gudem Kotha Veedhi,585522,2,Yernabilli,,Rural,Inhabitant,1652200,585522
1779,28,Andhra Pradesh,745,Alluri Sitharama Raju,4850,Gudem Kotha Veedhi,585531,2,Bonampalle,,Rural,Inhabitant,1653100,585531
1780,28,Andhra Pradesh,745,Alluri Sitharama Raju,4850,Gudem Kotha Veedhi,585533,2,Kothagudem,,Rural,Inhabitant,1653300,585533
1781,28,Andhra Pradesh,745,Alluri Sitharama Raju,4850,Gudem Kotha Veedhi,585535,2,Yerravaram,,Rural,Inhabitant,1653500,585535
1782,28,Andhra Pradesh,745,Alluri Sitharama Raju,4850,Gudem Kotha Veedhi,585537,2,Kadugulu,,Rural,Inhabitant,1653700,585537
1783,28,Andhra Pradesh,745,Alluri Sitharama Raju,4850,Gudem Kotha Veedhi,585539,2,Rajumanupakalu,,Rural,Inhabitant,1653900,585539
1784,28,Andhra Pradesh,745,Alluri Sitharama Raju,4850,Gudem Kotha Veedhi,585542,2,Kodisingi,,Rural,Inhabitant,1654200,585542
1785,28,Andhra Pradesh,745,Alluri Sitharama Raju,4850,Gudem Kotha Veedhi,585544,2,Kattupalle,,Rural,Inhabitant,1654400,585544
1786,28,Andhra Pradesh,745,Alluri Sitharama Raju,4850,Gudem Kotha Veedhi,585545,2,Lingavaram,,Rural,Inhabitant,1654500,585545
1787,28,Andhra Pradesh,745,Alluri Sitharama Raju,4850,Gudem Kotha Veedhi,585546,2,Madem,,Rural,Inhabitant,1654600,585546
1788,28,Andhra Pradesh,745,Alluri Sitharama Raju,4850,Gudem Kotha Veedhi,585547,2,Damanapalle,,Rural,Inhabitant,1654700,585547
1789,28,Andhra Pradesh,745,Alluri Sitharama Raju,4850,Gudem Kotha Veedhi,585549,2,Signapalle,,Rural,Inhabitant,1654900,585549
1790,28,Andhra Pradesh,745,Alluri Sitharama Raju,4850,Gudem Kotha Veedhi,585550,2,Annavaram,,Rural,Inhabitant,1655000,585550
1791,28,Andhra Pradesh,745,Alluri Sitharama Raju,4850,Gudem Kotha Veedhi,585551,2,Upper Sileru Project Site Camp (Ct),,Rural,Inhabitant,41303000,585551
1792,28,Andhra Pradesh,745,Alluri Sitharama Raju,4850,Gudem Kotha Veedhi,585378,2,Valasagedda,,Rural,Inhabitant,1637800,585378
1793,28,Andhra Pradesh,745,Alluri Sitharama Raju,4850,Gudem Kotha Veedhi,585379,2,Busikonda,,Rural,Inhabitant,1637900,585379
1794,28,Andhra Pradesh,745,Alluri Sitharama Raju,4850,Gudem Kotha Veedhi,585384,2,Challanisilpa,,Rural,Inhabitant,1638400,585384
1795,28,Andhra Pradesh,745,Alluri Sitharama Raju,4850,Gudem Kotha Veedhi,585385,2,Rosaiguda,,Rural,Inhabitant,1638500,585385
1796,28,Andhra Pradesh,745,Alluri Sitharama Raju,4850,Gudem Kotha Veedhi,585386,2,Duppalawada,,Rural,Inhabitant,1638600,585386
1797,28,Andhra Pradesh,745,Alluri Sitharama Raju,4850,Gudem Kotha Veedhi,585389,2,Rallagedda,,Rural,Inhabitant,1638900,585389
1798,28,Andhra Pradesh,745,Alluri Sitharama Raju,4850,Gudem Kotha Veedhi,585392,2,Gangavaram,,Rural,Inhabitant,1639200,585392
1799,28,Andhra Pradesh,745,Alluri Sitharama Raju,4850,Gudem Kotha Veedhi,585395,2,Pilligondi,,Rural,Inhabitant,1639500,585395
1800,28,Andhra Pradesh,745,Alluri Sitharama Raju,4850,Gudem Kotha Veedhi,585397,2,Chintalawada,,Rural,Inhabitant,1639700,585397
1801,28,Andhra Pradesh,745,Alluri Sitharama Raju,4850,Gudem Kotha Veedhi,585399,2,Rallagedda,,Rural,Inhabitant,1639900,585399
1802,28,Andhra Pradesh,745,Alluri Sitharama Raju,4850,Gudem Kotha Veedhi,585400,2,Kondrupalle,,Rural,Inhabitant,1640000,585400
1803,28,Andhra Pradesh,745,Alluri Sitharama Raju,4850,Gudem Kotha Veedhi,585401,2,Boddalalagondi,,Rural,Inhabitant,1640100,585401
1804,28,Andhra Pradesh,745,Alluri Sitharama Raju,4850,Gudem Kotha Veedhi,585405,2,Gunkurolu,,Rural,Inhabitant,1640500,585405
1805,28,Andhra Pradesh,745,Alluri Sitharama Raju,4850,Gudem Kotha Veedhi,585409,2,Tadakapalle,,Rural,Inhabitant,1640900,585409
1806,28,Andhra Pradesh,745,Alluri Sitharama Raju,4850,Gudem Kotha Veedhi,585410,2,Durgam,,Rural,Inhabitant,1641000,585410
1807,28,Andhra Pradesh,745,Alluri Sitharama Raju,4850,Gudem Kotha Veedhi,585411,2,Godichinta,,Rural,Inhabitant,1641100,585411
1808,28,Andhra Pradesh,745,Alluri Sitharama Raju,4850,Gudem Kotha Veedhi,585412,2,Chamagedda,,Rural,Inhabitant,1641200,585412
1809,28,Andhra Pradesh,745,Alluri Sitharama Raju,4850,Gudem Kotha Veedhi,585416,2,Jajipakalu,,Rural,Inhabitant,1641600,585416
1810,28,Andhra Pradesh,745,Alluri Sitharama Raju,4850,Gudem Kotha Veedhi,585417,2,Yenugugondi,,Rural,Inhabitant,1641700,585417
1811,28,Andhra Pradesh,745,Alluri Sitharama Raju,4850,Gudem Kotha Veedhi,585419,2,Chekkalamaddi,,Rural,Inhabitant,1641900,585419
1812,28,Andhra Pradesh,745,Alluri Sitharama Raju,4850,Gudem Kotha Veedhi,585421,2,Kotturu,,Rural,Inhabitant,1642100,585421
1813,28,Andhra Pradesh,745,Alluri Sitharama Raju,4850,Gudem Kotha Veedhi,585423,2,Kongapakalu,,Rural,Inhabitant,1642300,585423
1814,28,Andhra Pradesh,745,Alluri Sitharama Raju,4850,Gudem Kotha Veedhi,585425,2,Kommalawada,,Rural,Inhabitant,1642500,585425
1815,28,Andhra Pradesh,745,Alluri Sitharama Raju,4850,Gudem Kotha Veedhi,585427,2,Cheedigunta,,Rural,Inhabitant,1642700,585427
1816,28,Andhra Pradesh,745,Alluri Sitharama Raju,4850,Gudem Kotha Veedhi,585428,2,Chodirai,,Rural,Inhabitant,1642800,585428
1817,28,Andhra Pradesh,745,Alluri Sitharama Raju,4850,Gudem Kotha Veedhi,585432,2,Kothurukota,,Rural,Inhabitant,1643200,585432
1818,28,Andhra Pradesh,745,Alluri Sitharama Raju,4850,Gudem Kotha Veedhi,585433,2,Annavaram,,Rural,Inhabitant,1643300,585433
1819,28,Andhra Pradesh,745,Alluri Sitharama Raju,4850,Gudem Kotha Veedhi,585434,2,Nelajaratha,,Rural,Inhabitant,1643400,585434
1820,28,Andhra Pradesh,745,Alluri Sitharama Raju,4850,Gudem Kotha Veedhi,585435,2,Kakanuru,,Rural,Inhabitant,1643500,585435
1821,28,Andhra Pradesh,745,Alluri Sitharama Raju,4850,Gudem Kotha Veedhi,585436,2,Gummirevulu,,Rural,Inhabitant,1643600,585436
1822,28,Andhra Pradesh,745,Alluri Sitharama Raju,4850,Gudem Kotha Veedhi,585437,2,Paramasingavaram,,Rural,Inhabitant,1643700,585437
1823,28,Andhra Pradesh,745,Alluri Sitharama Raju,4850,Gudem Kotha Veedhi,585439,2,Bathunuru,,Rural,Inhabitant,1643900,585439
1824,28,Andhra Pradesh,745,Alluri Sitharama Raju,4850,Gudem Kotha Veedhi,585440,2,Galikonda,,Rural,Inhabitant,1644000,585440
1825,28,Andhra Pradesh,745,Alluri Sitharama Raju,4850,Gudem Kotha Veedhi,585442,2,Jampalova,,Rural,Inhabitant,1644200,585442
1826,28,Andhra Pradesh,745,Alluri Sitharama Raju,4850,Gudem Kotha Veedhi,585445,2,Lankapakalu,,Rural,Inhabitant,1644500,585445
1827,28,Andhra Pradesh,745,Alluri Sitharama Raju,4850,Gudem Kotha Veedhi,585447,2,Marripalem,,Rural,Inhabitant,1644700,585447
1828,28,Andhra Pradesh,745,Alluri Sitharama Raju,4850,Gudem Kotha Veedhi,585448,2,Munagarapalle,,Rural,Inhabitant,1644800,585448
1829,28,Andhra Pradesh,745,Alluri Sitharama Raju,4850,Gudem Kotha Veedhi,585449,2,Siribala,,Rural,Inhabitant,1644900,585449
1830,28,Andhra Pradesh,745,Alluri Sitharama Raju,4850,Gudem Kotha Veedhi,585451,2,Jerrilakothuru,,Rural,Inhabitant,1645100,585451
1831,28,Andhra Pradesh,745,Alluri Sitharama Raju,4850,Gudem Kotha Veedhi,585453,2,Gudiwada,,Rural,Inhabitant,1645300,585453
1832,28,Andhra Pradesh,745,Alluri Sitharama Raju,4850,Gudem Kotha Veedhi,585455,2,Nemmathotapalem,,Rural,Inhabitant,1645500,585455
1833,28,Andhra Pradesh,745,Alluri Sitharama Raju,4850,Gudem Kotha Veedhi,585456,2,Burugupakalu,,Rural,Inhabitant,1645600,585456
1834,28,Andhra Pradesh,745,Alluri Sitharama Raju,4850,Gudem Kotha Veedhi,585460,2,Gaigampalle,,Rural,Inhabitant,1646000,585460
1835,28,Andhra Pradesh,745,Alluri Sitharama Raju,4850,Gudem Kotha Veedhi,585461,2,Kondakichangi,,Rural,Inhabitant,1646100,585461
1836,28,Andhra Pradesh,745,Alluri Sitharama Raju,4850,Gudem Kotha Veedhi,585462,2,Lubbagunta,,Rural,Inhabitant,1646200,585462
1837,28,Andhra Pradesh,745,Alluri Sitharama Raju,4850,Gudem Kotha Veedhi,585463,2,Panasapalle,,Rural,Inhabitant,1646300,585463
1838,28,Andhra Pradesh,745,Alluri Sitharama Raju,4850,Gudem Kotha Veedhi,585465,2,Chintalapadu,,Rural,Inhabitant,1646500,585465
1839,28,Andhra Pradesh,745,Alluri Sitharama Raju,4850,Gudem Kotha Veedhi,585470,2,Kondawada,,Rural,Inhabitant,1647000,585470
1840,28,Andhra Pradesh,745,Alluri Sitharama Raju,4850,Gudem Kotha Veedhi,585471,2,Korapalle,,Rural,Inhabitant,1647100,585471
1841,28,Andhra Pradesh,745,Alluri Sitharama Raju,4850,Gudem Kotha Veedhi,585472,2,Panasalapadu,,Rural,Inhabitant,1647200,585472
1842,28,Andhra Pradesh,745,Alluri Sitharama Raju,4850,Gudem Kotha Veedhi,585473,2,Cherapalle,,Rural,Inhabitant,1647300,585473
1843,28,Andhra Pradesh,745,Alluri Sitharama Raju,4850,Gudem Kotha Veedhi,585474,2,Gondipalle,,Rural,Inhabitant,1647400,585474
1844,28,Andhra Pradesh,745,Alluri Sitharama Raju,4850,Gudem Kotha Veedhi,585477,2,Boddamanupakalu,,Rural,Inhabitant,1647700,585477
1845,28,Andhra Pradesh,745,Alluri Sitharama Raju,4850,Gudem Kotha Veedhi,585479,2,Agraharam,,Rural,Inhabitant,1647900,585479
1846,28,Andhra Pradesh,745,Alluri Sitharama Raju,4850,Gudem Kotha Veedhi,585481,2,Boddamamidi,,Rural,Inhabitant,1648100,585481
1847,28,Andhra Pradesh,745,Alluri Sitharama Raju,4850,Gudem Kotha Veedhi,585483,2,Gummalagondi,,Rural,Inhabitant,1648300,585483
1848,28,Andhra Pradesh,745,Alluri Sitharama Raju,4850,Gudem Kotha Veedhi,585485,2,Pujaripakalu,,Rural,Inhabitant,1648500,585485
1849,28,Andhra Pradesh,745,Alluri Sitharama Raju,4850,Gudem Kotha Veedhi,585486,2,Gudem Kotha Veedhi,,Rural,Inhabitant,1648600,585486
1850,28,Andhra Pradesh,745,Alluri Sitharama Raju,4850,Gudem Kotha Veedhi,585487,2,Kampamanupakalu,,Rural,Inhabitant,1648700,585487
1851,28,Andhra Pradesh,745,Alluri Sitharama Raju,4850,Gudem Kotha Veedhi,585488,2,Etarobbulu,,Rural,Inhabitant,1648800,585488
1852,28,Andhra Pradesh,745,Alluri Sitharama Raju,4850,Gudem Kotha Veedhi,585490,2,Pedapadu,,Rural,Inhabitant,1649000,585490
1853,28,Andhra Pradesh,745,Alluri Sitharama Raju,4850,Gudem Kotha Veedhi,585492,2,Lakkavaram,,Rural,Inhabitant,1649200,585492
1854,28,Andhra Pradesh,745,Alluri Sitharama Raju,4850,Gudem Kotha Veedhi,585493,2,Patha Yerragedda,,Rural,Inhabitant,1649300,585493
1855,28,Andhra Pradesh,745,Alluri Sitharama Raju,4850,Gudem Kotha Veedhi,585494,2,Yerracheruvulu,,Rural,Inhabitant,1649400,585494
1856,28,Andhra Pradesh,745,Alluri Sitharama Raju,4850,Gudem Kotha Veedhi,585495,2,Badasallu,,Rural,Inhabitant,1649500,585495
1857,28,Andhra Pradesh,745,Alluri Sitharama Raju,4850,Gudem Kotha Veedhi,585496,2,Dokuluru,,Rural,Inhabitant,1649600,585496
1858,28,Andhra Pradesh,745,Alluri Sitharama Raju,4850,Gudem Kotha Veedhi,585498,2,Rampulu,,Rural,Inhabitant,1649800,585498
1859,28,Andhra Pradesh,745,Alluri Sitharama Raju,4850,Gudem Kotha Veedhi,585499,2,Chaparathipalem,,Rural,Inhabitant,1649900,585499
1860,28,Andhra Pradesh,745,Alluri Sitharama Raju,4850,Gudem Kotha Veedhi,585501,2,Nerudubanda,,Rural,Inhabitant,1650100,585501
1861,28,Andhra Pradesh,745,Alluri Sitharama Raju,4850,Gudem Kotha Veedhi,585502,2,Lakkavarapupeta,,Rural,Inhabitant,1650200,585502
1862,28,Andhra Pradesh,745,Alluri Sitharama Raju,4850,Gudem Kotha Veedhi,585503,2,Boyalapalem,,Rural,Inhabitant,1650300,585503
1863,28,Andhra Pradesh,745,Alluri Sitharama Raju,4850,Gudem Kotha Veedhi,585507,2,Gomuvada,,Rural,Inhabitant,1650700,585507
1864,28,Andhra Pradesh,745,Alluri Sitharama Raju,4850,Gudem Kotha Veedhi,585509,2,Chittamamidi,,Rural,Inhabitant,1650900,585509
1865,28,Andhra Pradesh,745,Alluri Sitharama Raju,4850,Gudem Kotha Veedhi,585511,2,Dengurai,,Rural,Inhabitant,1651100,585511
1866,28,Andhra Pradesh,745,Alluri Sitharama Raju,4850,Gudem Kotha Veedhi,585512,2,Gandepalle,,Rural,Inhabitant,1651200,585512
1867,28,Andhra Pradesh,745,Alluri Sitharama Raju,4850,Gudem Kotha Veedhi,585515,2,Suravaram,,Rural,Inhabitant,1651500,585515
1868,28,Andhra Pradesh,745,Alluri Sitharama Raju,4850,Gudem Kotha Veedhi,585516,2,Kodisingi,,Rural,Inhabitant,1651600,585516
1869,28,Andhra Pradesh,745,Alluri Sitharama Raju,4850,Gudem Kotha Veedhi,585517,2,Mangalapalem,,Rural,Inhabitant,1651700,585517
1870,28,Andhra Pradesh,745,Alluri Sitharama Raju,4850,Gudem Kotha Veedhi,585518,2,Devarapalle,,Rural,Inhabitant,1651800,585518
1871,28,Andhra Pradesh,745,Alluri Sitharama Raju,4850,Gudem Kotha Veedhi,585520,2,Gunalanka,,Rural,Inhabitant,1652000,585520
1872,28,Andhra Pradesh,745,Alluri Sitharama Raju,4850,Gudem Kotha Veedhi,585521,2,Vusurugudem,,Rural,Inhabitant,1652100,585521
1873,28,Andhra Pradesh,745,Alluri Sitharama Raju,4850,Gudem Kotha Veedhi,585523,2,Kotnabilli,,Rural,Inhabitant,1652300,585523
1874,28,Andhra Pradesh,745,Alluri Sitharama Raju,4850,Gudem Kotha Veedhi,585524,2,Sankada,,Rural,Inhabitant,1652400,585524
1875,28,Andhra Pradesh,745,Alluri Sitharama Raju,4850,Gudem Kotha Veedhi,585525,2,Asurodda,,Rural,Inhabitant,1652500,585525
1876,28,Andhra Pradesh,745,Alluri Sitharama Raju,4850,Gudem Kotha Veedhi,585526,2,Rinthada,,Rural,Inhabitant,1652600,585526
1877,28,Andhra Pradesh,745,Alluri Sitharama Raju,4850,Gudem Kotha Veedhi,585527,2,Ducharapalem,,Rural,Inhabitant,1652700,585527
1878,28,Andhra Pradesh,745,Alluri Sitharama Raju,4850,Gudem Kotha Veedhi,585529,2,Ramagedda,,Rural,Inhabitant,1652900,585529
1879,28,Andhra Pradesh,745,Alluri Sitharama Raju,4850,Gudem Kotha Veedhi,585530,2,Neelavaram,,Rural,Inhabitant,1653000,585530
1880,28,Andhra Pradesh,745,Alluri Sitharama Raju,4850,Gudem Kotha Veedhi,585532,2,Gudem Colony,,Rural,Inhabitant,1653200,585532
1881,28,Andhra Pradesh,745,Alluri Sitharama Raju,4850,Gudem Kotha Veedhi,585534,2,R.V.Nagar,,Rural,Inhabitant,1653400,585534
1882,28,Andhra Pradesh,745,Alluri Sitharama Raju,4850,Gudem Kotha Veedhi,585536,2,Chapagedda,,Rural,Inhabitant,1653600,585536
1883,28,Andhra Pradesh,745,Alluri Sitharama Raju,4850,Gudem Kotha Veedhi,585538,2,Parikala,,Rural,Inhabitant,1653800,585538
1884,28,Andhra Pradesh,745,Alluri Sitharama Raju,4850,Gudem Kotha Veedhi,585540,2,Kimulabanda,,Rural,Inhabitant,1654000,585540
1885,28,Andhra Pradesh,745,Alluri Sitharama Raju,4850,Gudem Kotha Veedhi,585541,2,Pedakothuru,,Rural,Inhabitant,1654100,585541
1886,28,Andhra Pradesh,745,Alluri Sitharama Raju,4850,Gudem Kotha Veedhi,585543,2,Doddikonda,,Rural,Inhabitant,1654300,585543
1887,28,Andhra Pradesh,745,Alluri Sitharama Raju,4850,Gudem Kotha Veedhi,585548,2,Pippaladoddi,,Rural,Inhabitant,1654800,585548
1888,28,Andhra Pradesh,745,Alluri Sitharama Raju,4850,Gudem Kotha Veedhi,585528,3,Yebulum,,Rural,Inhabitant,1652800,585528
1889,28,Andhra Pradesh,745,Alluri Sitharama Raju,4846,Hukumpeta,584458,2,Burmanguda,,Rural,Inhabitant,1545900,584458
1890,28,Andhra Pradesh,745,Alluri Sitharama Raju,4846,Hukumpeta,584459,2,Kulapadu,,Rural,Inhabitant,1546000,584459
1891,28,Andhra Pradesh,745,Alluri Sitharama Raju,4846,Hukumpeta,584460,2,Vallangiputtu,,Rural,Inhabitant,1546100,584460
1892,28,Andhra Pradesh,745,Alluri Sitharama Raju,4846,Hukumpeta,584463,2,Beeram,,Rural,Inhabitant,1546400,584463
1893,28,Andhra Pradesh,745,Alluri Sitharama Raju,4846,Hukumpeta,584464,2,Muliaputtu,,Rural,Inhabitant,1546500,584464
1894,28,Andhra Pradesh,745,Alluri Sitharama Raju,4846,Hukumpeta,584465,2,Konthili,,Rural,Inhabitant,1546600,584465
1895,28,Andhra Pradesh,745,Alluri Sitharama Raju,4846,Hukumpeta,584470,2,Kontapalle,,Rural,Inhabitant,1547100,584470
1896,28,Andhra Pradesh,745,Alluri Sitharama Raju,4846,Hukumpeta,584471,2,Pedagaruvu,,Rural,Inhabitant,1547200,584471
1897,28,Andhra Pradesh,745,Alluri Sitharama Raju,4846,Hukumpeta,584472,2,Marela,,Rural,Inhabitant,1547300,584472
1898,28,Andhra Pradesh,745,Alluri Sitharama Raju,4846,Hukumpeta,584474,2,Marripalem,,Rural,Inhabitant,1547500,584474
1899,28,Andhra Pradesh,745,Alluri Sitharama Raju,4846,Hukumpeta,584477,2,Pathakota,,Rural,Inhabitant,1547800,584477
1900,28,Andhra Pradesh,745,Alluri Sitharama Raju,4846,Hukumpeta,584482,2,Irukurai,,Rural,Inhabitant,1548300,584482
1901,28,Andhra Pradesh,745,Alluri Sitharama Raju,4846,Hukumpeta,584483,2,Sariyapolam,,Rural,Inhabitant,1548400,584483
1902,28,Andhra Pradesh,745,Alluri Sitharama Raju,4846,Hukumpeta,584485,2,Jeelugulaputtu,,Rural,Inhabitant,1548600,584485
1903,28,Andhra Pradesh,745,Alluri Sitharama Raju,4846,Hukumpeta,584488,2,Jangamputtu,,Rural,Inhabitant,1548900,584488
1904,28,Andhra Pradesh,745,Alluri Sitharama Raju,4846,Hukumpeta,584489,2,Gatham,,Rural,Inhabitant,1549000,584489
1905,28,Andhra Pradesh,745,Alluri Sitharama Raju,4846,Hukumpeta,584491,2,Vachanarangini,,Rural,Inhabitant,1549200,584491
1906,28,Andhra Pradesh,745,Alluri Sitharama Raju,4846,Hukumpeta,584492,2,Sullipakoni,,Rural,Inhabitant,1549300,584492
1907,28,Andhra Pradesh,745,Alluri Sitharama Raju,4846,Hukumpeta,584494,2,Thumbaguda,,Rural,Inhabitant,1549500,584494
1908,28,Andhra Pradesh,745,Alluri Sitharama Raju,4846,Hukumpeta,584495,2,Kondayyapadu,,Rural,Inhabitant,1549600,584495
1909,28,Andhra Pradesh,745,Alluri Sitharama Raju,4846,Hukumpeta,584496,2,Patakadavada,,Rural,Inhabitant,1549700,584496
1910,28,Andhra Pradesh,745,Alluri Sitharama Raju,4846,Hukumpeta,584502,2,Maddiputtu,,Rural,Inhabitant,1550300,584502
1911,28,Andhra Pradesh,745,Alluri Sitharama Raju,4846,Hukumpeta,584503,2,Koditala,,Rural,Inhabitant,1550400,584503
1912,28,Andhra Pradesh,745,Alluri Sitharama Raju,4846,Hukumpeta,584507,2,Bairodivalasa @ Uppa,,Rural,Inhabitant,1550800,584507
1913,28,Andhra Pradesh,745,Alluri Sitharama Raju,4846,Hukumpeta,584508,2,Pedirai,,Rural,Inhabitant,1550900,584508
1914,28,Andhra Pradesh,745,Alluri Sitharama Raju,4846,Hukumpeta,584510,2,Olda,,Rural,Inhabitant,1551100,584510
1915,28,Andhra Pradesh,745,Alluri Sitharama Raju,4846,Hukumpeta,584511,2,Nittaputtu,,Rural,Inhabitant,1551200,584511
1916,28,Andhra Pradesh,745,Alluri Sitharama Raju,4846,Hukumpeta,584512,2,Jakaramputtu,,Rural,Inhabitant,1551300,584512
1917,28,Andhra Pradesh,745,Alluri Sitharama Raju,4846,Hukumpeta,584513,2,Kanguputtu,,Rural,Inhabitant,1551400,584513
1918,28,Andhra Pradesh,745,Alluri Sitharama Raju,4846,Hukumpeta,584515,2,Peddapadu,,Rural,Inhabitant,1551600,584515
1919,28,Andhra Pradesh,745,Alluri Sitharama Raju,4846,Hukumpeta,584518,2,Rapa,,Rural,Inhabitant,1551900,584518
1920,28,Andhra Pradesh,745,Alluri Sitharama Raju,4846,Hukumpeta,584520,2,Gondirapa,,Rural,Inhabitant,1552100,584520
1921,28,Andhra Pradesh,745,Alluri Sitharama Raju,4846,Hukumpeta,584521,2,Gondipeta,,Rural,Inhabitant,1552200,584521
1922,28,Andhra Pradesh,745,Alluri Sitharama Raju,4846,Hukumpeta,584522,2,Santhari,,Rural,Inhabitant,1552300,584522
1923,28,Andhra Pradesh,745,Alluri Sitharama Raju,4846,Hukumpeta,584523,2,Chinaburuguputtu,,Rural,Inhabitant,1552400,584523
1924,28,Andhra Pradesh,745,Alluri Sitharama Raju,4846,Hukumpeta,584524,2,Bilaiputtu,,Rural,Inhabitant,1552500,584524
1925,28,Andhra Pradesh,745,Alluri Sitharama Raju,4846,Hukumpeta,584525,2,Nimmalapadu,,Rural,Inhabitant,1552600,584525
1926,28,Andhra Pradesh,745,Alluri Sitharama Raju,4846,Hukumpeta,584527,2,Tiyyaniputtu,,Rural,Inhabitant,1552800,584527
1927,28,Andhra Pradesh,745,Alluri Sitharama Raju,4846,Hukumpeta,584528,2,Birisingi,,Rural,Inhabitant,1552900,584528
1928,28,Andhra Pradesh,745,Alluri Sitharama Raju,4846,Hukumpeta,584529,2,Sukuru,,Rural,Inhabitant,1553000,584529
1929,28,Andhra Pradesh,745,Alluri Sitharama Raju,4846,Hukumpeta,584530,2,Barapalle,,Rural,Inhabitant,1553100,584530
1930,28,Andhra Pradesh,745,Alluri Sitharama Raju,4846,Hukumpeta,584531,2,Gadikinchumanda,,Rural,Inhabitant,1553200,584531
1931,28,Andhra Pradesh,745,Alluri Sitharama Raju,4846,Hukumpeta,584532,2,Sanyasammapalem,,Rural,Inhabitant,1553300,584532
1932,28,Andhra Pradesh,745,Alluri Sitharama Raju,4846,Hukumpeta,584533,2,Addumanda,,Rural,Inhabitant,1553400,584533
1933,28,Andhra Pradesh,745,Alluri Sitharama Raju,4846,Hukumpeta,584536,2,Marrivalasa,,Rural,Inhabitant,1553700,584536
1934,28,Andhra Pradesh,745,Alluri Sitharama Raju,4846,Hukumpeta,584537,2,Mulusobha,,Rural,Inhabitant,1553800,584537
1935,28,Andhra Pradesh,745,Alluri Sitharama Raju,4846,Hukumpeta,584538,2,Ramachandrapuram,,Rural,Inhabitant,1553900,584538
1936,28,Andhra Pradesh,745,Alluri Sitharama Raju,4846,Hukumpeta,584539,2,Gummadiganduva,,Rural,Inhabitant,1554000,584539
1937,28,Andhra Pradesh,745,Alluri Sitharama Raju,4846,Hukumpeta,584540,2,Gangarajuputtu,,Rural,Inhabitant,1554100,584540
1938,28,Andhra Pradesh,745,Alluri Sitharama Raju,4846,Hukumpeta,584541,2,Locheliputtu,,Rural,Inhabitant,1554200,584541
1939,28,Andhra Pradesh,745,Alluri Sitharama Raju,4846,Hukumpeta,584545,2,Vakapalle,,Rural,Inhabitant,1554600,584545
1940,28,Andhra Pradesh,745,Alluri Sitharama Raju,4846,Hukumpeta,584547,2,Sembi,,Rural,Inhabitant,1554800,584547
1941,28,Andhra Pradesh,745,Alluri Sitharama Raju,4846,Hukumpeta,584549,2,Allamputtu,,Rural,Inhabitant,1555000,584549
1942,28,Andhra Pradesh,745,Alluri Sitharama Raju,4846,Hukumpeta,584551,2,Durgam,,Rural,Inhabitant,1555200,584551
1943,28,Andhra Pradesh,745,Alluri Sitharama Raju,4846,Hukumpeta,584552,2,Bangarugaruvu,,Rural,Inhabitant,1555300,584552
1944,28,Andhra Pradesh,745,Alluri Sitharama Raju,4846,Hukumpeta,584553,2,Ranamkota,,Rural,Inhabitant,1555400,584553
1945,28,Andhra Pradesh,745,Alluri Sitharama Raju,4846,Hukumpeta,584555,2,Kethampalem,,Rural,Inhabitant,1555600,584555
1946,28,Andhra Pradesh,745,Alluri Sitharama Raju,4846,Hukumpeta,584570,2,Gillibaddu,,Rural,Inhabitant,1557100,584570
1947,28,Andhra Pradesh,745,Alluri Sitharama Raju,4846,Hukumpeta,584557,2,Mulakayiputtu,,Rural,Inhabitant,1555800,584557
1948,28,Andhra Pradesh,745,Alluri Sitharama Raju,4846,Hukumpeta,584560,2,Mebha,,Rural,Inhabitant,1556100,584560
1949,28,Andhra Pradesh,745,Alluri Sitharama Raju,4846,Hukumpeta,584561,2,Kotagummam,,Rural,Inhabitant,1556200,584561
1950,28,Andhra Pradesh,745,Alluri Sitharama Raju,4846,Hukumpeta,584564,2,Bheemavaram,,Rural,Inhabitant,1556500,584564
1951,28,Andhra Pradesh,745,Alluri Sitharama Raju,4846,Hukumpeta,584565,2,Maddiputtu,,Rural,Inhabitant,1556600,584565
1952,28,Andhra Pradesh,745,Alluri Sitharama Raju,4846,Hukumpeta,584566,2,Andiba,,Rural,Inhabitant,1556700,584566
1953,28,Andhra Pradesh,745,Alluri Sitharama Raju,4846,Hukumpeta,584567,2,Gangudi,,Rural,Inhabitant,1556800,584567
1954,28,Andhra Pradesh,745,Alluri Sitharama Raju,4846,Hukumpeta,584568,2,Gummadigunta,,Rural,Inhabitant,1556900,584568
1955,28,Andhra Pradesh,745,Alluri Sitharama Raju,4846,Hukumpeta,584569,2,Donkinavalasa,,Rural,Inhabitant,1557000,584569
1956,28,Andhra Pradesh,745,Alluri Sitharama Raju,4846,Hukumpeta,584573,2,Merakachinta,,Rural,Inhabitant,1557400,584573
1957,28,Andhra Pradesh,745,Alluri Sitharama Raju,4846,Hukumpeta,584574,2,Gasarapalle,,Rural,Inhabitant,1557500,584574
1958,28,Andhra Pradesh,745,Alluri Sitharama Raju,4846,Hukumpeta,584575,2,Palamamidi,,Rural,Inhabitant,1557600,584575
1959,28,Andhra Pradesh,745,Alluri Sitharama Raju,4846,Hukumpeta,584576,2,Patiguruvu,,Rural,Inhabitant,1557700,584576
1960,28,Andhra Pradesh,745,Alluri Sitharama Raju,4846,Hukumpeta,584577,2,Gedelapadu,,Rural,Inhabitant,1557800,584577
1961,28,Andhra Pradesh,745,Alluri Sitharama Raju,4846,Hukumpeta,584580,2,Jarrakonda,,Rural,Inhabitant,1558100,584580
1962,28,Andhra Pradesh,745,Alluri Sitharama Raju,4846,Hukumpeta,584582,2,Bangarubuddi,,Rural,Inhabitant,1558300,584582
1963,28,Andhra Pradesh,745,Alluri Sitharama Raju,4846,Hukumpeta,584583,2,Dirrapalle,,Rural,Inhabitant,1558400,584583
1964,28,Andhra Pradesh,745,Alluri Sitharama Raju,4846,Hukumpeta,584421,2,Tokaduggam,,Rural,Inhabitant,1542200,584421
1965,28,Andhra Pradesh,745,Alluri Sitharama Raju,4846,Hukumpeta,584422,2,Duggam,,Rural,Inhabitant,1542300,584422
1966,28,Andhra Pradesh,745,Alluri Sitharama Raju,4846,Hukumpeta,584423,2,Cheediputtu,,Rural,Inhabitant,1542400,584423
1967,28,Andhra Pradesh,745,Alluri Sitharama Raju,4846,Hukumpeta,584425,2,Besaiputtu,,Rural,Inhabitant,1542600,584425
1968,28,Andhra Pradesh,745,Alluri Sitharama Raju,4846,Hukumpeta,584426,2,Baluroda,,Rural,Inhabitant,1542700,584426
1969,28,Andhra Pradesh,745,Alluri Sitharama Raju,4846,Hukumpeta,584427,2,Ontipaka,,Rural,Inhabitant,1542800,584427
1970,28,Andhra Pradesh,745,Alluri Sitharama Raju,4846,Hukumpeta,584429,2,Masada,,Rural,Inhabitant,1543000,584429
1971,28,Andhra Pradesh,745,Alluri Sitharama Raju,4846,Hukumpeta,584430,2,Matchyapuram,,Rural,Inhabitant,1543100,584430
1972,28,Andhra Pradesh,745,Alluri Sitharama Raju,4846,Hukumpeta,584431,2,Tadigiri,,Rural,Inhabitant,1543200,584431
1973,28,Andhra Pradesh,745,Alluri Sitharama Raju,4846,Hukumpeta,584432,2,D.Chintalaveedhi,,Rural,Inhabitant,1543300,584432
1974,28,Andhra Pradesh,745,Alluri Sitharama Raju,4846,Hukumpeta,584435,2,Teegalavalasa,,Rural,Inhabitant,1543600,584435
1975,28,Andhra Pradesh,745,Alluri Sitharama Raju,4846,Hukumpeta,584437,2,Kamayyapeta,,Rural,Inhabitant,1543800,584437
1976,28,Andhra Pradesh,745,Alluri Sitharama Raju,4846,Hukumpeta,584439,2,Amuru,,Rural,Inhabitant,1544000,584439
1977,28,Andhra Pradesh,745,Alluri Sitharama Raju,4846,Hukumpeta,584441,2,Rangapalle,,Rural,Inhabitant,1544200,584441
1978,28,Andhra Pradesh,745,Alluri Sitharama Raju,4846,Hukumpeta,584444,2,Arlada,,Rural,Inhabitant,1544500,584444
1979,28,Andhra Pradesh,745,Alluri Sitharama Raju,4846,Hukumpeta,584445,2,Chilakalaputtu,,Rural,Inhabitant,1544600,584445
1980,28,Andhra Pradesh,745,Alluri Sitharama Raju,4846,Hukumpeta,584446,2,Sampangiputtu,,Rural,Inhabitant,1544700,584446
1981,28,Andhra Pradesh,745,Alluri Sitharama Raju,4846,Hukumpeta,584447,2,Sobakota,,Rural,Inhabitant,1544800,584447
1982,28,Andhra Pradesh,745,Alluri Sitharama Raju,4846,Hukumpeta,584448,2,Sundruputtu,,Rural,Inhabitant,1544900,584448
1983,28,Andhra Pradesh,745,Alluri Sitharama Raju,4846,Hukumpeta,584449,2,M.Kothavuru,,Rural,Inhabitant,1545000,584449
1984,28,Andhra Pradesh,745,Alluri Sitharama Raju,4846,Hukumpeta,584450,2,Matham,,Rural,Inhabitant,1545100,584450
1985,28,Andhra Pradesh,745,Alluri Sitharama Raju,4846,Hukumpeta,584452,2,Kodeli,,Rural,Inhabitant,1545300,584452
1986,28,Andhra Pradesh,745,Alluri Sitharama Raju,4846,Hukumpeta,584454,2,Marriputtu,,Rural,Inhabitant,1545500,584454
1987,28,Andhra Pradesh,745,Alluri Sitharama Raju,4846,Hukumpeta,584456,2,Kangaruputtu,,Rural,Inhabitant,1545700,584456
1988,28,Andhra Pradesh,745,Alluri Sitharama Raju,4846,Hukumpeta,584461,2,Lakeyaputtu,,Rural,Inhabitant,1546200,584461
1989,28,Andhra Pradesh,745,Alluri Sitharama Raju,4846,Hukumpeta,584466,2,Hukumpeta,,Rural,Inhabitant,1546700,584466
1990,28,Andhra Pradesh,745,Alluri Sitharama Raju,4846,Hukumpeta,584467,2,Chatraiputtu,,Rural,Inhabitant,1546800,584467
1991,28,Andhra Pradesh,745,Alluri Sitharama Raju,4846,Hukumpeta,584468,2,Gadugupalle,,Rural,Inhabitant,1546900,584468
1992,28,Andhra Pradesh,745,Alluri Sitharama Raju,4846,Hukumpeta,584469,2,Urrada,,Rural,Inhabitant,1547000,584469
1993,28,Andhra Pradesh,745,Alluri Sitharama Raju,4846,Hukumpeta,584473,2,Patrimetta,,Rural,Inhabitant,1547400,584473
1994,28,Andhra Pradesh,745,Alluri Sitharama Raju,4846,Hukumpeta,584475,2,Chintalaveedhi,,Rural,Inhabitant,1547600,584475
1995,28,Andhra Pradesh,745,Alluri Sitharama Raju,4846,Hukumpeta,584476,2,Rudi @ Degarudi,,Rural,Inhabitant,1547700,584476
1996,28,Andhra Pradesh,745,Alluri Sitharama Raju,4846,Hukumpeta,584479,2,Mangalamamidi,,Rural,Inhabitant,1548000,584479
1997,28,Andhra Pradesh,745,Alluri Sitharama Raju,4846,Hukumpeta,584480,2,Kokkisa,,Rural,Inhabitant,1548100,584480
1998,28,Andhra Pradesh,745,Alluri Sitharama Raju,4846,Hukumpeta,584481,2,Liviti,,Rural,Inhabitant,1548200,584481
1999,28,Andhra Pradesh,745,Alluri Sitharama Raju,4846,Hukumpeta,584484,2,Dalamputtu,,Rural,Inhabitant,1548500,584484
2000,28,Andhra Pradesh,745,Alluri Sitharama Raju,4846,Hukumpeta,584486,2,Mandiputtu,,Rural,Inhabitant,1548700,584486
2001,28,Andhra Pradesh,745,Alluri Sitharama Raju,4846,Hukumpeta,584487,2,Cheekatiputtu,,Rural,Inhabitant,1548800,584487
2002,28,Andhra Pradesh,745,Alluri Sitharama Raju,4846,Hukumpeta,584490,2,Kimiduputtu,,Rural,Inhabitant,1549100,584490
2003,28,Andhra Pradesh,745,Alluri Sitharama Raju,4846,Hukumpeta,584493,2,Boorja,,Rural,Inhabitant,1549400,584493
2004,28,Andhra Pradesh,745,Alluri Sitharama Raju,4846,Hukumpeta,584497,2,Degasalthangi,,Rural,Inhabitant,1549800,584497
2005,28,Andhra Pradesh,745,Alluri Sitharama Raju,4846,Hukumpeta,584498,2,Egasalthangi,,Rural,Inhabitant,1549900,584498
2006,28,Andhra Pradesh,745,Alluri Sitharama Raju,4846,Hukumpeta,584499,2,Dumbriguda,,Rural,Inhabitant,1550000,584499
2007,28,Andhra Pradesh,745,Alluri Sitharama Raju,4846,Hukumpeta,584500,2,Majjivalasa,,Rural,Inhabitant,1550100,584500
2008,28,Andhra Pradesh,745,Alluri Sitharama Raju,4846,Hukumpeta,584501,2,Billaputtu,,Rural,Inhabitant,1550200,584501
2009,28,Andhra Pradesh,745,Alluri Sitharama Raju,4846,Hukumpeta,584504,2,Panasaputtu,,Rural,Inhabitant,1550500,584504
2010,28,Andhra Pradesh,745,Alluri Sitharama Raju,4846,Hukumpeta,584505,2,Pattam,,Rural,Inhabitant,1550600,584505
2011,28,Andhra Pradesh,745,Alluri Sitharama Raju,4846,Hukumpeta,584506,2,Nimmalapadu,,Rural,Inhabitant,1550700,584506
2012,28,Andhra Pradesh,745,Alluri Sitharama Raju,4846,Hukumpeta,584509,2,Totakurapadu,,Rural,Inhabitant,1551000,584509
2013,28,Andhra Pradesh,745,Alluri Sitharama Raju,4846,Hukumpeta,584514,2,Pusalagaruvu,,Rural,Inhabitant,1551500,584514
2014,28,Andhra Pradesh,745,Alluri Sitharama Raju,4846,Hukumpeta,584516,2,Turakalametta,,Rural,Inhabitant,1551700,584516
2015,28,Andhra Pradesh,745,Alluri Sitharama Raju,4846,Hukumpeta,584519,2,Reedabanda,,Rural,Inhabitant,1552000,584519
2016,28,Andhra Pradesh,745,Alluri Sitharama Raju,4846,Hukumpeta,584534,2,Neelamputtu,,Rural,Inhabitant,1553500,584534
2017,28,Andhra Pradesh,745,Alluri Sitharama Raju,4846,Hukumpeta,584542,2,Kutangi Tadiputtu,,Rural,Inhabitant,1554300,584542
2018,28,Andhra Pradesh,745,Alluri Sitharama Raju,4846,Hukumpeta,584543,2,Kuthangi,,Rural,Inhabitant,1554400,584543
2019,28,Andhra Pradesh,745,Alluri Sitharama Raju,4846,Hukumpeta,584544,2,Buradagummi,,Rural,Inhabitant,1554500,584544
2020,28,Andhra Pradesh,745,Alluri Sitharama Raju,4846,Hukumpeta,584546,2,Veerendla,,Rural,Inhabitant,1554700,584546
2021,28,Andhra Pradesh,745,Alluri Sitharama Raju,4846,Hukumpeta,584548,2,Sarasapadu,,Rural,Inhabitant,1554900,584548
2022,28,Andhra Pradesh,745,Alluri Sitharama Raju,4846,Hukumpeta,584550,2,Sampangiputtu,,Unmapped,Inhabitant,1555100,584550
2023,28,Andhra Pradesh,745,Alluri Sitharama Raju,4846,Hukumpeta,584554,2,Daragedda,,Rural,Inhabitant,1555500,584554
2024,28,Andhra Pradesh,745,Alluri Sitharama Raju,4846,Hukumpeta,584556,2,Nurupanuku,,Rural,Inhabitant,1555700,584556
2025,28,Andhra Pradesh,745,Alluri Sitharama Raju,4846,Hukumpeta,584558,2,Dabbagaruvu,,Rural,Inhabitant,1555900,584558
2026,28,Andhra Pradesh,745,Alluri Sitharama Raju,4846,Hukumpeta,584562,2,Bakuru,,Rural,Inhabitant,1556300,584562
2027,28,Andhra Pradesh,745,Alluri Sitharama Raju,4846,Hukumpeta,584563,2,Chittampadu,,Rural,Inhabitant,1556400,584563
2028,28,Andhra Pradesh,745,Alluri Sitharama Raju,4846,Hukumpeta,584571,2,Cheekumaddula,,Rural,Inhabitant,1557200,584571
2029,28,Andhra Pradesh,745,Alluri Sitharama Raju,4846,Hukumpeta,584572,2,Goppulapalem,,Rural,Inhabitant,1557300,584572
2030,28,Andhra Pradesh,745,Alluri Sitharama Raju,4846,Hukumpeta,584578,2,Sesaipanuku,,Rural,Inhabitant,1557900,584578
2031,28,Andhra Pradesh,745,Alluri Sitharama Raju,4846,Hukumpeta,584579,2,Peesumamidi,,Rural,Inhabitant,1558000,584579
2032,28,Andhra Pradesh,745,Alluri Sitharama Raju,4846,Hukumpeta,584581,2,Peda Nandiputtu,,Rural,Inhabitant,1558200,584581
2033,28,Andhra Pradesh,745,Alluri Sitharama Raju,4846,Hukumpeta,584584,2,Ganika,,Rural,Inhabitant,1558500,584584
2034,28,Andhra Pradesh,745,Alluri Sitharama Raju,4846,Hukumpeta,584585,2,Kothavuru,,Rural,Inhabitant,1558600,584585
2035,28,Andhra Pradesh,745,Alluri Sitharama Raju,4846,Hukumpeta,584586,2,Cheedigaruvu,,Rural,Inhabitant,1558700,584586
2036,28,Andhra Pradesh,745,Alluri Sitharama Raju,4846,Hukumpeta,584419,2,Garudapalle,,Rural,Inhabitant,1542000,584419
2037,28,Andhra Pradesh,745,Alluri Sitharama Raju,4846,Hukumpeta,584420,2,Rathulaputtu,,Rural,Inhabitant,1542100,584420
2038,28,Andhra Pradesh,745,Alluri Sitharama Raju,4846,Hukumpeta,584424,2,Pandimetta,,Rural,Inhabitant,1542500,584424
2039,28,Andhra Pradesh,745,Alluri Sitharama Raju,4846,Hukumpeta,584428,2,Rangaseela,,Rural,Inhabitant,1542900,584428
2040,28,Andhra Pradesh,745,Alluri Sitharama Raju,4846,Hukumpeta,584433,2,Vukkurba,,Rural,Inhabitant,1543400,584433
2041,28,Andhra Pradesh,745,Alluri Sitharama Raju,4846,Hukumpeta,584434,2,Allangiputtu,,Rural,Inhabitant,1543500,584434
2042,28,Andhra Pradesh,745,Alluri Sitharama Raju,4846,Hukumpeta,584436,2,Bijjapalle,,Rural,Inhabitant,1543700,584436
2043,28,Andhra Pradesh,745,Alluri Sitharama Raju,4846,Hukumpeta,584438,2,Pamurai,,Rural,Inhabitant,1543900,584438
2044,28,Andhra Pradesh,745,Alluri Sitharama Raju,4846,Hukumpeta,584440,2,Nakkalaputtu,,Rural,Inhabitant,1544100,584440
2045,28,Andhra Pradesh,745,Alluri Sitharama Raju,4846,Hukumpeta,584442,2,Kunturla,,Rural,Inhabitant,1544300,584442
2046,28,Andhra Pradesh,745,Alluri Sitharama Raju,4846,Hukumpeta,584443,2,Edulagondi,,Rural,Inhabitant,1544400,584443
2047,28,Andhra Pradesh,745,Alluri Sitharama Raju,4846,Hukumpeta,584451,2,M.Boddaputtu,,Rural,Inhabitant,1545200,584451
2048,28,Andhra Pradesh,745,Alluri Sitharama Raju,4846,Hukumpeta,584453,2,Gotchari,,Rural,Inhabitant,1545400,584453
2049,28,Andhra Pradesh,745,Alluri Sitharama Raju,4846,Hukumpeta,584455,2,Jogulaputtu,,Rural,Inhabitant,1545600,584455
2050,28,Andhra Pradesh,745,Alluri Sitharama Raju,4846,Hukumpeta,584457,2,Patimamidi,,Rural,Inhabitant,1545800,584457
2051,28,Andhra Pradesh,745,Alluri Sitharama Raju,4846,Hukumpeta,929955,3,Boddapattu (Pathakota),బొడ్డాపుట్టు ,Rural,Inhabitant,0,0
2052,28,Andhra Pradesh,745,Alluri Sitharama Raju,4846,Hukumpeta,584462,4,Malaguda,,Rural,Inhabitant,1546300,584462
2053,28,Andhra Pradesh,745,Alluri Sitharama Raju,4846,Hukumpeta,584478,4,Boddaputtu,,Rural,Inhabitant,1547900,584478
2054,28,Andhra Pradesh,745,Alluri Sitharama Raju,4846,Hukumpeta,584517,4,Dalemputtu,,Rural,Inhabitant,1551800,584517
2055,28,Andhra Pradesh,745,Alluri Sitharama Raju,4846,Hukumpeta,584526,4,Boddaputtu,,Unmapped,Inhabitant,1552700,584526
2056,28,Andhra Pradesh,745,Alluri Sitharama Raju,4846,Hukumpeta,584559,4,Boddaputtu,,Unmapped,Inhabitant,1556000,584559
2057,28,Andhra Pradesh,745,Alluri Sitharama Raju,4846,Hukumpeta,584535,4,Dalemputtu,,Rural,Inhabitant,1553600,584535
2058,28,Andhra Pradesh,745,Alluri Sitharama Raju,4851,Koyyuru,585597,2,Koyyuru Pathapadu,,Rural,Inhabitant,1659600,585597
2059,28,Andhra Pradesh,745,Alluri Sitharama Raju,4851,Koyyuru,585598,2,Chintuvanipalem,,Rural,Inhabitant,1659700,585598
2060,28,Andhra Pradesh,745,Alluri Sitharama Raju,4851,Koyyuru,585600,2,Gangavaram,,Rural,Inhabitant,1659900,585600
2061,28,Andhra Pradesh,745,Alluri Sitharama Raju,4851,Koyyuru,585601,2,Mampa,,Rural,Inhabitant,1660000,585601
2062,28,Andhra Pradesh,745,Alluri Sitharama Raju,4851,Koyyuru,585602,2,Revallu,,Rural,Inhabitant,1660100,585602
2063,28,Andhra Pradesh,745,Alluri Sitharama Raju,4851,Koyyuru,585603,2,Nimmalapalem,,Rural,Inhabitant,1660200,585603
2064,28,Andhra Pradesh,745,Alluri Sitharama Raju,4851,Koyyuru,585604,2,Santha Kirlampadu,,Rural,Inhabitant,1660300,585604
2065,28,Andhra Pradesh,745,Alluri Sitharama Raju,4851,Koyyuru,585605,2,Koyyuru,,Rural,Inhabitant,1660400,585605
2066,28,Andhra Pradesh,745,Alluri Sitharama Raju,4851,Koyyuru,585607,2,Rajendrapalem,,Rural,Inhabitant,1660600,585607
2067,28,Andhra Pradesh,745,Alluri Sitharama Raju,4851,Koyyuru,585608,2,Cheedipalem,,Rural,Inhabitant,1660700,585608
2068,28,Andhra Pradesh,745,Alluri Sitharama Raju,4851,Koyyuru,585609,2,Singavaram,,Rural,Inhabitant,1660800,585609
2069,28,Andhra Pradesh,745,Alluri Sitharama Raju,4851,Koyyuru,585610,2,Pothavaram,,Rural,Inhabitant,1660900,585610
2070,28,Andhra Pradesh,745,Alluri Sitharama Raju,4851,Koyyuru,585612,2,Nadimpalem,,Rural,Inhabitant,1661100,585612
2071,28,Andhra Pradesh,745,Alluri Sitharama Raju,4851,Koyyuru,585615,2,Lubbarthi,,Rural,Inhabitant,1661400,585615
2072,28,Andhra Pradesh,745,Alluri Sitharama Raju,4851,Koyyuru,585616,2,Nallagonda,,Rural,Inhabitant,1661500,585616
2073,28,Andhra Pradesh,745,Alluri Sitharama Raju,4851,Koyyuru,585620,2,Domalagondi,,Rural,Inhabitant,1661900,585620
2074,28,Andhra Pradesh,745,Alluri Sitharama Raju,4851,Koyyuru,585621,2,Yeddumamidi Singhadara,,Rural,Inhabitant,1662000,585621
2075,28,Andhra Pradesh,745,Alluri Sitharama Raju,4851,Koyyuru,585627,2,Bangarupalem,,Rural,Inhabitant,1662600,585627
2076,28,Andhra Pradesh,745,Alluri Sitharama Raju,4851,Koyyuru,585628,2,Mogalidoddi,,Rural,Inhabitant,1662700,585628
2077,28,Andhra Pradesh,745,Alluri Sitharama Raju,4851,Koyyuru,585629,2,Bennavaram,,Rural,Inhabitant,1662800,585629
2078,28,Andhra Pradesh,745,Alluri Sitharama Raju,4851,Koyyuru,585632,2,Agraharam,,Rural,Inhabitant,1663100,585632
2079,28,Andhra Pradesh,745,Alluri Sitharama Raju,4851,Koyyuru,585633,2,Velagalapalem,,Rural,Inhabitant,1663200,585633
2080,28,Andhra Pradesh,745,Alluri Sitharama Raju,4851,Koyyuru,585634,2,Kothapalem,,Rural,Inhabitant,1663300,585634
2081,28,Andhra Pradesh,745,Alluri Sitharama Raju,4851,Koyyuru,585635,2,Thadichetlapalem,,Rural,Inhabitant,1663400,585635
2082,28,Andhra Pradesh,745,Alluri Sitharama Raju,4851,Koyyuru,585636,2,Seekayipalem,,Rural,Inhabitant,1663500,585636
2083,28,Andhra Pradesh,745,Alluri Sitharama Raju,4851,Koyyuru,585637,2,Ravimanupalem,,Rural,Inhabitant,1663600,585637
2084,28,Andhra Pradesh,745,Alluri Sitharama Raju,4851,Koyyuru,585638,2,Sarabhanna Palem,,Rural,Inhabitant,1663700,585638
2085,28,Andhra Pradesh,745,Alluri Sitharama Raju,4851,Koyyuru,585640,2,Teegalametta,,Rural,Inhabitant,1663900,585640
2086,28,Andhra Pradesh,745,Alluri Sitharama Raju,4851,Koyyuru,585642,2,Nadimpalem,,Rural,Inhabitant,1664100,585642
2087,28,Andhra Pradesh,745,Alluri Sitharama Raju,4851,Koyyuru,585643,2,Kathiralloddi,,Rural,Inhabitant,1664200,585643
2088,28,Andhra Pradesh,745,Alluri Sitharama Raju,4851,Koyyuru,585645,2,Nallagonda,,Rural,Inhabitant,1664400,585645
2089,28,Andhra Pradesh,745,Alluri Sitharama Raju,4851,Koyyuru,585649,2,Gummadimanupalem,,Rural,Inhabitant,1664800,585649
2090,28,Andhra Pradesh,745,Alluri Sitharama Raju,4851,Koyyuru,585653,2,Mulapeta,,Rural,Inhabitant,1665200,585653
2091,28,Andhra Pradesh,745,Alluri Sitharama Raju,4851,Koyyuru,585654,2,Bonkulapalem,,Rural,Inhabitant,1665300,585654
2092,28,Andhra Pradesh,745,Alluri Sitharama Raju,4851,Koyyuru,585655,2,Marripalem,,Rural,Inhabitant,1665400,585655
2093,28,Andhra Pradesh,745,Alluri Sitharama Raju,4851,Koyyuru,585657,2,Rellalapalem,,Rural,Inhabitant,1665600,585657
2094,28,Andhra Pradesh,745,Alluri Sitharama Raju,4851,Koyyuru,585659,2,Dharmavaram,,Rural,Inhabitant,1665800,585659
2095,28,Andhra Pradesh,745,Alluri Sitharama Raju,4851,Koyyuru,585661,2,Kothuru,,Rural,Inhabitant,1666000,585661
2096,28,Andhra Pradesh,745,Alluri Sitharama Raju,4851,Koyyuru,585664,2,Ramannapalem,,Rural,Inhabitant,1666300,585664
2097,28,Andhra Pradesh,745,Alluri Sitharama Raju,4851,Koyyuru,585666,2,Bandivalasa,,Rural,Inhabitant,1666500,585666
2098,28,Andhra Pradesh,745,Alluri Sitharama Raju,4851,Koyyuru,585669,2,Ganugula,,Rural,Inhabitant,1666800,585669
2099,28,Andhra Pradesh,745,Alluri Sitharama Raju,4851,Koyyuru,585670,2,Pedamakavaram,,Rural,Inhabitant,1666900,585670
2100,28,Andhra Pradesh,745,Alluri Sitharama Raju,4851,Koyyuru,585671,2,Ramarajupalem,,Rural,Inhabitant,1667000,585671
2101,28,Andhra Pradesh,745,Alluri Sitharama Raju,4851,Koyyuru,585673,2,Kinaparthi,,Rural,Inhabitant,1667200,585673
2102,28,Andhra Pradesh,745,Alluri Sitharama Raju,4851,Koyyuru,585675,2,Mulagalametta,,Rural,Inhabitant,1667400,585675
2103,28,Andhra Pradesh,745,Alluri Sitharama Raju,4851,Koyyuru,585676,2,Rajupeta,,Rural,Inhabitant,1667500,585676
2104,28,Andhra Pradesh,745,Alluri Sitharama Raju,4851,Koyyuru,585677,2,Balusukura Pakalu,,Rural,Inhabitant,1667600,585677
2105,28,Andhra Pradesh,745,Alluri Sitharama Raju,4851,Koyyuru,585680,2,Bangarammapeta,,Rural,Inhabitant,1667900,585680
2106,28,Andhra Pradesh,745,Alluri Sitharama Raju,4851,Koyyuru,585682,2,Yerrinaidu Pakalu,,Rural,Inhabitant,1668100,585682
2107,28,Andhra Pradesh,745,Alluri Sitharama Raju,4851,Koyyuru,585683,2,Koppukonda,,Rural,Inhabitant,1668200,585683
2108,28,Andhra Pradesh,745,Alluri Sitharama Raju,4851,Koyyuru,585684,2,Ravimanupakalu,,Rural,Inhabitant,1668300,585684
2109,28,Andhra Pradesh,745,Alluri Sitharama Raju,4851,Koyyuru,585685,2,Ravanapalle,,Rural,Inhabitant,1668400,585685
2110,28,Andhra Pradesh,745,Alluri Sitharama Raju,4851,Koyyuru,585687,2,Kommika,,Rural,Inhabitant,1668600,585687
2111,28,Andhra Pradesh,745,Alluri Sitharama Raju,4851,Koyyuru,585692,2,Ratnampeta,,Rural,Inhabitant,1669100,585692
2112,28,Andhra Pradesh,745,Alluri Sitharama Raju,4851,Koyyuru,585693,2,Kondagokira,,Rural,Inhabitant,1669200,585693
2113,28,Andhra Pradesh,745,Alluri Sitharama Raju,4851,Koyyuru,585694,2,Valasarajupadu,,Rural,Inhabitant,1669300,585694
2114,28,Andhra Pradesh,745,Alluri Sitharama Raju,4851,Koyyuru,585697,2,Bouthuvalasa,,Rural,Inhabitant,1669600,585697
2115,28,Andhra Pradesh,745,Alluri Sitharama Raju,4851,Koyyuru,585699,2,Bointi,,Rural,Inhabitant,1669800,585699
2116,28,Andhra Pradesh,745,Alluri Sitharama Raju,4851,Koyyuru,585701,2,Thatimanubanda,,Rural,Inhabitant,1670000,585701
2117,28,Andhra Pradesh,745,Alluri Sitharama Raju,4851,Koyyuru,585704,2,Parlubanda,,Rural,Inhabitant,1670300,585704
2118,28,Andhra Pradesh,745,Alluri Sitharama Raju,4851,Koyyuru,585705,2,Jonnamamidi,,Rural,Inhabitant,1670400,585705
2119,28,Andhra Pradesh,745,Alluri Sitharama Raju,4851,Koyyuru,585707,2,Tapplimamidi,,Rural,Inhabitant,1670600,585707
2120,28,Andhra Pradesh,745,Alluri Sitharama Raju,4851,Koyyuru,585709,2,Yerrabilli,,Rural,Inhabitant,1670800,585709
2121,28,Andhra Pradesh,745,Alluri Sitharama Raju,4851,Koyyuru,912629,2,Anthada,,Rural,Inhabitant,0,0
2122,28,Andhra Pradesh,745,Alluri Sitharama Raju,4851,Koyyuru,585556,2,Cheedikota,,Rural,Inhabitant,1655500,585556
2123,28,Andhra Pradesh,745,Alluri Sitharama Raju,4851,Koyyuru,585557,2,Puttakota,,Rural,Inhabitant,1655600,585557
2124,28,Andhra Pradesh,745,Alluri Sitharama Raju,4851,Koyyuru,585558,2,Pedalanka Kothuru,,Rural,Inhabitant,1655700,585558
2125,28,Andhra Pradesh,745,Alluri Sitharama Raju,4851,Koyyuru,585559,2,Mandipalle,,Rural,Inhabitant,1655800,585559
2126,28,Andhra Pradesh,745,Alluri Sitharama Raju,4851,Koyyuru,585561,2,Marripakalu,,Rural,Inhabitant,1656000,585561
2127,28,Andhra Pradesh,745,Alluri Sitharama Raju,4851,Koyyuru,585564,2,Yerragonda,,Rural,Inhabitant,1656300,585564
2128,28,Andhra Pradesh,745,Alluri Sitharama Raju,4851,Koyyuru,585565,2,Ulligunta,,Rural,Inhabitant,1656400,585565
2129,28,Andhra Pradesh,745,Alluri Sitharama Raju,4851,Koyyuru,585567,2,Pokalapalem,,Rural,Inhabitant,1656600,585567
2130,28,Andhra Pradesh,745,Alluri Sitharama Raju,4851,Koyyuru,585568,2,Punukuru,,Rural,Inhabitant,1656700,585568
2131,28,Andhra Pradesh,745,Alluri Sitharama Raju,4851,Koyyuru,585569,2,Kannavaram,,Rural,Inhabitant,1656800,585569
2132,28,Andhra Pradesh,745,Alluri Sitharama Raju,4851,Koyyuru,585571,2,Annavaram,,Rural,Inhabitant,1657000,585571
2133,28,Andhra Pradesh,745,Alluri Sitharama Raju,4851,Koyyuru,585572,2,Garimanda,,Rural,Inhabitant,1657100,585572
2134,28,Andhra Pradesh,745,Alluri Sitharama Raju,4851,Koyyuru,585573,2,Mukudupalle,,Rural,Inhabitant,1657200,585573
2135,28,Andhra Pradesh,745,Alluri Sitharama Raju,4851,Koyyuru,585575,2,Chowdipalle,,Rural,Inhabitant,1657400,585575
2136,28,Andhra Pradesh,745,Alluri Sitharama Raju,4851,Koyyuru,585577,2,Budaralla Kothuru,,Rural,Inhabitant,1657600,585577
2137,28,Andhra Pradesh,745,Alluri Sitharama Raju,4851,Koyyuru,585580,2,Jogampeta,,Rural,Inhabitant,1657900,585580
2138,28,Andhra Pradesh,745,Alluri Sitharama Raju,4851,Koyyuru,585583,2,Peddinipalem,,Rural,Inhabitant,1658200,585583
2139,28,Andhra Pradesh,745,Alluri Sitharama Raju,4851,Koyyuru,585587,2,Pittalapadu,,Rural,Inhabitant,1658600,585587
2140,28,Andhra Pradesh,745,Alluri Sitharama Raju,4851,Koyyuru,585588,2,Pidugurai,,Rural,Inhabitant,1658700,585588
2141,28,Andhra Pradesh,745,Alluri Sitharama Raju,4851,Koyyuru,585590,2,Lusam,,Rural,Inhabitant,1658900,585590
2142,28,Andhra Pradesh,745,Alluri Sitharama Raju,4851,Koyyuru,585593,2,Nakkalapadu,,Rural,Inhabitant,1659200,585593
2143,28,Andhra Pradesh,745,Alluri Sitharama Raju,4851,Koyyuru,585595,2,Surendrapalem,,Rural,Inhabitant,1659400,585595
2144,28,Andhra Pradesh,745,Alluri Sitharama Raju,4851,Koyyuru,585596,2,Kinchavanipalem,,Rural,Inhabitant,1659500,585596
2145,28,Andhra Pradesh,745,Alluri Sitharama Raju,4851,Koyyuru,585599,2,Dibbalapalem,,Rural,Inhabitant,1659800,585599
2146,28,Andhra Pradesh,745,Alluri Sitharama Raju,4851,Koyyuru,585606,2,Sanivarappadu,,Rural,Inhabitant,1660500,585606
2147,28,Andhra Pradesh,745,Alluri Sitharama Raju,4851,Koyyuru,585611,2,Panasalapadu,,Rural,Inhabitant,1661000,585611
2148,28,Andhra Pradesh,745,Alluri Sitharama Raju,4851,Koyyuru,585613,2,Ginjarthi,,Rural,Inhabitant,1661200,585613
2149,28,Andhra Pradesh,745,Alluri Sitharama Raju,4851,Koyyuru,585614,2,Chintalapudi,,Rural,Inhabitant,1661300,585614
2150,28,Andhra Pradesh,745,Alluri Sitharama Raju,4851,Koyyuru,585617,2,Nimmalagondi,,Rural,Inhabitant,1661600,585617
2151,28,Andhra Pradesh,745,Alluri Sitharama Raju,4851,Koyyuru,585618,2,Tenkala Panukulu,,Rural,Inhabitant,1661700,585618
2152,28,Andhra Pradesh,745,Alluri Sitharama Raju,4851,Koyyuru,585619,2,Kothapalle,,Rural,Inhabitant,1661800,585619
2153,28,Andhra Pradesh,745,Alluri Sitharama Raju,4851,Koyyuru,585622,2,Katragedda,,Rural,Inhabitant,1662100,585622
2154,28,Andhra Pradesh,745,Alluri Sitharama Raju,4851,Koyyuru,585623,2,Ganerlapalem,,Rural,Inhabitant,1662200,585623
2155,28,Andhra Pradesh,745,Alluri Sitharama Raju,4851,Koyyuru,585624,2,Gamakonda,,Rural,Inhabitant,1662300,585624
2156,28,Andhra Pradesh,745,Alluri Sitharama Raju,4851,Koyyuru,585625,2,Kamparegulu,,Rural,Inhabitant,1662400,585625
2157,28,Andhra Pradesh,745,Alluri Sitharama Raju,4851,Koyyuru,585626,2,Suramanda,,Rural,Inhabitant,1662500,585626
2158,28,Andhra Pradesh,745,Alluri Sitharama Raju,4851,Koyyuru,585630,2,Bangarayyapadu,,Rural,Inhabitant,1662900,585630
2159,28,Andhra Pradesh,745,Alluri Sitharama Raju,4851,Koyyuru,585631,2,Nimmagedda,,Rural,Inhabitant,1663000,585631
2160,28,Andhra Pradesh,745,Alluri Sitharama Raju,4851,Koyyuru,585639,2,Battumetta,,Rural,Inhabitant,1663800,585639
2161,28,Andhra Pradesh,745,Alluri Sitharama Raju,4851,Koyyuru,585641,2,Battapanukulu,,Rural,Inhabitant,1664000,585641
2162,28,Andhra Pradesh,745,Alluri Sitharama Raju,4851,Koyyuru,585644,2,Thotaluru,,Rural,Inhabitant,1664300,585644
2163,28,Andhra Pradesh,745,Alluri Sitharama Raju,4851,Koyyuru,585646,2,Tulabada,,Rural,Inhabitant,1664500,585646
2164,28,Andhra Pradesh,745,Alluri Sitharama Raju,4851,Koyyuru,585647,2,Downuru,,Rural,Inhabitant,1664600,585647
2165,28,Andhra Pradesh,745,Alluri Sitharama Raju,4851,Koyyuru,585648,2,Suddalapalem,,Rural,Inhabitant,1664700,585648
2166,28,Andhra Pradesh,745,Alluri Sitharama Raju,4851,Koyyuru,585650,2,Kondasantha,,Rural,Inhabitant,1664900,585650
2167,28,Andhra Pradesh,745,Alluri Sitharama Raju,4851,Koyyuru,585651,2,Kothagadabapalem,,Rural,Inhabitant,1665000,585651
2168,28,Andhra Pradesh,745,Alluri Sitharama Raju,4851,Koyyuru,585652,2,Ramapuram,,Rural,Inhabitant,1665100,585652
2169,28,Andhra Pradesh,745,Alluri Sitharama Raju,4851,Koyyuru,585656,2,Ramannapalem,,Rural,Inhabitant,1665500,585656
2170,28,Andhra Pradesh,745,Alluri Sitharama Raju,4851,Koyyuru,585658,2,Rabbasingi,,Rural,Inhabitant,1665700,585658
2171,28,Andhra Pradesh,745,Alluri Sitharama Raju,4851,Koyyuru,585660,2,Mallavaram,,Rural,Inhabitant,1665900,585660
2172,28,Andhra Pradesh,745,Alluri Sitharama Raju,4851,Koyyuru,585662,2,Gadabapalem,,Rural,Inhabitant,1666100,585662
2173,28,Andhra Pradesh,745,Alluri Sitharama Raju,4851,Koyyuru,585663,2,Chittempadu,,Rural,Inhabitant,1666200,585663
2174,28,Andhra Pradesh,745,Alluri Sitharama Raju,4851,Koyyuru,585665,2,Jammavaram,,Rural,Inhabitant,1666400,585665
2175,28,Andhra Pradesh,745,Alluri Sitharama Raju,4851,Koyyuru,585667,2,Gopavaram,,Rural,Inhabitant,1666600,585667
2176,28,Andhra Pradesh,745,Alluri Sitharama Raju,4851,Koyyuru,585668,2,Lingapuram,,Rural,Inhabitant,1666700,585668
2177,28,Andhra Pradesh,745,Alluri Sitharama Raju,4851,Koyyuru,585672,2,Valasampeta,,Rural,Inhabitant,1667100,585672
2178,28,Andhra Pradesh,745,Alluri Sitharama Raju,4851,Koyyuru,585674,2,Bheemavaram,,Rural,Inhabitant,1667300,585674
2179,28,Andhra Pradesh,745,Alluri Sitharama Raju,4851,Koyyuru,585678,2,Anthada,,Rural,Inhabitant,1667700,585678
2180,28,Andhra Pradesh,745,Alluri Sitharama Raju,4851,Koyyuru,585679,2,Gummalapalem,,Rural,Inhabitant,1667800,585679
2181,28,Andhra Pradesh,745,Alluri Sitharama Raju,4851,Koyyuru,585681,2,Paradesipakalu,,Rural,Inhabitant,1668000,585681
2182,28,Andhra Pradesh,745,Alluri Sitharama Raju,4851,Koyyuru,585686,2,Kithalova,,Rural,Inhabitant,1668500,585686
2183,28,Andhra Pradesh,745,Alluri Sitharama Raju,4851,Koyyuru,585688,2,Adakula,,Rural,Inhabitant,1668700,585688
2184,28,Andhra Pradesh,745,Alluri Sitharama Raju,4851,Koyyuru,585689,2,Kantharam,,Rural,Inhabitant,1668800,585689
2185,28,Andhra Pradesh,745,Alluri Sitharama Raju,4851,Koyyuru,585690,2,Balaram,,Rural,Inhabitant,1668900,585690
2186,28,Andhra Pradesh,745,Alluri Sitharama Raju,4851,Koyyuru,585691,2,Padi,,Rural,Inhabitant,1669000,585691
2187,28,Andhra Pradesh,745,Alluri Sitharama Raju,4851,Koyyuru,585695,2,Gantavari Kothagudem,,Rural,Inhabitant,1669400,585695
2188,28,Andhra Pradesh,745,Alluri Sitharama Raju,4851,Koyyuru,585696,2,Chappidi Mamidi,,Rural,Inhabitant,1669500,585696
2189,28,Andhra Pradesh,745,Alluri Sitharama Raju,4851,Koyyuru,585698,2,Godugula Manubanda,,Rural,Inhabitant,1669700,585698
2190,28,Andhra Pradesh,745,Alluri Sitharama Raju,4851,Koyyuru,585700,2,Daragedda,,Rural,Inhabitant,1669900,585700
2191,28,Andhra Pradesh,745,Alluri Sitharama Raju,4851,Koyyuru,585702,2,Kumbarlubanda,,Rural,Inhabitant,1670100,585702
2192,28,Andhra Pradesh,745,Alluri Sitharama Raju,4851,Koyyuru,585703,2,Puturugedda,,Rural,Inhabitant,1670200,585703
2193,28,Andhra Pradesh,745,Alluri Sitharama Raju,4851,Koyyuru,585706,2,Dhonipalem,,Rural,Inhabitant,1670500,585706
2194,28,Andhra Pradesh,745,Alluri Sitharama Raju,4851,Koyyuru,585708,2,Sitharampadu,,Rural,Inhabitant,1670700,585708
2195,28,Andhra Pradesh,745,Alluri Sitharama Raju,4851,Koyyuru,585710,2,Daddugula,,Rural,Inhabitant,1670900,585710
2196,28,Andhra Pradesh,745,Alluri Sitharama Raju,4851,Koyyuru,585711,2,Rolangi,,Rural,Inhabitant,1671000,585711
2197,28,Andhra Pradesh,745,Alluri Sitharama Raju,4851,Koyyuru,585712,2,Lankaveedhi,,Rural,Inhabitant,1671100,585712
2198,28,Andhra Pradesh,745,Alluri Sitharama Raju,4851,Koyyuru,585713,2,Chatarai,,Rural,Inhabitant,1671200,585713
2199,28,Andhra Pradesh,745,Alluri Sitharama Raju,4851,Koyyuru,912630,2,Nadimpalem,,Rural,Inhabitant,0,0
2200,28,Andhra Pradesh,745,Alluri Sitharama Raju,4851,Koyyuru,912637,2,Ankampalem,,Rural,Inhabitant,0,0
2201,28,Andhra Pradesh,745,Alluri Sitharama Raju,4851,Koyyuru,585552,2,Valugudem,,Rural,Inhabitant,1655100,585552
2202,28,Andhra Pradesh,745,Alluri Sitharama Raju,4851,Koyyuru,585553,2,Mattam Bhimavaram,,Rural,Inhabitant,1655200,585553
2203,28,Andhra Pradesh,745,Alluri Sitharama Raju,4851,Koyyuru,585554,2,Vudutha,,Rural,Inhabitant,1655300,585554
2204,28,Andhra Pradesh,745,Alluri Sitharama Raju,4851,Koyyuru,585555,2,Kommanuru,,Rural,Inhabitant,1655400,585555
2205,28,Andhra Pradesh,745,Alluri Sitharama Raju,4851,Koyyuru,585560,2,Jerrigondi,,Rural,Inhabitant,1655900,585560
2206,28,Andhra Pradesh,745,Alluri Sitharama Raju,4851,Koyyuru,585562,2,Ravulakota,,Rural,Inhabitant,1656100,585562
2207,28,Andhra Pradesh,745,Alluri Sitharama Raju,4851,Koyyuru,585563,2,Pakalajeedi,,Rural,Inhabitant,1656200,585563
2208,28,Andhra Pradesh,745,Alluri Sitharama Raju,4851,Koyyuru,585566,2,U.Cheedipalem,,Rural,Inhabitant,1656500,585566
2209,28,Andhra Pradesh,745,Alluri Sitharama Raju,4851,Koyyuru,585570,2,Nallabilli,,Rural,Inhabitant,1656900,585570
2210,28,Andhra Pradesh,745,Alluri Sitharama Raju,4851,Koyyuru,585574,2,Kindangi,,Rural,Inhabitant,1657300,585574
2211,28,Andhra Pradesh,745,Alluri Sitharama Raju,4851,Koyyuru,585576,2,Budaralla,,Rural,Inhabitant,1657500,585576
2212,28,Andhra Pradesh,745,Alluri Sitharama Raju,4851,Koyyuru,585578,2,Gudapalle,,Rural,Inhabitant,1657700,585578
2213,28,Andhra Pradesh,745,Alluri Sitharama Raju,4851,Koyyuru,585579,2,Pidathamamidi,,Rural,Inhabitant,1657800,585579
2214,28,Andhra Pradesh,745,Alluri Sitharama Raju,4851,Koyyuru,585581,2,Solabu,,Rural,Inhabitant,1658000,585581
2215,28,Andhra Pradesh,745,Alluri Sitharama Raju,4851,Koyyuru,585582,2,Marriwada,,Rural,Inhabitant,1658100,585582
2216,28,Andhra Pradesh,745,Alluri Sitharama Raju,4851,Koyyuru,585584,2,Balabadrapadu,,Rural,Inhabitant,1658300,585584
2217,28,Andhra Pradesh,745,Alluri Sitharama Raju,4851,Koyyuru,585585,2,Sakulapalem,,Rural,Inhabitant,1658400,585585
2218,28,Andhra Pradesh,745,Alluri Sitharama Raju,4851,Koyyuru,585586,2,Vanthamarri,,Rural,Inhabitant,1658500,585586
2219,28,Andhra Pradesh,745,Alluri Sitharama Raju,4851,Koyyuru,585589,2,Balarevulu,,Rural,Inhabitant,1658800,585589
2220,28,Andhra Pradesh,745,Alluri Sitharama Raju,4851,Koyyuru,585591,2,Gollivalasa,,Rural,Inhabitant,1659000,585591
2221,28,Andhra Pradesh,745,Alluri Sitharama Raju,4851,Koyyuru,585592,2,Thallapalem,,Rural,Inhabitant,1659100,585592
2222,28,Andhra Pradesh,745,Alluri Sitharama Raju,4851,Koyyuru,585594,2,Doddavaram,,Rural,Inhabitant,1659300,585594
2223,28,Andhra Pradesh,745,Alluri Sitharama Raju,4841,Munchingi Puttu,583251,2,Vallayibeeru,,Rural,Inhabitant,1425300,583251
2224,28,Andhra Pradesh,745,Alluri Sitharama Raju,4841,Munchingi Puttu,583257,2,Panasa,,Rural,Inhabitant,1425900,583257
2225,28,Andhra Pradesh,745,Alluri Sitharama Raju,4841,Munchingi Puttu,583258,2,Chinasindhiputtu,,Rural,Inhabitant,1426000,583258
2226,28,Andhra Pradesh,745,Alluri Sitharama Raju,4841,Munchingi Puttu,583261,2,Domaliputtu,,Rural,Inhabitant,1426300,583261
2227,28,Andhra Pradesh,745,Alluri Sitharama Raju,4841,Munchingi Puttu,583262,2,Danabandu,,Rural,Inhabitant,1426400,583262
2228,28,Andhra Pradesh,745,Alluri Sitharama Raju,4841,Munchingi Puttu,583266,2,Kodaputtu,,Rural,Inhabitant,1426800,583266
2229,28,Andhra Pradesh,745,Alluri Sitharama Raju,4841,Munchingi Puttu,583268,2,Vanugumma,,Rural,Inhabitant,1427000,583268
2230,28,Andhra Pradesh,745,Alluri Sitharama Raju,4841,Munchingi Puttu,583273,2,Kumbri Pada,,Rural,Inhabitant,1427500,583273
2231,28,Andhra Pradesh,745,Alluri Sitharama Raju,4841,Munchingi Puttu,583274,2,Dabuguda,,Rural,Inhabitant,1427600,583274
2232,28,Andhra Pradesh,745,Alluri Sitharama Raju,4841,Munchingi Puttu,583276,2,Vanagumma Kusumaputtu,,Rural,Inhabitant,1427800,583276
2233,28,Andhra Pradesh,745,Alluri Sitharama Raju,4841,Munchingi Puttu,583277,2,Kirrambo,,Rural,Inhabitant,1427900,583277
2234,28,Andhra Pradesh,745,Alluri Sitharama Raju,4841,Munchingi Puttu,583285,2,Labburu,,Rural,Inhabitant,1428700,583285
2235,28,Andhra Pradesh,745,Alluri Sitharama Raju,4841,Munchingi Puttu,583286,2,Arabeeru,,Rural,Inhabitant,1428800,583286
2236,28,Andhra Pradesh,745,Alluri Sitharama Raju,4841,Munchingi Puttu,583287,2,Kulabeeru,,Rural,Inhabitant,1428900,583287
2237,28,Andhra Pradesh,745,Alluri Sitharama Raju,4841,Munchingi Puttu,583288,2,Buddapanasa,,Rural,Inhabitant,1429000,583288
2238,28,Andhra Pradesh,745,Alluri Sitharama Raju,4841,Munchingi Puttu,583289,2,Rangabayalu,,Rural,Inhabitant,1429100,583289
2239,28,Andhra Pradesh,745,Alluri Sitharama Raju,4841,Munchingi Puttu,583290,2,Dimisamilli,,Rural,Inhabitant,1429200,583290
2240,28,Andhra Pradesh,745,Alluri Sitharama Raju,4841,Munchingi Puttu,583292,2,Jalaripodaru,,Rural,Inhabitant,1429400,583292
2241,28,Andhra Pradesh,745,Alluri Sitharama Raju,4841,Munchingi Puttu,583293,2,Gumma @ Digagumma,,Rural,Inhabitant,1429500,583293
2242,28,Andhra Pradesh,745,Alluri Sitharama Raju,4841,Munchingi Puttu,583294,2,Padalaputtu,,Rural,Inhabitant,1429600,583294
2243,28,Andhra Pradesh,745,Alluri Sitharama Raju,4841,Munchingi Puttu,583297,2,Gobburupadu,,Rural,Inhabitant,1429900,583297
2244,28,Andhra Pradesh,745,Alluri Sitharama Raju,4841,Munchingi Puttu,583301,2,Lingaputtu,,Rural,Inhabitant,1430300,583301
2245,28,Andhra Pradesh,745,Alluri Sitharama Raju,4841,Munchingi Puttu,583303,2,Beeduchampa,,Rural,Inhabitant,1430500,583303
2246,28,Andhra Pradesh,745,Alluri Sitharama Raju,4841,Munchingi Puttu,583305,2,Bondruguda,,Rural,Inhabitant,1430700,583305
2247,28,Andhra Pradesh,745,Alluri Sitharama Raju,4841,Munchingi Puttu,583313,2,Langbapodaru,,Rural,Inhabitant,1431500,583313
2248,28,Andhra Pradesh,745,Alluri Sitharama Raju,4841,Munchingi Puttu,583314,2,Jabada,,Rural,Inhabitant,1431600,583314
2249,28,Andhra Pradesh,745,Alluri Sitharama Raju,4841,Munchingi Puttu,583315,2,Dumuduguda,,Rural,Inhabitant,1431700,583315
2250,28,Andhra Pradesh,745,Alluri Sitharama Raju,4841,Munchingi Puttu,583317,2,Arloiputtu,,Rural,Inhabitant,1431900,583317
2251,28,Andhra Pradesh,745,Alluri Sitharama Raju,4841,Munchingi Puttu,583318,2,Kodaputtu,,Rural,Inhabitant,1432000,583318
2252,28,Andhra Pradesh,745,Alluri Sitharama Raju,4841,Munchingi Puttu,583321,2,Birriguda,,Rural,Inhabitant,1432300,583321
2253,28,Andhra Pradesh,745,Alluri Sitharama Raju,4841,Munchingi Puttu,583324,2,Balajulla,,Rural,Inhabitant,1432600,583324
2254,28,Andhra Pradesh,745,Alluri Sitharama Raju,4841,Munchingi Puttu,583325,2,Solagamputtu,,Rural,Inhabitant,1432700,583325
2255,28,Andhra Pradesh,745,Alluri Sitharama Raju,4841,Munchingi Puttu,583327,2,Kammariguda,,Rural,Inhabitant,1432900,583327
2256,28,Andhra Pradesh,745,Alluri Sitharama Raju,4841,Munchingi Puttu,583328,2,Saggulu,,Rural,Inhabitant,1433000,583328
2257,28,Andhra Pradesh,745,Alluri Sitharama Raju,4841,Munchingi Puttu,583334,2,Kodamputtu,,Rural,Inhabitant,1433600,583334
2258,28,Andhra Pradesh,745,Alluri Sitharama Raju,4841,Munchingi Puttu,583335,2,Siragamputtu,,Rural,Inhabitant,1433700,583335
2259,28,Andhra Pradesh,745,Alluri Sitharama Raju,4841,Munchingi Puttu,583336,2,Kuyilongi,,Rural,Inhabitant,1433800,583336
2260,28,Andhra Pradesh,745,Alluri Sitharama Raju,4841,Munchingi Puttu,583337,2,Monjaputtu,,Rural,Inhabitant,1433900,583337
2261,28,Andhra Pradesh,745,Alluri Sitharama Raju,4841,Munchingi Puttu,583342,2,Hamsabanda,,Rural,Inhabitant,1434400,583342
2262,28,Andhra Pradesh,745,Alluri Sitharama Raju,4841,Munchingi Puttu,583346,2,Gaddibanda,,Rural,Inhabitant,1434800,583346
2263,28,Andhra Pradesh,745,Alluri Sitharama Raju,4841,Munchingi Puttu,583348,2,Pulijalama,,Rural,Inhabitant,1435000,583348
2264,28,Andhra Pradesh,745,Alluri Sitharama Raju,4841,Munchingi Puttu,583352,2,Sojjavada,,Rural,Inhabitant,1435400,583352
2265,28,Andhra Pradesh,745,Alluri Sitharama Raju,4841,Munchingi Puttu,583354,2,Ranginiguda,,Rural,Inhabitant,1435600,583354
2266,28,Andhra Pradesh,745,Alluri Sitharama Raju,4841,Munchingi Puttu,583355,2,Bungaputtu,,Rural,Inhabitant,1435700,583355
2267,28,Andhra Pradesh,745,Alluri Sitharama Raju,4841,Munchingi Puttu,583357,2,Kondagabulu,,Rural,Inhabitant,1435900,583357
2268,28,Andhra Pradesh,745,Alluri Sitharama Raju,4841,Munchingi Puttu,583359,2,Mallimunda,,Rural,Inhabitant,1436100,583359
2269,28,Andhra Pradesh,745,Alluri Sitharama Raju,4841,Munchingi Puttu,583360,2,Burusindhiputtu,,Rural,Inhabitant,1436200,583360
2270,28,Andhra Pradesh,745,Alluri Sitharama Raju,4841,Munchingi Puttu,583361,2,Antabongu,,Rural,Inhabitant,1436300,583361
2271,28,Andhra Pradesh,745,Alluri Sitharama Raju,4841,Munchingi Puttu,583362,2,Sariyaputtu,,Rural,Inhabitant,1436400,583362
2272,28,Andhra Pradesh,745,Alluri Sitharama Raju,4841,Munchingi Puttu,583365,2,Panasaputtu,,Rural,Inhabitant,1436700,583365
2273,28,Andhra Pradesh,745,Alluri Sitharama Raju,4841,Munchingi Puttu,583366,2,Duliputtu,,Rural,Inhabitant,1436800,583366
2274,28,Andhra Pradesh,745,Alluri Sitharama Raju,4841,Munchingi Puttu,583367,2,Kooraiputtu,,Rural,Inhabitant,1436900,583367
2275,28,Andhra Pradesh,745,Alluri Sitharama Raju,4841,Munchingi Puttu,583369,2,Sankidigondi,,Rural,Inhabitant,1437100,583369
2276,28,Andhra Pradesh,745,Alluri Sitharama Raju,4841,Munchingi Puttu,583370,2,Jangamsariya,,Rural,Inhabitant,1437200,583370
2277,28,Andhra Pradesh,745,Alluri Sitharama Raju,4841,Munchingi Puttu,583373,2,Minumulaputtu,,Rural,Inhabitant,1437500,583373
2278,28,Andhra Pradesh,745,Alluri Sitharama Raju,4841,Munchingi Puttu,583379,2,Ramulu,,Rural,Inhabitant,1438100,583379
2279,28,Andhra Pradesh,745,Alluri Sitharama Raju,4841,Munchingi Puttu,583380,2,Tenelamamidi,,Rural,Inhabitant,1438200,583380
2280,28,Andhra Pradesh,745,Alluri Sitharama Raju,4841,Munchingi Puttu,583382,2,Illoyipolam,,Rural,Inhabitant,1438400,583382
2281,28,Andhra Pradesh,745,Alluri Sitharama Raju,4841,Munchingi Puttu,583384,2,Chintammingula,,Rural,Inhabitant,1438600,583384
2282,28,Andhra Pradesh,745,Alluri Sitharama Raju,4841,Munchingi Puttu,583385,2,Yedukondalabanda,,Rural,Inhabitant,1438700,583385
2283,28,Andhra Pradesh,745,Alluri Sitharama Raju,4841,Munchingi Puttu,583386,2,Kadeembeeru,,Rural,Inhabitant,1438800,583386
2284,28,Andhra Pradesh,745,Alluri Sitharama Raju,4841,Munchingi Puttu,583387,2,Santaveedhi,,Rural,Inhabitant,1438900,583387
2285,28,Andhra Pradesh,745,Alluri Sitharama Raju,4841,Munchingi Puttu,583388,2,Barlada,,Rural,Inhabitant,1439000,583388
2286,28,Andhra Pradesh,745,Alluri Sitharama Raju,4841,Munchingi Puttu,583390,2,Bangurupalle,,Rural,Inhabitant,1439200,583390
2287,28,Andhra Pradesh,745,Alluri Sitharama Raju,4841,Munchingi Puttu,583394,2,Tankaputtu,,Rural,Inhabitant,1439600,583394
2288,28,Andhra Pradesh,745,Alluri Sitharama Raju,4841,Munchingi Puttu,583398,2,Ambapada,,Rural,Inhabitant,1440000,583398
2289,28,Andhra Pradesh,745,Alluri Sitharama Raju,4841,Munchingi Puttu,583400,2,Sindhiputtu,,Rural,Inhabitant,1440200,583400
2290,28,Andhra Pradesh,745,Alluri Sitharama Raju,4841,Munchingi Puttu,583403,2,Peddaputtu,,Rural,Inhabitant,1440500,583403
2291,28,Andhra Pradesh,745,Alluri Sitharama Raju,4841,Munchingi Puttu,583408,2,Poturajuputtu,,Rural,Inhabitant,1441000,583408
2292,28,Andhra Pradesh,745,Alluri Sitharama Raju,4841,Munchingi Puttu,583410,2,Kanguputtu,,Rural,Inhabitant,1441200,583410
2293,28,Andhra Pradesh,745,Alluri Sitharama Raju,4841,Munchingi Puttu,583411,2,Giddulaputtu,,Rural,Inhabitant,1441300,583411
2294,28,Andhra Pradesh,745,Alluri Sitharama Raju,4841,Munchingi Puttu,583412,2,Goddiputtu,,Rural,Inhabitant,1441400,583412
2295,28,Andhra Pradesh,745,Alluri Sitharama Raju,4841,Munchingi Puttu,583413,2,Sujanakota,,Rural,Inhabitant,1441500,583413
2296,28,Andhra Pradesh,745,Alluri Sitharama Raju,4841,Munchingi Puttu,583420,2,Chekuchinta,,Rural,Inhabitant,1442200,583420
2297,28,Andhra Pradesh,745,Alluri Sitharama Raju,4841,Munchingi Puttu,583421,2,Godugulaputtu,,Rural,Inhabitant,1442300,583421
2298,28,Andhra Pradesh,745,Alluri Sitharama Raju,4841,Munchingi Puttu,583422,2,Gudamaliputtu,,Rural,Inhabitant,1442400,583422
2299,28,Andhra Pradesh,745,Alluri Sitharama Raju,4841,Munchingi Puttu,583423,2,Marriputtu,,Rural,Inhabitant,1442500,583423
2300,28,Andhra Pradesh,745,Alluri Sitharama Raju,4841,Munchingi Puttu,583424,2,Kanusulaputtu,,Rural,Inhabitant,1442600,583424
2301,28,Andhra Pradesh,745,Alluri Sitharama Raju,4841,Munchingi Puttu,583427,2,Kummariputtu,,Rural,Inhabitant,1442900,583427
2302,28,Andhra Pradesh,745,Alluri Sitharama Raju,4841,Munchingi Puttu,583428,2,Boddapadu,,Rural,Inhabitant,1443000,583428
2303,28,Andhra Pradesh,745,Alluri Sitharama Raju,4841,Munchingi Puttu,583430,2,Mangaliputtu,,Rural,Inhabitant,1443200,583430
2304,28,Andhra Pradesh,745,Alluri Sitharama Raju,4841,Munchingi Puttu,583433,2,Mondigumma,,Rural,Inhabitant,1443500,583433
2305,28,Andhra Pradesh,745,Alluri Sitharama Raju,4841,Munchingi Puttu,583434,2,Bodiliguda,,Rural,Inhabitant,1443600,583434
2306,28,Andhra Pradesh,745,Alluri Sitharama Raju,4841,Munchingi Puttu,583437,2,Kilumangi,,Rural,Inhabitant,1443900,583437
2307,28,Andhra Pradesh,745,Alluri Sitharama Raju,4841,Munchingi Puttu,583439,2,Chinasariyapalle,,Rural,Inhabitant,1444100,583439
2308,28,Andhra Pradesh,745,Alluri Sitharama Raju,4841,Munchingi Puttu,583440,2,Garrivada,,Rural,Inhabitant,1444200,583440
2309,28,Andhra Pradesh,745,Alluri Sitharama Raju,4841,Munchingi Puttu,583441,2,Cheepurugondi,,Rural,Inhabitant,1444300,583441
2310,28,Andhra Pradesh,745,Alluri Sitharama Raju,4841,Munchingi Puttu,583442,2,Jadiguda,,Rural,Inhabitant,1444400,583442
2311,28,Andhra Pradesh,745,Alluri Sitharama Raju,4841,Munchingi Puttu,583443,2,Kottaputtu,,Rural,Inhabitant,1444500,583443
2312,28,Andhra Pradesh,745,Alluri Sitharama Raju,4841,Munchingi Puttu,583445,2,Kondrangivalasa,,Rural,Inhabitant,1444700,583445
2313,28,Andhra Pradesh,745,Alluri Sitharama Raju,4841,Munchingi Puttu,583449,2,Bhalluguda,,Rural,Inhabitant,1445100,583449
2314,28,Andhra Pradesh,745,Alluri Sitharama Raju,4841,Munchingi Puttu,583451,2,Boddaputtu,,Rural,Inhabitant,1445300,583451
2315,28,Andhra Pradesh,745,Alluri Sitharama Raju,4841,Munchingi Puttu,583455,2,Tumulapanasa,,Rural,Inhabitant,1445700,583455
2316,28,Andhra Pradesh,745,Alluri Sitharama Raju,4841,Munchingi Puttu,583456,2,Bondaputtu,,Rural,Inhabitant,1445800,583456
2317,28,Andhra Pradesh,745,Alluri Sitharama Raju,4841,Munchingi Puttu,583457,2,Vandlamputtu,,Rural,Inhabitant,1445900,583457
2318,28,Andhra Pradesh,745,Alluri Sitharama Raju,4841,Munchingi Puttu,583458,2,Boddagondi,,Rural,Inhabitant,1446000,583458
2319,28,Andhra Pradesh,745,Alluri Sitharama Raju,4841,Munchingi Puttu,583460,2,Kangu Veedhi,,Rural,Inhabitant,1446200,583460
2320,28,Andhra Pradesh,745,Alluri Sitharama Raju,4841,Munchingi Puttu,583461,2,Mandibha,,Rural,Inhabitant,1446300,583461
2321,28,Andhra Pradesh,745,Alluri Sitharama Raju,4841,Munchingi Puttu,583462,2,Sailamputtu,,Rural,Inhabitant,1446400,583462
2322,28,Andhra Pradesh,745,Alluri Sitharama Raju,4841,Munchingi Puttu,583463,2,Kondapada,,Rural,Inhabitant,1446500,583463
2323,28,Andhra Pradesh,745,Alluri Sitharama Raju,4841,Munchingi Puttu,583467,2,Peda Guda,,Rural,Inhabitant,1446900,583467
2324,28,Andhra Pradesh,745,Alluri Sitharama Raju,4841,Munchingi Puttu,583468,2,Doraguda,,Rural,Inhabitant,1447000,583468
2325,28,Andhra Pradesh,745,Alluri Sitharama Raju,4841,Munchingi Puttu,583470,2,Gattumalada,,Rural,Inhabitant,1447200,583470
2326,28,Andhra Pradesh,745,Alluri Sitharama Raju,4841,Munchingi Puttu,583471,2,Jarripada,,Rural,Inhabitant,1447300,583471
2327,28,Andhra Pradesh,745,Alluri Sitharama Raju,4841,Munchingi Puttu,583472,2,Patruniputtu,,Rural,Inhabitant,1447400,583472
2328,28,Andhra Pradesh,745,Alluri Sitharama Raju,4841,Munchingi Puttu,583473,2,Patha Pedaguda,,Rural,Inhabitant,1447500,583473
2329,28,Andhra Pradesh,745,Alluri Sitharama Raju,4841,Munchingi Puttu,583474,2,Kotturu,,Rural,Inhabitant,1447600,583474
2330,28,Andhra Pradesh,745,Alluri Sitharama Raju,4841,Munchingi Puttu,583475,2,Gadela Burugu,,Rural,Inhabitant,1447700,583475
2331,28,Andhra Pradesh,745,Alluri Sitharama Raju,4841,Munchingi Puttu,583477,2,Yenugurai,,Rural,Inhabitant,1447900,583477
2332,28,Andhra Pradesh,745,Alluri Sitharama Raju,4841,Munchingi Puttu,583478,2,Kimmalamamidi,,Rural,Inhabitant,1448000,583478
2333,28,Andhra Pradesh,745,Alluri Sitharama Raju,4841,Munchingi Puttu,583479,2,Sunnapu Kota,,Rural,Inhabitant,1448100,583479
2334,28,Andhra Pradesh,745,Alluri Sitharama Raju,4841,Munchingi Puttu,583481,2,Nandimetta,,Rural,Inhabitant,1448300,583481
2335,28,Andhra Pradesh,745,Alluri Sitharama Raju,4841,Munchingi Puttu,583482,2,Dolliputtu,,Rural,Inhabitant,1448400,583482
2336,28,Andhra Pradesh,745,Alluri Sitharama Raju,4841,Munchingi Puttu,583484,2,Gedelabanda,,Rural,Inhabitant,1448600,583484
2337,28,Andhra Pradesh,745,Alluri Sitharama Raju,4841,Munchingi Puttu,583486,2,Gunnalamamidi,,Rural,Inhabitant,1448800,583486
2338,28,Andhra Pradesh,745,Alluri Sitharama Raju,4841,Munchingi Puttu,583488,2,Mukkiputtu,,Rural,Inhabitant,1449000,583488
2339,28,Andhra Pradesh,745,Alluri Sitharama Raju,4841,Munchingi Puttu,583489,2,Kenduguda,,Rural,Inhabitant,1449100,583489
2340,28,Andhra Pradesh,745,Alluri Sitharama Raju,4841,Munchingi Puttu,583490,2,Mulaputtu,,Rural,Inhabitant,1449200,583490
2341,28,Andhra Pradesh,745,Alluri Sitharama Raju,4841,Munchingi Puttu,583492,2,Bonangiputtu,,Rural,Inhabitant,1449400,583492
2342,28,Andhra Pradesh,745,Alluri Sitharama Raju,4841,Munchingi Puttu,583493,2,Siragamputtu,,Unmapped,Inhabitant,1449500,583493
2343,28,Andhra Pradesh,745,Alluri Sitharama Raju,4841,Munchingi Puttu,583495,2,Kantavaram,,Rural,Inhabitant,1449700,583495
2344,28,Andhra Pradesh,745,Alluri Sitharama Raju,4841,Munchingi Puttu,583501,2,Santaveedhi,,Rural,Inhabitant,1450300,583501
2345,28,Andhra Pradesh,745,Alluri Sitharama Raju,4841,Munchingi Puttu,583502,2,Doraguda,,Unmapped,Inhabitant,1450400,583502
2346,28,Andhra Pradesh,745,Alluri Sitharama Raju,4841,Munchingi Puttu,583503,2,Boosiputtu,,Rural,Inhabitant,1450500,583503
2347,28,Andhra Pradesh,745,Alluri Sitharama Raju,4841,Munchingi Puttu,583506,2,Saginiputtu,,Rural,Inhabitant,1450800,583506
2348,28,Andhra Pradesh,745,Alluri Sitharama Raju,4841,Munchingi Puttu,583508,2,Maddulabanda,,Rural,Inhabitant,1451000,583508
2349,28,Andhra Pradesh,745,Alluri Sitharama Raju,4841,Munchingi Puttu,583509,2,Burugumetta,,Rural,Inhabitant,1451100,583509
2350,28,Andhra Pradesh,745,Alluri Sitharama Raju,4841,Munchingi Puttu,583510,2,Tadiputtu,,Rural,Inhabitant,1451200,583510
2351,28,Andhra Pradesh,745,Alluri Sitharama Raju,4841,Munchingi Puttu,583514,2,Burrangula,,Rural,Inhabitant,1451600,583514
2352,28,Andhra Pradesh,745,Alluri Sitharama Raju,4841,Munchingi Puttu,583518,2,Giddalamamidi,,Rural,Inhabitant,1452000,583518
2353,28,Andhra Pradesh,745,Alluri Sitharama Raju,4841,Munchingi Puttu,583519,2,Sarasangi,,Rural,Inhabitant,1452100,583519
2354,28,Andhra Pradesh,745,Alluri Sitharama Raju,4841,Munchingi Puttu,583522,2,Talabirada,,Unmapped,Inhabitant,1452400,583522
2355,28,Andhra Pradesh,745,Alluri Sitharama Raju,4841,Munchingi Puttu,583523,2,Padalaputtu,,Unmapped,Inhabitant,1452500,583523
2356,28,Andhra Pradesh,745,Alluri Sitharama Raju,4841,Munchingi Puttu,583525,2,Lungaputtu,,Rural,Inhabitant,1452700,583525
2357,28,Andhra Pradesh,745,Alluri Sitharama Raju,4841,Munchingi Puttu,583526,2,K.Kotturu,,Rural,Inhabitant,1452800,583526
2358,28,Andhra Pradesh,745,Alluri Sitharama Raju,4841,Munchingi Puttu,583528,2,Vanabhasingi,,Rural,Inhabitant,1453000,583528
2359,28,Andhra Pradesh,745,Alluri Sitharama Raju,4841,Munchingi Puttu,583311,2,Jodiguda,,Rural,Inhabitant,1431300,583311
2360,28,Andhra Pradesh,745,Alluri Sitharama Raju,4841,Munchingi Puttu,583312,2,Baliyaguda,,Rural,Inhabitant,1431400,583312
2361,28,Andhra Pradesh,745,Alluri Sitharama Raju,4841,Munchingi Puttu,583316,2,Karlapodaru,,Rural,Inhabitant,1431800,583316
2362,28,Andhra Pradesh,745,Alluri Sitharama Raju,4841,Munchingi Puttu,583319,2,Sangamvalasa,,Rural,Inhabitant,1432100,583319
2363,28,Andhra Pradesh,745,Alluri Sitharama Raju,4841,Munchingi Puttu,583320,2,Monjuguda,,Rural,Inhabitant,1432200,583320
2364,28,Andhra Pradesh,745,Alluri Sitharama Raju,4841,Munchingi Puttu,583322,2,Suttiguda,,Rural,Inhabitant,1432400,583322
2365,28,Andhra Pradesh,745,Alluri Sitharama Raju,4841,Munchingi Puttu,583323,2,Attikalu,,Rural,Inhabitant,1432500,583323
2366,28,Andhra Pradesh,745,Alluri Sitharama Raju,4841,Munchingi Puttu,583326,2,Barada,,Rural,Inhabitant,1432800,583326
2367,28,Andhra Pradesh,745,Alluri Sitharama Raju,4841,Munchingi Puttu,583329,2,Karabayalu,,Rural,Inhabitant,1433100,583329
2368,28,Andhra Pradesh,745,Alluri Sitharama Raju,4841,Munchingi Puttu,583330,2,Adarladi @ Mukki Puttu,,Rural,Inhabitant,1433200,583330
2369,28,Andhra Pradesh,745,Alluri Sitharama Raju,4841,Munchingi Puttu,583331,2,Kuntuda,,Rural,Inhabitant,1433300,583331
2370,28,Andhra Pradesh,745,Alluri Sitharama Raju,4841,Munchingi Puttu,583332,2,Totagondiputtu,,Rural,Inhabitant,1433400,583332
2371,28,Andhra Pradesh,745,Alluri Sitharama Raju,4841,Munchingi Puttu,583333,2,Poliputtu,,Rural,Inhabitant,1433500,583333
2372,28,Andhra Pradesh,745,Alluri Sitharama Raju,4841,Munchingi Puttu,583338,2,Kadutula,,Rural,Inhabitant,1434000,583338
2373,28,Andhra Pradesh,745,Alluri Sitharama Raju,4841,Munchingi Puttu,583339,2,Bhimidi,,Rural,Inhabitant,1434100,583339
2374,28,Andhra Pradesh,745,Alluri Sitharama Raju,4841,Munchingi Puttu,583340,2,Golliputtu,,Rural,Inhabitant,1434200,583340
2375,28,Andhra Pradesh,745,Alluri Sitharama Raju,4841,Munchingi Puttu,583341,2,Kosamputtu,,Rural,Inhabitant,1434300,583341
2376,28,Andhra Pradesh,745,Alluri Sitharama Raju,4841,Munchingi Puttu,583343,2,Ravilabeda,,Rural,Inhabitant,1434500,583343
2377,28,Andhra Pradesh,745,Alluri Sitharama Raju,4841,Munchingi Puttu,583344,2,Laxmipuram,,Rural,Inhabitant,1434600,583344
2378,28,Andhra Pradesh,745,Alluri Sitharama Raju,4841,Munchingi Puttu,583345,2,Dabuguda,,Rural,Inhabitant,1434700,583345
2379,28,Andhra Pradesh,745,Alluri Sitharama Raju,4841,Munchingi Puttu,583347,2,Mettaguda,,Rural,Inhabitant,1434900,583347
2380,28,Andhra Pradesh,745,Alluri Sitharama Raju,4841,Munchingi Puttu,583349,2,Chuttugondi,,Rural,Inhabitant,1435100,583349
2381,28,Andhra Pradesh,745,Alluri Sitharama Raju,4841,Munchingi Puttu,583350,2,Siragamputtu,,Rural,Inhabitant,1435200,583350
2382,28,Andhra Pradesh,745,Alluri Sitharama Raju,4841,Munchingi Puttu,583351,2,Garram,,Rural,Inhabitant,1435300,583351
2383,28,Andhra Pradesh,745,Alluri Sitharama Raju,4841,Munchingi Puttu,583353,2,Kusumaputtu,,Rural,Inhabitant,1435500,583353
2384,28,Andhra Pradesh,745,Alluri Sitharama Raju,4841,Munchingi Puttu,583356,2,Borramamidi,,Rural,Inhabitant,1435800,583356
2385,28,Andhra Pradesh,745,Alluri Sitharama Raju,4841,Munchingi Puttu,583358,2,Vurikigummi,,Rural,Inhabitant,1436000,583358
2386,28,Andhra Pradesh,745,Alluri Sitharama Raju,4841,Munchingi Puttu,583363,2,Lukkuru,,Rural,Inhabitant,1436500,583363
2387,28,Andhra Pradesh,745,Alluri Sitharama Raju,4841,Munchingi Puttu,583364,2,Tikkarapada,,Rural,Inhabitant,1436600,583364
2388,28,Andhra Pradesh,745,Alluri Sitharama Raju,4841,Munchingi Puttu,583368,2,Chilliputtu,,Rural,Inhabitant,1437000,583368
2389,28,Andhra Pradesh,745,Alluri Sitharama Raju,4841,Munchingi Puttu,583371,2,Sujanakotapeta,,Rural,Inhabitant,1437300,583371
2390,28,Andhra Pradesh,745,Alluri Sitharama Raju,4841,Munchingi Puttu,583372,2,Lakaiputtu,,Rural,Inhabitant,1437400,583372
2391,28,Andhra Pradesh,745,Alluri Sitharama Raju,4841,Munchingi Puttu,583374,2,Mukkiputtu,,Rural,Inhabitant,1437600,583374
2392,28,Andhra Pradesh,745,Alluri Sitharama Raju,4841,Munchingi Puttu,583375,2,Adalaputtu,,Rural,Inhabitant,1437700,583375
2393,28,Andhra Pradesh,745,Alluri Sitharama Raju,4841,Munchingi Puttu,583376,2,Digidaputtu,,Rural,Inhabitant,1437800,583376
2394,28,Andhra Pradesh,745,Alluri Sitharama Raju,4841,Munchingi Puttu,583377,2,Kinchaiputtu,,Rural,Inhabitant,1437900,583377
2395,28,Andhra Pradesh,745,Alluri Sitharama Raju,4841,Munchingi Puttu,583378,2,Jadiputtu,,Rural,Inhabitant,1438000,583378
2396,28,Andhra Pradesh,745,Alluri Sitharama Raju,4841,Munchingi Puttu,583381,2,Gummasiragamputtu,,Rural,Inhabitant,1438300,583381
2397,28,Andhra Pradesh,745,Alluri Sitharama Raju,4841,Munchingi Puttu,583383,2,Dharapalle,,Rural,Inhabitant,1438500,583383
2398,28,Andhra Pradesh,745,Alluri Sitharama Raju,4841,Munchingi Puttu,583389,2,Antlavada,,Rural,Inhabitant,1439100,583389
2399,28,Andhra Pradesh,745,Alluri Sitharama Raju,4841,Munchingi Puttu,583391,2,Malugurai,,Rural,Inhabitant,1439300,583391
2400,28,Andhra Pradesh,745,Alluri Sitharama Raju,4841,Munchingi Puttu,583392,2,Gajjalabanda,,Rural,Inhabitant,1439400,583392
2401,28,Andhra Pradesh,745,Alluri Sitharama Raju,4841,Munchingi Puttu,583393,2,Balada,,Rural,Inhabitant,1439500,583393
2402,28,Andhra Pradesh,745,Alluri Sitharama Raju,4841,Munchingi Puttu,583395,2,Kulabeeru,,Rural,Inhabitant,1439700,583395
2403,28,Andhra Pradesh,745,Alluri Sitharama Raju,4841,Munchingi Puttu,583396,2,Amalaguda,,Rural,Inhabitant,1439800,583396
2404,28,Andhra Pradesh,745,Alluri Sitharama Raju,4841,Munchingi Puttu,583397,2,Pedatamminagula,,Rural,Inhabitant,1439900,583397
2405,28,Andhra Pradesh,745,Alluri Sitharama Raju,4841,Munchingi Puttu,583399,2,Dumukuladi,,Rural,Inhabitant,1440100,583399
2406,28,Andhra Pradesh,745,Alluri Sitharama Raju,4841,Munchingi Puttu,583401,2,Jarjula,,Rural,Inhabitant,1440300,583401
2407,28,Andhra Pradesh,745,Alluri Sitharama Raju,4841,Munchingi Puttu,583402,2,Kotturu,,Rural,Inhabitant,1440400,583402
2408,28,Andhra Pradesh,745,Alluri Sitharama Raju,4841,Munchingi Puttu,583404,2,Doniputtu,,Rural,Inhabitant,1440600,583404
2409,28,Andhra Pradesh,745,Alluri Sitharama Raju,4841,Munchingi Puttu,583405,2,Bapanaputtu,,Rural,Inhabitant,1440700,583405
2410,28,Andhra Pradesh,745,Alluri Sitharama Raju,4841,Munchingi Puttu,583406,2,Degalaputtu,,Rural,Inhabitant,1440800,583406
2411,28,Andhra Pradesh,745,Alluri Sitharama Raju,4841,Munchingi Puttu,583407,2,Munchingiputtu,,Rural,Inhabitant,1440900,583407
2412,28,Andhra Pradesh,745,Alluri Sitharama Raju,4841,Munchingi Puttu,583409,2,Ontiputtu,,Rural,Inhabitant,1441100,583409
2413,28,Andhra Pradesh,745,Alluri Sitharama Raju,4841,Munchingi Puttu,583414,2,Narsiputtu,,Rural,Inhabitant,1441600,583414
2414,28,Andhra Pradesh,745,Alluri Sitharama Raju,4841,Munchingi Puttu,583415,2,Bodiputtu,,Rural,Inhabitant,1441700,583415
2415,28,Andhra Pradesh,745,Alluri Sitharama Raju,4841,Munchingi Puttu,583416,2,Beeta,,Rural,Inhabitant,1441800,583416
2416,28,Andhra Pradesh,745,Alluri Sitharama Raju,4841,Munchingi Puttu,583417,2,Talabutota,,Rural,Inhabitant,1441900,583417
2417,28,Andhra Pradesh,745,Alluri Sitharama Raju,4841,Munchingi Puttu,583418,2,Goddiputtu,,Rural,Inhabitant,1442000,583418
2418,28,Andhra Pradesh,745,Alluri Sitharama Raju,4841,Munchingi Puttu,583419,2,Galaganda,,Rural,Inhabitant,1442100,583419
2419,28,Andhra Pradesh,745,Alluri Sitharama Raju,4841,Munchingi Puttu,583425,2,Tontaputtu,,Rural,Inhabitant,1442700,583425
2420,28,Andhra Pradesh,745,Alluri Sitharama Raju,4841,Munchingi Puttu,583426,2,Malluduputtu,,Rural,Inhabitant,1442800,583426
2421,28,Andhra Pradesh,745,Alluri Sitharama Raju,4841,Munchingi Puttu,583429,2,Cheediputtu,,Rural,Inhabitant,1443100,583429
2422,28,Andhra Pradesh,745,Alluri Sitharama Raju,4841,Munchingi Puttu,583431,2,Manchamrai,,Rural,Inhabitant,1443300,583431
2423,28,Andhra Pradesh,745,Alluri Sitharama Raju,4841,Munchingi Puttu,583432,2,Dasariputtu,,Rural,Inhabitant,1443400,583432
2424,28,Andhra Pradesh,745,Alluri Sitharama Raju,4841,Munchingi Puttu,583435,2,Buradagunta,,Rural,Inhabitant,1443700,583435
2425,28,Andhra Pradesh,745,Alluri Sitharama Raju,4841,Munchingi Puttu,583436,2,Matchayapuram,,Rural,Inhabitant,1443800,583436
2426,28,Andhra Pradesh,745,Alluri Sitharama Raju,4841,Munchingi Puttu,583438,2,Gadelaputtu,,Rural,Inhabitant,1444000,583438
2427,28,Andhra Pradesh,745,Alluri Sitharama Raju,4841,Munchingi Puttu,583444,2,Vaddiputtu,,Rural,Inhabitant,1444600,583444
2428,28,Andhra Pradesh,745,Alluri Sitharama Raju,4841,Munchingi Puttu,583446,2,Gunnachelama,,Rural,Inhabitant,1444800,583446
2429,28,Andhra Pradesh,745,Alluri Sitharama Raju,4841,Munchingi Puttu,583447,2,Babusala,,Rural,Inhabitant,1444900,583447
2430,28,Andhra Pradesh,745,Alluri Sitharama Raju,4841,Munchingi Puttu,583448,2,Bokkeraputtu,,Rural,Inhabitant,1445000,583448
2431,28,Andhra Pradesh,745,Alluri Sitharama Raju,4841,Munchingi Puttu,583450,2,Merakachinta,,Rural,Inhabitant,1445200,583450
2432,28,Andhra Pradesh,745,Alluri Sitharama Raju,4841,Munchingi Puttu,583452,2,Mokkaputtu,,Rural,Inhabitant,1445400,583452
2433,28,Andhra Pradesh,745,Alluri Sitharama Raju,4841,Munchingi Puttu,583453,2,Marrivalasa,,Rural,Inhabitant,1445500,583453
2434,28,Andhra Pradesh,745,Alluri Sitharama Raju,4841,Munchingi Puttu,583454,2,Karimikiputtu,,Rural,Inhabitant,1445600,583454
2435,28,Andhra Pradesh,745,Alluri Sitharama Raju,4841,Munchingi Puttu,583459,2,Cheruvu Veedhi,,Rural,Inhabitant,1446100,583459
2436,28,Andhra Pradesh,745,Alluri Sitharama Raju,4841,Munchingi Puttu,583464,2,Parathaputtu,,Rural,Inhabitant,1446600,583464
2437,28,Andhra Pradesh,745,Alluri Sitharama Raju,4841,Munchingi Puttu,583465,2,Sellum,,Rural,Inhabitant,1446700,583465
2438,28,Andhra Pradesh,745,Alluri Sitharama Raju,4841,Munchingi Puttu,583466,2,Saradhi,,Rural,Inhabitant,1446800,583466
2439,28,Andhra Pradesh,745,Alluri Sitharama Raju,4841,Munchingi Puttu,583469,2,Panasa,,Rural,Inhabitant,1447100,583469
2440,28,Andhra Pradesh,745,Alluri Sitharama Raju,4841,Munchingi Puttu,583476,2,Nitta Puttu,,Rural,Inhabitant,1447800,583476
2441,28,Andhra Pradesh,745,Alluri Sitharama Raju,4841,Munchingi Puttu,583480,2,Gorrelametta,,Rural,Inhabitant,1448200,583480
2442,28,Andhra Pradesh,745,Alluri Sitharama Raju,4841,Munchingi Puttu,583483,2,Jarripada,,Rural,Inhabitant,1448500,583483
2443,28,Andhra Pradesh,745,Alluri Sitharama Raju,4841,Munchingi Puttu,583485,2,Boragam,,Rural,Inhabitant,1448700,583485
2444,28,Andhra Pradesh,745,Alluri Sitharama Raju,4841,Munchingi Puttu,583487,2,Kimuduputtu,,Rural,Inhabitant,1448900,583487
2445,28,Andhra Pradesh,745,Alluri Sitharama Raju,4841,Munchingi Puttu,583491,2,Tamarapalle,,Rural,Inhabitant,1449300,583491
2446,28,Andhra Pradesh,745,Alluri Sitharama Raju,4841,Munchingi Puttu,583494,2,Vuppacheruvu,,Rural,Inhabitant,1449600,583494
2447,28,Andhra Pradesh,745,Alluri Sitharama Raju,4841,Munchingi Puttu,583496,2,Pittagedda,,Rural,Inhabitant,1449800,583496
2448,28,Andhra Pradesh,745,Alluri Sitharama Raju,4841,Munchingi Puttu,583497,2,Nadimiveedhi,,Rural,Inhabitant,1449900,583497
2449,28,Andhra Pradesh,745,Alluri Sitharama Raju,4841,Munchingi Puttu,583498,2,Tudumurai,,Rural,Inhabitant,1450000,583498
2450,28,Andhra Pradesh,745,Alluri Sitharama Raju,4841,Munchingi Puttu,583499,2,Kommalakonda,,Rural,Inhabitant,1450100,583499
2451,28,Andhra Pradesh,745,Alluri Sitharama Raju,4841,Munchingi Puttu,583500,2,Surtaniputtu,,Rural,Inhabitant,1450200,583500
2452,28,Andhra Pradesh,745,Alluri Sitharama Raju,4841,Munchingi Puttu,583504,2,Pittagruddlu,,Rural,Inhabitant,1450600,583504
2453,28,Andhra Pradesh,745,Alluri Sitharama Raju,4841,Munchingi Puttu,583505,2,Kammarigoyyi,,Rural,Inhabitant,1450700,583505
2454,28,Andhra Pradesh,745,Alluri Sitharama Raju,4841,Munchingi Puttu,583507,2,Poolabanda,,Rural,Inhabitant,1450900,583507
2455,28,Andhra Pradesh,745,Alluri Sitharama Raju,4841,Munchingi Puttu,583511,2,Sirlimetta,,Rural,Inhabitant,1451300,583511
2456,28,Andhra Pradesh,745,Alluri Sitharama Raju,4841,Munchingi Puttu,583512,2,Kumada,,Rural,Inhabitant,1451400,583512
2457,28,Andhra Pradesh,745,Alluri Sitharama Raju,4841,Munchingi Puttu,583513,2,Digakumada,,Rural,Inhabitant,1451500,583513
2458,28,Andhra Pradesh,745,Alluri Sitharama Raju,4841,Munchingi Puttu,583515,2,Vetchangi,,Rural,Inhabitant,1451700,583515
2459,28,Andhra Pradesh,745,Alluri Sitharama Raju,4841,Munchingi Puttu,583516,2,Tangula,,Rural,Inhabitant,1451800,583516
2460,28,Andhra Pradesh,745,Alluri Sitharama Raju,4841,Munchingi Puttu,583517,2,Boosiputtu,,Unmapped,Inhabitant,1451900,583517
2461,28,Andhra Pradesh,745,Alluri Sitharama Raju,4841,Munchingi Puttu,583520,2,Rakasirai,,Rural,Inhabitant,1452200,583520
2462,28,Andhra Pradesh,745,Alluri Sitharama Raju,4841,Munchingi Puttu,583521,2,Dasariputtu,,Rural,Inhabitant,1452300,583521
2463,28,Andhra Pradesh,745,Alluri Sitharama Raju,4841,Munchingi Puttu,583524,2,Chippaputtu,,Rural,Inhabitant,1452600,583524
2464,28,Andhra Pradesh,745,Alluri Sitharama Raju,4841,Munchingi Puttu,583527,2,Kottalabayalu,,Rural,Inhabitant,1452900,583527
2465,28,Andhra Pradesh,745,Alluri Sitharama Raju,4841,Munchingi Puttu,583529,2,Kilagada,,Rural,Inhabitant,1453100,583529
2466,28,Andhra Pradesh,745,Alluri Sitharama Raju,4841,Munchingi Puttu,583531,2,Malakariputtu,,Rural,Inhabitant,1453300,583531
2467,28,Andhra Pradesh,745,Alluri Sitharama Raju,4841,Munchingi Puttu,583532,2,Tarigeda,,Rural,Inhabitant,1453400,583532
2468,28,Andhra Pradesh,745,Alluri Sitharama Raju,4841,Munchingi Puttu,583533,2,Vanuguputtu,,Rural,Inhabitant,1453500,583533
2469,28,Andhra Pradesh,745,Alluri Sitharama Raju,4841,Munchingi Puttu,583534,2,Bondaputtu,,Rural,Inhabitant,1453600,583534
2470,28,Andhra Pradesh,745,Alluri Sitharama Raju,4841,Munchingi Puttu,583535,2,Chinamukkiputtu,,Rural,Inhabitant,1453700,583535
2471,28,Andhra Pradesh,745,Alluri Sitharama Raju,4841,Munchingi Puttu,583536,2,Ratulaputtu,,Rural,Inhabitant,1453800,583536
2472,28,Andhra Pradesh,745,Alluri Sitharama Raju,4841,Munchingi Puttu,583537,2,Murugu Cheruvu,,Rural,Inhabitant,1453900,583537
2473,28,Andhra Pradesh,745,Alluri Sitharama Raju,4841,Munchingi Puttu,583538,2,Giddala Puttu,,Rural,Inhabitant,1454000,583538
2474,28,Andhra Pradesh,745,Alluri Sitharama Raju,4841,Munchingi Puttu,583545,2,Majjiguda,,Rural,Inhabitant,1454700,583545
2475,28,Andhra Pradesh,745,Alluri Sitharama Raju,4841,Munchingi Puttu,583546,2,Kummari Puttu,,Rural,Inhabitant,1454800,583546
2476,28,Andhra Pradesh,745,Alluri Sitharama Raju,4841,Munchingi Puttu,583551,2,Kincholda,,Rural,Inhabitant,1455300,583551
2477,28,Andhra Pradesh,745,Alluri Sitharama Raju,4841,Munchingi Puttu,583553,2,A.Kotturu,,Rural,Inhabitant,1455500,583553
2478,28,Andhra Pradesh,745,Alluri Sitharama Raju,4841,Munchingi Puttu,583558,2,Malagummi,,Rural,Inhabitant,1456000,583558
2479,28,Andhra Pradesh,745,Alluri Sitharama Raju,4841,Munchingi Puttu,583559,2,Bangarumetta,,Rural,Inhabitant,1456100,583559
2480,28,Andhra Pradesh,745,Alluri Sitharama Raju,4841,Munchingi Puttu,583560,2,Kummari Puttu,,Rural,Inhabitant,1456200,583560
2481,28,Andhra Pradesh,745,Alluri Sitharama Raju,4841,Munchingi Puttu,583561,2,Bangaru Puttu,,Rural,Inhabitant,1456300,583561
2482,28,Andhra Pradesh,745,Alluri Sitharama Raju,4841,Munchingi Puttu,583562,2,Badiputtu,,Rural,Inhabitant,1456400,583562
2483,28,Andhra Pradesh,745,Alluri Sitharama Raju,4841,Munchingi Puttu,583568,2,Deembuguda,,Rural,Inhabitant,1457000,583568
2484,28,Andhra Pradesh,745,Alluri Sitharama Raju,4841,Munchingi Puttu,583569,2,Podaputtu,,Rural,Inhabitant,1457100,583569
2485,28,Andhra Pradesh,745,Alluri Sitharama Raju,4841,Munchingi Puttu,583570,2,Talimba,,Rural,Inhabitant,1457200,583570
2486,28,Andhra Pradesh,745,Alluri Sitharama Raju,4841,Munchingi Puttu,583574,2,Peddapetu,,Rural,Inhabitant,1457600,583574
2487,28,Andhra Pradesh,745,Alluri Sitharama Raju,4841,Munchingi Puttu,912635,2,Lungaputtu,,Rural,Inhabitant,0,0
2488,28,Andhra Pradesh,745,Alluri Sitharama Raju,4841,Munchingi Puttu,930871,2,Vandanapalli,వందనపల్లి,Rural,Inhabitant,0,0
2489,28,Andhra Pradesh,745,Alluri Sitharama Raju,4841,Munchingi Puttu,936622,2,Tumidiputtu,TUMIDIPUTTU,Rural,Inhabitant,0,0
2490,28,Andhra Pradesh,745,Alluri Sitharama Raju,4841,Munchingi Puttu,583530,2,Raipalli,,Rural,Inhabitant,1453200,583530
2491,28,Andhra Pradesh,745,Alluri Sitharama Raju,4841,Munchingi Puttu,583539,2,Kumbi Guda,,Rural,Inhabitant,1454100,583539
2492,28,Andhra Pradesh,745,Alluri Sitharama Raju,4841,Munchingi Puttu,583540,2,Jangam Puttu,,Rural,Inhabitant,1454200,583540
2493,28,Andhra Pradesh,745,Alluri Sitharama Raju,4841,Munchingi Puttu,583541,2,Vetchangi Puttu,,Rural,Inhabitant,1454300,583541
2494,28,Andhra Pradesh,745,Alluri Sitharama Raju,4841,Munchingi Puttu,583542,2,Bakubeda,,Rural,Inhabitant,1454400,583542
2495,28,Andhra Pradesh,745,Alluri Sitharama Raju,4841,Munchingi Puttu,583543,2,Petumaliputtu,,Rural,Inhabitant,1454500,583543
2496,28,Andhra Pradesh,745,Alluri Sitharama Raju,4841,Munchingi Puttu,583544,2,Muraliputtu,,Rural,Inhabitant,1454600,583544
2497,28,Andhra Pradesh,745,Alluri Sitharama Raju,4841,Munchingi Puttu,583547,2,Peddaputtu,,Unmapped,Inhabitant,1454900,583547
2498,28,Andhra Pradesh,745,Alluri Sitharama Raju,4841,Munchingi Puttu,583548,2,Cheruvu Pakala,,Rural,Inhabitant,1455000,583548
2499,28,Andhra Pradesh,745,Alluri Sitharama Raju,4841,Munchingi Puttu,583549,2,Rangini Konda,,Rural,Inhabitant,1455100,583549
2500,28,Andhra Pradesh,745,Alluri Sitharama Raju,4841,Munchingi Puttu,583550,2,Kinchai Puttu,,Rural,Inhabitant,1455200,583550
2501,28,Andhra Pradesh,745,Alluri Sitharama Raju,4841,Munchingi Puttu,583552,2,Tungi Kota,,Rural,Inhabitant,1455400,583552
2502,28,Andhra Pradesh,745,Alluri Sitharama Raju,4841,Munchingi Puttu,583554,2,Solagam Puttu,,Rural,Inhabitant,1455600,583554
2503,28,Andhra Pradesh,745,Alluri Sitharama Raju,4841,Munchingi Puttu,583555,2,Sarabha Puttu,,Rural,Inhabitant,1455700,583555
2504,28,Andhra Pradesh,745,Alluri Sitharama Raju,4841,Munchingi Puttu,583556,2,Gannelaputtu,,Rural,Inhabitant,1455800,583556
2505,28,Andhra Pradesh,745,Alluri Sitharama Raju,4841,Munchingi Puttu,583557,2,Sariyapalle,,Rural,Inhabitant,1455900,583557
2506,28,Andhra Pradesh,745,Alluri Sitharama Raju,4841,Munchingi Puttu,583563,2,Tussapalli,,Rural,Inhabitant,1456500,583563
2507,28,Andhra Pradesh,745,Alluri Sitharama Raju,4841,Munchingi Puttu,583564,2,Vadlamputtu,,Rural,Inhabitant,1456600,583564
2508,28,Andhra Pradesh,745,Alluri Sitharama Raju,4841,Munchingi Puttu,583565,2,Kujabhangi,,Rural,Inhabitant,1456700,583565
2509,28,Andhra Pradesh,745,Alluri Sitharama Raju,4841,Munchingi Puttu,583566,2,Taddapalli,,Rural,Inhabitant,1456800,583566
2510,28,Andhra Pradesh,745,Alluri Sitharama Raju,4841,Munchingi Puttu,583567,2,Pedapadu,,Rural,Inhabitant,1456900,583567
2511,28,Andhra Pradesh,745,Alluri Sitharama Raju,4841,Munchingi Puttu,583571,2,Ganneda,,Rural,Inhabitant,1457300,583571
2512,28,Andhra Pradesh,745,Alluri Sitharama Raju,4841,Munchingi Puttu,583572,2,Dareli,,Rural,Inhabitant,1457400,583572
2513,28,Andhra Pradesh,745,Alluri Sitharama Raju,4841,Munchingi Puttu,583573,2,Rangilisingi,,Rural,Inhabitant,1457500,583573
2514,28,Andhra Pradesh,745,Alluri Sitharama Raju,4841,Munchingi Puttu,583575,2,Dokiriputtu,,Rural,Inhabitant,1457700,583575
2515,28,Andhra Pradesh,745,Alluri Sitharama Raju,4841,Munchingi Puttu,936621,2,Ravidiputtu,RAVIDIPUTTU,Rural,Inhabitant,0,0
2516,28,Andhra Pradesh,745,Alluri Sitharama Raju,4841,Munchingi Puttu,583252,2,Mokkaputtu,,Rural,Inhabitant,1425400,583252
2517,28,Andhra Pradesh,745,Alluri Sitharama Raju,4841,Munchingi Puttu,583253,2,Sangada,,Rural,Inhabitant,1425500,583253
2518,28,Andhra Pradesh,745,Alluri Sitharama Raju,4841,Munchingi Puttu,583254,2,Pilliganduva,,Rural,Inhabitant,1425600,583254
2519,28,Andhra Pradesh,745,Alluri Sitharama Raju,4841,Munchingi Puttu,583255,2,Doraguda,,Rural,Inhabitant,1425700,583255
2520,28,Andhra Pradesh,745,Alluri Sitharama Raju,4841,Munchingi Puttu,583256,2,Asurada,,Rural,Inhabitant,1425800,583256
2521,28,Andhra Pradesh,745,Alluri Sitharama Raju,4841,Munchingi Puttu,583259,2,Gatturamanda,,Rural,Inhabitant,1426100,583259
2522,28,Andhra Pradesh,745,Alluri Sitharama Raju,4841,Munchingi Puttu,583260,2,Pedasindhiputtu,,Rural,Inhabitant,1426200,583260
2523,28,Andhra Pradesh,745,Alluri Sitharama Raju,4841,Munchingi Puttu,583263,2,Tarlaguda,,Rural,Inhabitant,1426500,583263
2524,28,Andhra Pradesh,745,Alluri Sitharama Raju,4841,Munchingi Puttu,583264,2,Valajangi,,Rural,Inhabitant,1426600,583264
2525,28,Andhra Pradesh,745,Alluri Sitharama Raju,4841,Munchingi Puttu,583265,2,Putcheli,,Rural,Inhabitant,1426700,583265
2526,28,Andhra Pradesh,745,Alluri Sitharama Raju,4841,Munchingi Puttu,583267,2,Nandula Konda,,Rural,Inhabitant,1426900,583267
2527,28,Andhra Pradesh,745,Alluri Sitharama Raju,4841,Munchingi Puttu,583269,2,Talabirada,,Rural,Inhabitant,1427100,583269
2528,28,Andhra Pradesh,745,Alluri Sitharama Raju,4841,Munchingi Puttu,583270,2,Dadiputtu,,Rural,Inhabitant,1427200,583270
2529,28,Andhra Pradesh,745,Alluri Sitharama Raju,4841,Munchingi Puttu,583271,2,Allangipada,,Rural,Inhabitant,1427300,583271
2530,28,Andhra Pradesh,745,Alluri Sitharama Raju,4841,Munchingi Puttu,583272,2,Mehba,,Rural,Inhabitant,1427400,583272
2531,28,Andhra Pradesh,745,Alluri Sitharama Raju,4841,Munchingi Puttu,583275,2,Marriputtu,,Rural,Inhabitant,1427700,583275
2532,28,Andhra Pradesh,745,Alluri Sitharama Raju,4841,Munchingi Puttu,583278,2,Tillaypada,,Rural,Inhabitant,1428000,583278
2533,28,Andhra Pradesh,745,Alluri Sitharama Raju,4841,Munchingi Puttu,583279,2,Mattiguda,,Rural,Inhabitant,1428100,583279
2534,28,Andhra Pradesh,745,Alluri Sitharama Raju,4841,Munchingi Puttu,583280,2,Kusumaguda,,Rural,Inhabitant,1428200,583280
2535,28,Andhra Pradesh,745,Alluri Sitharama Raju,4841,Munchingi Puttu,583281,2,Sebuguda,,Rural,Inhabitant,1428300,583281
2536,28,Andhra Pradesh,745,Alluri Sitharama Raju,4841,Munchingi Puttu,583282,2,Kenduputtu,,Rural,Inhabitant,1428400,583282
2537,28,Andhra Pradesh,745,Alluri Sitharama Raju,4841,Munchingi Puttu,583283,2,Mokkaputtu,,Rural,Inhabitant,1428500,583283
2538,28,Andhra Pradesh,745,Alluri Sitharama Raju,4841,Munchingi Puttu,583284,2,Jamiriguda,,Rural,Inhabitant,1428600,583284
2539,28,Andhra Pradesh,745,Alluri Sitharama Raju,4841,Munchingi Puttu,583291,2,Champaputtu,,Rural,Inhabitant,1429300,583291
2540,28,Andhra Pradesh,745,Alluri Sitharama Raju,4841,Munchingi Puttu,583295,2,Mallipodaru,,Rural,Inhabitant,1429700,583295
2541,28,Andhra Pradesh,745,Alluri Sitharama Raju,4841,Munchingi Puttu,583296,2,Dengam,,Rural,Inhabitant,1429800,583296
2542,28,Andhra Pradesh,745,Alluri Sitharama Raju,4841,Munchingi Puttu,583298,2,Mattamputtu,,Rural,Inhabitant,1430000,583298
2543,28,Andhra Pradesh,745,Alluri Sitharama Raju,4841,Munchingi Puttu,583299,2,Alabeeru,,Rural,Inhabitant,1430100,583299
2544,28,Andhra Pradesh,745,Alluri Sitharama Raju,4841,Munchingi Puttu,583300,2,Labadaputtu,,Rural,Inhabitant,1430200,583300
2545,28,Andhra Pradesh,745,Alluri Sitharama Raju,4841,Munchingi Puttu,583302,2,Makavaram,,Rural,Inhabitant,1430400,583302
2546,28,Andhra Pradesh,745,Alluri Sitharama Raju,4841,Munchingi Puttu,583304,2,Japparu,,Rural,Inhabitant,1430600,583304
2547,28,Andhra Pradesh,745,Alluri Sitharama Raju,4841,Munchingi Puttu,583306,2,Jolaputtu,,Rural,Inhabitant,1430800,583306
2548,28,Andhra Pradesh,745,Alluri Sitharama Raju,4841,Munchingi Puttu,583307,2,Labburukonda Puttu,,Rural,Inhabitant,1430900,583307
2549,28,Andhra Pradesh,745,Alluri Sitharama Raju,4841,Munchingi Puttu,583308,2,Kammarigunta,,Rural,Inhabitant,1431000,583308
2550,28,Andhra Pradesh,745,Alluri Sitharama Raju,4841,Munchingi Puttu,583309,2,Vandrangula,,Rural,Inhabitant,1431100,583309
2551,28,Andhra Pradesh,745,Alluri Sitharama Raju,4841,Munchingi Puttu,583310,2,Kadamjola,,Rural,Inhabitant,1431200,583310
2552,28,Andhra Pradesh,745,Alluri Sitharama Raju,4847,Paderu,584590,2,Donela,,Rural,Inhabitant,1559100,584590
2553,28,Andhra Pradesh,745,Alluri Sitharama Raju,4847,Paderu,584591,2,Boddaputtu,,Rural,Inhabitant,1559200,584591
2554,28,Andhra Pradesh,745,Alluri Sitharama Raju,4847,Paderu,584592,2,Baridiputtu,,Rural,Inhabitant,1559300,584592
2555,28,Andhra Pradesh,745,Alluri Sitharama Raju,4847,Paderu,584593,2,Bonjangi,,Rural,Inhabitant,1559400,584593
2556,28,Andhra Pradesh,745,Alluri Sitharama Raju,4847,Paderu,584597,2,Thotalagondi,,Rural,Inhabitant,1559800,584597
2557,28,Andhra Pradesh,745,Alluri Sitharama Raju,4847,Paderu,584598,2,Cheedimetta,,Rural,Inhabitant,1559900,584598
2558,28,Andhra Pradesh,745,Alluri Sitharama Raju,4847,Paderu,584599,2,Lampeli,,Rural,Inhabitant,1560000,584599
2559,28,Andhra Pradesh,745,Alluri Sitharama Raju,4847,Paderu,584600,2,Gondeli,,Rural,Inhabitant,1560100,584600
2560,28,Andhra Pradesh,745,Alluri Sitharama Raju,4847,Paderu,584602,2,Pilliputtu,,Rural,Inhabitant,1560300,584602
2561,28,Andhra Pradesh,745,Alluri Sitharama Raju,4847,Paderu,584604,2,Nereduvalasa,,Rural,Inhabitant,1560500,584604
2562,28,Andhra Pradesh,745,Alluri Sitharama Raju,4847,Paderu,584606,2,Munchingi Puttu,,Rural,Inhabitant,1560700,584606
2563,28,Andhra Pradesh,745,Alluri Sitharama Raju,4847,Paderu,584607,2,Kothapalle,,Rural,Inhabitant,1560800,584607
2564,28,Andhra Pradesh,745,Alluri Sitharama Raju,4847,Paderu,584608,2,Vanthalagummi,,Rural,Inhabitant,1560900,584608
2565,28,Andhra Pradesh,745,Alluri Sitharama Raju,4847,Paderu,584610,2,Kavirai,,Rural,Inhabitant,1561100,584610
2566,28,Andhra Pradesh,745,Alluri Sitharama Raju,4847,Paderu,584611,2,Dummaputtu,,Rural,Inhabitant,1561200,584611
2567,28,Andhra Pradesh,745,Alluri Sitharama Raju,4847,Paderu,584612,2,Chintagondi,,Rural,Inhabitant,1561300,584612
2568,28,Andhra Pradesh,745,Alluri Sitharama Raju,4847,Paderu,584614,2,Sakiputtu,,Rural,Inhabitant,1561500,584614
2569,28,Andhra Pradesh,745,Alluri Sitharama Raju,4847,Paderu,584615,2,Kollambo,,Rural,Inhabitant,1561600,584615
2570,28,Andhra Pradesh,745,Alluri Sitharama Raju,4847,Paderu,584616,2,Lingaputtu,,Rural,Inhabitant,1561700,584616
2571,28,Andhra Pradesh,745,Alluri Sitharama Raju,4847,Paderu,584619,2,Isakagaruvu,,Rural,Inhabitant,1562000,584619
2572,28,Andhra Pradesh,745,Alluri Sitharama Raju,4847,Paderu,584620,2,Santhaganduva,,Rural,Inhabitant,1562100,584620
2573,28,Andhra Pradesh,745,Alluri Sitharama Raju,4847,Paderu,584621,2,Kothuru,,Rural,Inhabitant,1562200,584621
2574,28,Andhra Pradesh,745,Alluri Sitharama Raju,4847,Paderu,584622,2,Solamulu,,Rural,Inhabitant,1562300,584622
2575,28,Andhra Pradesh,745,Alluri Sitharama Raju,4847,Paderu,584623,2,Sindugula,,Rural,Inhabitant,1562400,584623
2576,28,Andhra Pradesh,745,Alluri Sitharama Raju,4847,Paderu,584624,2,Chakirevu,,Rural,Inhabitant,1562500,584624
2577,28,Andhra Pradesh,745,Alluri Sitharama Raju,4847,Paderu,584625,2,Sariapalle,,Rural,Inhabitant,1562600,584625
2578,28,Andhra Pradesh,745,Alluri Sitharama Raju,4847,Paderu,584626,2,Doddipalle,,Rural,Inhabitant,1562700,584626
2579,28,Andhra Pradesh,745,Alluri Sitharama Raju,4847,Paderu,584627,2,Ladaputtu,,Rural,Inhabitant,1562800,584627
2580,28,Andhra Pradesh,745,Alluri Sitharama Raju,4847,Paderu,584629,2,Bokkellu,,Rural,Inhabitant,1563000,584629
2581,28,Andhra Pradesh,745,Alluri Sitharama Raju,4847,Paderu,584631,2,Dokuluru,,Rural,Inhabitant,1563200,584631
2582,28,Andhra Pradesh,745,Alluri Sitharama Raju,4847,Paderu,584633,2,Degalaveedhi,,Rural,Inhabitant,1563400,584633
2583,28,Andhra Pradesh,745,Alluri Sitharama Raju,4847,Paderu,584634,2,Gadivalasa,,Rural,Inhabitant,1563500,584634
2584,28,Andhra Pradesh,745,Alluri Sitharama Raju,4847,Paderu,584635,2,Ampuru,,Rural,Inhabitant,1563600,584635
2585,28,Andhra Pradesh,745,Alluri Sitharama Raju,4847,Paderu,584644,2,Kothabu,,Rural,Inhabitant,1564500,584644
2586,28,Andhra Pradesh,745,Alluri Sitharama Raju,4847,Paderu,584645,2,Barisingi,,Rural,Inhabitant,1564600,584645
2587,28,Andhra Pradesh,745,Alluri Sitharama Raju,4847,Paderu,584646,2,Gurrampanuku,,Rural,Inhabitant,1564700,584646
2588,28,Andhra Pradesh,745,Alluri Sitharama Raju,4847,Paderu,584647,2,Palamanichilaka,,Rural,Inhabitant,1564800,584647
2589,28,Andhra Pradesh,745,Alluri Sitharama Raju,4847,Paderu,584648,2,Pothurajumetta,,Rural,Inhabitant,1564900,584648
2590,28,Andhra Pradesh,745,Alluri Sitharama Raju,4847,Paderu,584649,2,Kallalabayalu,,Rural,Inhabitant,1565000,584649
2591,28,Andhra Pradesh,745,Alluri Sitharama Raju,4847,Paderu,584651,2,Digasampalu,,Rural,Inhabitant,1565200,584651
2592,28,Andhra Pradesh,745,Alluri Sitharama Raju,4847,Paderu,584653,2,Gonduru,,Rural,Inhabitant,1565400,584653
2593,28,Andhra Pradesh,745,Alluri Sitharama Raju,4847,Paderu,584656,2,Talarisingi,,Rural,Inhabitant,1565700,584656
2594,28,Andhra Pradesh,745,Alluri Sitharama Raju,4847,Paderu,584663,2,Kadeli,,Rural,Inhabitant,1566400,584663
2595,28,Andhra Pradesh,745,Alluri Sitharama Raju,4847,Paderu,584664,2,Lagisapalle,,Rural,Inhabitant,1566500,584664
2596,28,Andhra Pradesh,745,Alluri Sitharama Raju,4847,Paderu,584666,2,Karakaputtu,,Rural,Inhabitant,1566700,584666
2597,28,Andhra Pradesh,745,Alluri Sitharama Raju,4847,Paderu,584668,2,Kothavalasa,,Rural,Inhabitant,1566900,584668
2598,28,Andhra Pradesh,745,Alluri Sitharama Raju,4847,Paderu,584669,2,Eegasampalu,,Rural,Inhabitant,1567000,584669
2599,28,Andhra Pradesh,745,Alluri Sitharama Raju,4847,Paderu,584671,2,Jeedipagada,,Rural,Inhabitant,1567200,584671
2600,28,Andhra Pradesh,745,Alluri Sitharama Raju,4847,Paderu,584673,2,Cheedikudda,,Rural,Inhabitant,1567400,584673
2601,28,Andhra Pradesh,745,Alluri Sitharama Raju,4847,Paderu,584674,2,Vanugupalle,,Rural,Inhabitant,1567500,584674
2602,28,Andhra Pradesh,745,Alluri Sitharama Raju,4847,Paderu,584676,2,Minumuluru,,Rural,Inhabitant,1567700,584676
2603,28,Andhra Pradesh,745,Alluri Sitharama Raju,4847,Paderu,584681,2,Digumodaputtu,,Rural,Inhabitant,1568200,584681
2604,28,Andhra Pradesh,745,Alluri Sitharama Raju,4847,Paderu,584686,2,Sangodi,,Rural,Inhabitant,1568700,584686
2605,28,Andhra Pradesh,745,Alluri Sitharama Raju,4847,Paderu,584688,2,Bandapolam,,Rural,Inhabitant,1568900,584688
2606,28,Andhra Pradesh,745,Alluri Sitharama Raju,4847,Paderu,584689,2,Galipadu,,Rural,Inhabitant,1569000,584689
2607,28,Andhra Pradesh,745,Alluri Sitharama Raju,4847,Paderu,584690,2,Karibanda,,Rural,Inhabitant,1569100,584690
2608,28,Andhra Pradesh,745,Alluri Sitharama Raju,4847,Paderu,584691,2,Tiyyagedda,,Rural,Inhabitant,1569200,584691
2609,28,Andhra Pradesh,745,Alluri Sitharama Raju,4847,Paderu,584692,2,Birimisala,,Rural,Inhabitant,1569300,584692
2610,28,Andhra Pradesh,745,Alluri Sitharama Raju,4847,Paderu,584699,2,Ontipaka,,Rural,Inhabitant,1570000,584699
2611,28,Andhra Pradesh,745,Alluri Sitharama Raju,4847,Paderu,584702,2,Gaddibandalu,,Rural,Inhabitant,1570300,584702
2612,28,Andhra Pradesh,745,Alluri Sitharama Raju,4847,Paderu,584707,2,Malakapolam,,Rural,Inhabitant,1570800,584707
2613,28,Andhra Pradesh,745,Alluri Sitharama Raju,4847,Paderu,584709,2,Gurragaruvu,,Rural,Inhabitant,1571000,584709
2614,28,Andhra Pradesh,745,Alluri Sitharama Raju,4847,Paderu,584710,2,Saldigedda,,Rural,Inhabitant,1571100,584710
2615,28,Andhra Pradesh,745,Alluri Sitharama Raju,4847,Paderu,584711,2,Vanagarai,,Rural,Inhabitant,1571200,584711
2616,28,Andhra Pradesh,745,Alluri Sitharama Raju,4847,Paderu,584712,2,Ranambadi,,Rural,Inhabitant,1571300,584712
2617,28,Andhra Pradesh,745,Alluri Sitharama Raju,4847,Paderu,584713,2,Sappiputtu,,Rural,Inhabitant,1571400,584713
2618,28,Andhra Pradesh,745,Alluri Sitharama Raju,4847,Paderu,584715,2,Vankachinta,,Rural,Inhabitant,1571600,584715
2619,28,Andhra Pradesh,745,Alluri Sitharama Raju,4847,Paderu,584716,2,Darapalle,,Rural,Inhabitant,1571700,584716
2620,28,Andhra Pradesh,745,Alluri Sitharama Raju,4847,Paderu,584720,2,Poolabanda,,Rural,Inhabitant,1572100,584720
2621,28,Andhra Pradesh,745,Alluri Sitharama Raju,4847,Paderu,584726,2,Kapparamajji,,Rural,Inhabitant,1572700,584726
2622,28,Andhra Pradesh,745,Alluri Sitharama Raju,4847,Paderu,584729,2,Kakki,,Rural,Inhabitant,1573000,584729
2623,28,Andhra Pradesh,745,Alluri Sitharama Raju,4847,Paderu,584731,2,Vanthalamamidi,,Rural,Inhabitant,1573200,584731
2624,28,Andhra Pradesh,745,Alluri Sitharama Raju,4847,Paderu,584736,2,Gulli,,Rural,Inhabitant,1573700,584736
2625,28,Andhra Pradesh,745,Alluri Sitharama Raju,4847,Paderu,584737,2,Rakota,,Rural,Inhabitant,1573800,584737
2626,28,Andhra Pradesh,745,Alluri Sitharama Raju,4847,Paderu,584738,2,Arlada,,Rural,Inhabitant,1573900,584738
2627,28,Andhra Pradesh,745,Alluri Sitharama Raju,4847,Paderu,584742,2,Bodichettu,,Rural,Inhabitant,1574300,584742
2628,28,Andhra Pradesh,745,Alluri Sitharama Raju,4847,Paderu,584743,2,Jangadapalle,,Rural,Inhabitant,1574400,584743
2629,28,Andhra Pradesh,745,Alluri Sitharama Raju,4847,Paderu,584745,2,Rangasingipadu,,Rural,Inhabitant,1574600,584745
2630,28,Andhra Pradesh,745,Alluri Sitharama Raju,4847,Paderu,584748,2,Balamalu,,Rural,Inhabitant,1574900,584748
2631,28,Andhra Pradesh,745,Alluri Sitharama Raju,4847,Paderu,584749,2,Pedapolam,,Rural,Inhabitant,1575000,584749
2632,28,Andhra Pradesh,745,Alluri Sitharama Raju,4847,Paderu,584750,2,Gaddibanda,,Rural,Inhabitant,1575100,584750
2633,28,Andhra Pradesh,745,Alluri Sitharama Raju,4847,Paderu,584754,2,Jodimamidi,,Rural,Inhabitant,1575500,584754
2634,28,Andhra Pradesh,745,Alluri Sitharama Raju,4847,Paderu,584756,2,Gadabavalasa @ Y.Kusarlapalem,,Rural,Inhabitant,1575700,584756
2635,28,Andhra Pradesh,745,Alluri Sitharama Raju,4847,Paderu,584759,2,Seekaipadu,,Rural,Inhabitant,1576000,584759
2636,28,Andhra Pradesh,745,Alluri Sitharama Raju,4847,Paderu,584760,2,Rellabanda,,Rural,Inhabitant,1576100,584760
2637,28,Andhra Pradesh,745,Alluri Sitharama Raju,4847,Paderu,584762,2,Ayinada,,Rural,Inhabitant,1576300,584762
2638,28,Andhra Pradesh,745,Alluri Sitharama Raju,4847,Paderu,584763,2,Gathapanuku,,Rural,Inhabitant,1576400,584763
2639,28,Andhra Pradesh,745,Alluri Sitharama Raju,4847,Paderu,584764,2,Dabbagaruvu,,Rural,Inhabitant,1576500,584764
2640,28,Andhra Pradesh,745,Alluri Sitharama Raju,4847,Paderu,584765,2,Salugu,,Rural,Inhabitant,1576600,584765
2641,28,Andhra Pradesh,745,Alluri Sitharama Raju,4847,Paderu,584766,2,Panasaputtu,,Rural,Inhabitant,1576700,584766
2642,28,Andhra Pradesh,745,Alluri Sitharama Raju,4847,Paderu,584768,2,Aluguru,,Rural,Inhabitant,1576900,584768
2643,28,Andhra Pradesh,745,Alluri Sitharama Raju,4847,Paderu,584769,2,Taragam,,Rural,Inhabitant,1577000,584769
2644,28,Andhra Pradesh,745,Alluri Sitharama Raju,4847,Paderu,584770,2,Pulusumamidi,,Rural,Inhabitant,1577100,584770
2645,28,Andhra Pradesh,745,Alluri Sitharama Raju,4847,Paderu,584772,2,Kothavooru,,Rural,Inhabitant,1577300,584772
2646,28,Andhra Pradesh,745,Alluri Sitharama Raju,4847,Paderu,584774,2,Mulagalapalem,,Rural,Inhabitant,1577500,584774
2647,28,Andhra Pradesh,745,Alluri Sitharama Raju,4847,Paderu,584775,2,Hanumanthapuram,,Rural,Inhabitant,1577600,584775
2648,28,Andhra Pradesh,745,Alluri Sitharama Raju,4847,Paderu,584781,2,Jeelugupadu,,Rural,Inhabitant,1578200,584781
2649,28,Andhra Pradesh,745,Alluri Sitharama Raju,4847,Paderu,584782,2,Dabbapadu,,Rural,Inhabitant,1578300,584782
2650,28,Andhra Pradesh,745,Alluri Sitharama Raju,4847,Paderu,584783,2,Jarragaruvu,,Rural,Inhabitant,1578400,584783
2651,28,Andhra Pradesh,745,Alluri Sitharama Raju,4847,Paderu,584784,2,Pandigunta,,Rural,Inhabitant,1578500,584784
2652,28,Andhra Pradesh,745,Alluri Sitharama Raju,4847,Paderu,584785,2,Kummaripalem,,Rural,Inhabitant,1578600,584785
2653,28,Andhra Pradesh,745,Alluri Sitharama Raju,4847,Paderu,584786,2,Bandalu,,Rural,Inhabitant,1578700,584786
2654,28,Andhra Pradesh,745,Alluri Sitharama Raju,4847,Paderu,584787,2,Karya Bandu,,Rural,Inhabitant,1578800,584787
2655,28,Andhra Pradesh,745,Alluri Sitharama Raju,4847,Paderu,584788,2,Godugula,,Rural,Inhabitant,1578900,584788
2656,28,Andhra Pradesh,745,Alluri Sitharama Raju,4847,Paderu,584789,2,Puttarajupadu,,Rural,Inhabitant,1579000,584789
2657,28,Andhra Pradesh,745,Alluri Sitharama Raju,4847,Paderu,584790,2,Vankachinta,,Rural,Inhabitant,1579100,584790
2658,28,Andhra Pradesh,745,Alluri Sitharama Raju,4847,Paderu,584794,2,Ganjigedda,,Rural,Inhabitant,1579500,584794
2659,28,Andhra Pradesh,745,Alluri Sitharama Raju,4847,Paderu,584795,2,Tiyyagedda,,Unmapped,Inhabitant,1579600,584795
2660,28,Andhra Pradesh,745,Alluri Sitharama Raju,4847,Paderu,930999,2,Mittalapadu,MITTALAPADU,Rural,Inhabitant,0,0
2661,28,Andhra Pradesh,745,Alluri Sitharama Raju,4847,Paderu,584587,2,Vurugonda,,Rural,Inhabitant,1558800,584587
2662,28,Andhra Pradesh,745,Alluri Sitharama Raju,4847,Paderu,584588,2,Bantrothuputtu,,Rural,Inhabitant,1558900,584588
2663,28,Andhra Pradesh,745,Alluri Sitharama Raju,4847,Paderu,584589,2,Barluputtu,,Rural,Inhabitant,1559000,584589
2664,28,Andhra Pradesh,745,Alluri Sitharama Raju,4847,Paderu,584594,2,Kinchuru,,Rural,Inhabitant,1559500,584594
2665,28,Andhra Pradesh,745,Alluri Sitharama Raju,4847,Paderu,584595,2,Ontiveedhulu,,Rural,Inhabitant,1559600,584595
2666,28,Andhra Pradesh,745,Alluri Sitharama Raju,4847,Paderu,584601,2,Vanchadagondi,,Rural,Inhabitant,1560200,584601
2667,28,Andhra Pradesh,745,Alluri Sitharama Raju,4847,Paderu,584603,2,Vallapuram,,Rural,Inhabitant,1560400,584603
2668,28,Andhra Pradesh,745,Alluri Sitharama Raju,4847,Paderu,584605,2,Jallipalle,,Rural,Inhabitant,1560600,584605
2669,28,Andhra Pradesh,745,Alluri Sitharama Raju,4847,Paderu,584609,2,Dabbaputtu,,Rural,Inhabitant,1561000,584609
2670,28,Andhra Pradesh,745,Alluri Sitharama Raju,4847,Paderu,584613,2,Raigedda,,Rural,Inhabitant,1561400,584613
2671,28,Andhra Pradesh,745,Alluri Sitharama Raju,4847,Paderu,584617,2,Vallai,,Rural,Inhabitant,1561800,584617
2672,28,Andhra Pradesh,745,Alluri Sitharama Raju,4847,Paderu,584618,2,Badimela,,Rural,Inhabitant,1561900,584618
2673,28,Andhra Pradesh,745,Alluri Sitharama Raju,4847,Paderu,584630,2,Iradapalle,,Rural,Inhabitant,1563100,584630
2674,28,Andhra Pradesh,745,Alluri Sitharama Raju,4847,Paderu,584632,2,Mandiputtu,,Rural,Inhabitant,1563300,584632
2675,28,Andhra Pradesh,745,Alluri Sitharama Raju,4847,Paderu,584636,2,Pamurelli,,Rural,Inhabitant,1563700,584636
2676,28,Andhra Pradesh,745,Alluri Sitharama Raju,4847,Paderu,584637,2,Guttulaputtu,,Rural,Inhabitant,1563800,584637
2677,28,Andhra Pradesh,745,Alluri Sitharama Raju,4847,Paderu,584638,2,Cheedimetta,,Rural,Inhabitant,1563900,584638
2678,28,Andhra Pradesh,745,Alluri Sitharama Raju,4847,Paderu,584639,2,Gabbangi,,Rural,Inhabitant,1564000,584639
2679,28,Andhra Pradesh,745,Alluri Sitharama Raju,4847,Paderu,584640,2,Dalimputtu,,Rural,Inhabitant,1564100,584640
2680,28,Andhra Pradesh,745,Alluri Sitharama Raju,4847,Paderu,584641,2,Panasapalle,,Rural,Inhabitant,1564200,584641
2681,28,Andhra Pradesh,745,Alluri Sitharama Raju,4847,Paderu,584642,2,Nereduvalasa,,Unmapped,Inhabitant,1564300,584642
2682,28,Andhra Pradesh,745,Alluri Sitharama Raju,4847,Paderu,584643,2,Devarapalle,,Rural,Inhabitant,1564400,584643
2683,28,Andhra Pradesh,745,Alluri Sitharama Raju,4847,Paderu,584650,2,Boddaputtu,,Rural,Inhabitant,1565100,584650
2684,28,Andhra Pradesh,745,Alluri Sitharama Raju,4847,Paderu,584652,2,Vanjangi,,Rural,Inhabitant,1565300,584652
2685,28,Andhra Pradesh,745,Alluri Sitharama Raju,4847,Paderu,584654,2,Sukuruputtu,,Rural,Inhabitant,1565500,584654
2686,28,Andhra Pradesh,745,Alluri Sitharama Raju,4847,Paderu,584655,2,Pathapaderu,,Rural,Inhabitant,1565600,584655
2687,28,Andhra Pradesh,745,Alluri Sitharama Raju,4847,Paderu,584657,2,Chintala Veedhi,,Rural,Inhabitant,1565800,584657
2688,28,Andhra Pradesh,745,Alluri Sitharama Raju,4847,Paderu,584658,2,Ubbediputtu,,Rural,Inhabitant,1565900,584658
2689,28,Andhra Pradesh,745,Alluri Sitharama Raju,4847,Paderu,584659,2,Kummariputtu,,Rural,Inhabitant,1566000,584659
2690,28,Andhra Pradesh,745,Alluri Sitharama Raju,4847,Paderu,584660,2,Sundruputtu,,Rural,Inhabitant,1566100,584660
2691,28,Andhra Pradesh,745,Alluri Sitharama Raju,4847,Paderu,584661,2,Kindangi,,Rural,Inhabitant,1566200,584661
2692,28,Andhra Pradesh,745,Alluri Sitharama Raju,4847,Paderu,584662,2,Varthanapalle,,Rural,Inhabitant,1566300,584662
2693,28,Andhra Pradesh,745,Alluri Sitharama Raju,4847,Paderu,584665,2,Gurupalle,,Rural,Inhabitant,1566600,584665
2694,28,Andhra Pradesh,745,Alluri Sitharama Raju,4847,Paderu,584667,2,Thotagunnalu,,Rural,Inhabitant,1566800,584667
2695,28,Andhra Pradesh,745,Alluri Sitharama Raju,4847,Paderu,584670,2,Karakaputtu,,Unmapped,Inhabitant,1567100,584670
2696,28,Andhra Pradesh,745,Alluri Sitharama Raju,4847,Paderu,584672,2,Bangarumetta,,Rural,Inhabitant,1567300,584672
2697,28,Andhra Pradesh,745,Alluri Sitharama Raju,4847,Paderu,584675,2,Kondamamidi,,Rural,Inhabitant,1567600,584675
2698,28,Andhra Pradesh,745,Alluri Sitharama Raju,4847,Paderu,584677,2,Seribayalu,,Rural,Inhabitant,1567800,584677
2699,28,Andhra Pradesh,745,Alluri Sitharama Raju,4847,Paderu,584678,2,Thumpada,,Rural,Inhabitant,1567900,584678
2700,28,Andhra Pradesh,745,Alluri Sitharama Raju,4847,Paderu,584679,2,Kujjali,,Rural,Inhabitant,1568000,584679
2701,28,Andhra Pradesh,745,Alluri Sitharama Raju,4847,Paderu,584680,2,Iskali,,Rural,Inhabitant,1568100,584680
2702,28,Andhra Pradesh,745,Alluri Sitharama Raju,4847,Paderu,584682,2,Yegumodaputtu,,Rural,Inhabitant,1568300,584682
2703,28,Andhra Pradesh,745,Alluri Sitharama Raju,4847,Paderu,584683,2,Kandrangipadu,,Rural,Inhabitant,1568400,584683
2704,28,Andhra Pradesh,745,Alluri Sitharama Raju,4847,Paderu,584684,2,Vanthadapalle,,Rural,Inhabitant,1568500,584684
2705,28,Andhra Pradesh,745,Alluri Sitharama Raju,4847,Paderu,584685,2,Allivara,,Rural,Inhabitant,1568600,584685
2706,28,Andhra Pradesh,745,Alluri Sitharama Raju,4847,Paderu,584687,2,Tamarapalle,,Rural,Inhabitant,1568800,584687
2707,28,Andhra Pradesh,745,Alluri Sitharama Raju,4847,Paderu,584694,2,Madigabanda,,Rural,Inhabitant,1569500,584694
2708,28,Andhra Pradesh,745,Alluri Sitharama Raju,4847,Paderu,584697,2,Gunjigedda,,Rural,Inhabitant,1569800,584697
2709,28,Andhra Pradesh,745,Alluri Sitharama Raju,4847,Paderu,584698,2,Joduru,,Rural,Inhabitant,1569900,584698
2710,28,Andhra Pradesh,745,Alluri Sitharama Raju,4847,Paderu,584700,2,Chodepalle,,Rural,Inhabitant,1570100,584700
2711,28,Andhra Pradesh,745,Alluri Sitharama Raju,4847,Paderu,584701,2,Kothapolam,,Rural,Inhabitant,1570200,584701
2712,28,Andhra Pradesh,745,Alluri Sitharama Raju,4847,Paderu,584703,2,Onuru,,Rural,Inhabitant,1570400,584703
2713,28,Andhra Pradesh,745,Alluri Sitharama Raju,4847,Paderu,584704,2,Vanjaparthi,,Rural,Inhabitant,1570500,584704
2714,28,Andhra Pradesh,745,Alluri Sitharama Raju,4847,Paderu,584705,2,Isakagaruvu,,Unmapped,Inhabitant,1570600,584705
2715,28,Andhra Pradesh,745,Alluri Sitharama Raju,4847,Paderu,584706,2,Chintada,,Rural,Inhabitant,1570700,584706
2716,28,Andhra Pradesh,745,Alluri Sitharama Raju,4847,Paderu,584708,2,Modapalle,,Rural,Inhabitant,1570900,584708
2717,28,Andhra Pradesh,745,Alluri Sitharama Raju,4847,Paderu,584714,2,Dallapalle,,Rural,Inhabitant,1571500,584714
2718,28,Andhra Pradesh,745,Alluri Sitharama Raju,4847,Paderu,584717,2,Burugu Chetru,,Rural,Inhabitant,1571800,584717
2719,28,Andhra Pradesh,745,Alluri Sitharama Raju,4847,Paderu,584718,2,Buradapadu,,Rural,Inhabitant,1571900,584718
2720,28,Andhra Pradesh,745,Alluri Sitharama Raju,4847,Paderu,584719,2,Lolangipadu,,Rural,Inhabitant,1572000,584719
2721,28,Andhra Pradesh,745,Alluri Sitharama Raju,4847,Paderu,584721,2,Kummarithumu,,Rural,Inhabitant,1572200,584721
2722,28,Andhra Pradesh,745,Alluri Sitharama Raju,4847,Paderu,584722,2,Nandigaruvu,,Rural,Inhabitant,1572300,584722
2723,28,Andhra Pradesh,745,Alluri Sitharama Raju,4847,Paderu,584723,2,Gulimiddhachatru,,Rural,Inhabitant,1572400,584723
2724,28,Andhra Pradesh,745,Alluri Sitharama Raju,4847,Paderu,584724,2,Piduguputtu,,Rural,Inhabitant,1572500,584724
2725,28,Andhra Pradesh,745,Alluri Sitharama Raju,4847,Paderu,584725,2,Edulapalem,,Rural,Inhabitant,1572600,584725
2726,28,Andhra Pradesh,745,Alluri Sitharama Raju,4847,Paderu,584727,2,Baddigummi,,Rural,Inhabitant,1572800,584727
2727,28,Andhra Pradesh,745,Alluri Sitharama Raju,4847,Paderu,584728,2,Kappalagondi,,Rural,Inhabitant,1572900,584728
2728,28,Andhra Pradesh,745,Alluri Sitharama Raju,4847,Paderu,584730,2,Chilakalagondi,,Rural,Inhabitant,1573100,584730
2729,28,Andhra Pradesh,745,Alluri Sitharama Raju,4847,Paderu,584732,2,Obarthi,,Rural,Inhabitant,1573300,584732
2730,28,Andhra Pradesh,745,Alluri Sitharama Raju,4847,Paderu,584733,2,Arjapuram,,Rural,Inhabitant,1573400,584733
2731,28,Andhra Pradesh,745,Alluri Sitharama Raju,4847,Paderu,584734,2,Kandulapalem,,Rural,Inhabitant,1573500,584734
2732,28,Andhra Pradesh,745,Alluri Sitharama Raju,4847,Paderu,584735,2,Pidugumamidi,,Rural,Inhabitant,1573600,584735
2733,28,Andhra Pradesh,745,Alluri Sitharama Raju,4847,Paderu,584740,2,Kodulolangipadu,,Rural,Inhabitant,1574100,584740
2734,28,Andhra Pradesh,745,Alluri Sitharama Raju,4847,Paderu,584741,2,Turumamidi,,Rural,Inhabitant,1574200,584741
2735,28,Andhra Pradesh,745,Alluri Sitharama Raju,4847,Paderu,584744,2,Malapadu,,Rural,Inhabitant,1574500,584744
2736,28,Andhra Pradesh,745,Alluri Sitharama Raju,4847,Paderu,584746,2,Goonagummi,,Rural,Inhabitant,1574700,584746
2737,28,Andhra Pradesh,745,Alluri Sitharama Raju,4847,Paderu,584747,2,Bidarigaruvu,,Rural,Inhabitant,1574800,584747
2738,28,Andhra Pradesh,745,Alluri Sitharama Raju,4847,Paderu,584751,2,Gullipalle,,Rural,Inhabitant,1575200,584751
2739,28,Andhra Pradesh,745,Alluri Sitharama Raju,4847,Paderu,584752,2,Cheemalapalle,,Rural,Inhabitant,1575300,584752
2740,28,Andhra Pradesh,745,Alluri Sitharama Raju,4847,Paderu,584753,2,Tagavulamamidi Garuvu,,Rural,Inhabitant,1575400,584753
2741,28,Andhra Pradesh,745,Alluri Sitharama Raju,4847,Paderu,584755,2,Pothampalem,,Rural,Inhabitant,1575600,584755
2742,28,Andhra Pradesh,745,Alluri Sitharama Raju,4847,Paderu,584757,2,Kondajeelugu,,Rural,Inhabitant,1575800,584757
2743,28,Andhra Pradesh,745,Alluri Sitharama Raju,4847,Paderu,584758,2,Raipalem,,Rural,Inhabitant,1575900,584758
2744,28,Andhra Pradesh,745,Alluri Sitharama Raju,4847,Paderu,584761,2,Kusarlapalem,,Rural,Inhabitant,1576200,584761
2745,28,Andhra Pradesh,745,Alluri Sitharama Raju,4847,Paderu,584767,2,Vanthalamamidi @ Gadilametta,,Rural,Inhabitant,1576800,584767
2746,28,Andhra Pradesh,745,Alluri Sitharama Raju,4847,Paderu,584771,2,Devapuram,,Rural,Inhabitant,1577200,584771
2747,28,Andhra Pradesh,745,Alluri Sitharama Raju,4847,Paderu,584773,2,Tummalapalem,,Rural,Inhabitant,1577400,584773
2748,28,Andhra Pradesh,745,Alluri Sitharama Raju,4847,Paderu,584776,2,Valasamamidi,,Rural,Inhabitant,1577700,584776
2749,28,Andhra Pradesh,745,Alluri Sitharama Raju,4847,Paderu,584777,2,Kangedda,,Rural,Inhabitant,1577800,584777
2750,28,Andhra Pradesh,745,Alluri Sitharama Raju,4847,Paderu,584778,2,Kotha Valasapadu,,Rural,Inhabitant,1577900,584778
2751,28,Andhra Pradesh,745,Alluri Sitharama Raju,4847,Paderu,584779,2,Antilova,,Rural,Inhabitant,1578000,584779
2752,28,Andhra Pradesh,745,Alluri Sitharama Raju,4847,Paderu,584780,2,Seekupanasa,,Rural,Inhabitant,1578100,584780
2753,28,Andhra Pradesh,745,Alluri Sitharama Raju,4847,Paderu,584791,2,Vanji Bathi,,Rural,Inhabitant,1579200,584791
2754,28,Andhra Pradesh,745,Alluri Sitharama Raju,4847,Paderu,584792,2,14 Mile Stone,,Rural,Inhabitant,1579300,584792
2755,28,Andhra Pradesh,745,Alluri Sitharama Raju,4847,Paderu,584793,2,Chantada,,Rural,Inhabitant,1579400,584793
2756,28,Andhra Pradesh,745,Alluri Sitharama Raju,4847,Paderu,584797,2,Varukaru,,Rural,Inhabitant,1579800,584797
2757,28,Andhra Pradesh,745,Alluri Sitharama Raju,4847,Paderu,584799,2,Vantipaka,,Rural,Inhabitant,1580000,584799
2758,28,Andhra Pradesh,745,Alluri Sitharama Raju,4847,Paderu,584800,2,Gudivada (Ct),,Rural,Inhabitant,41302000,584800
2759,28,Andhra Pradesh,745,Alluri Sitharama Raju,4847,Paderu,584628,2,Boddimamidi,,Unmapped,Forest,1562900,584628
2760,28,Andhra Pradesh,745,Alluri Sitharama Raju,4847,Paderu,931002,2,Cheekupanasa,cheekupanasa,Rural,Inhabitant,0,0
2761,28,Andhra Pradesh,745,Alluri Sitharama Raju,4847,Paderu,584596,4,Goddalipadu,,Rural,Inhabitant,1559700,584596
2762,28,Andhra Pradesh,745,Alluri Sitharama Raju,4847,Paderu,584739,4,Putikagaruvu,,Rural,Inhabitant,1574000,584739
2763,28,Andhra Pradesh,745,Alluri Sitharama Raju,4842,Peda Bayalu,583588,2,Chintalapadu,,Rural,Inhabitant,1459000,583588
2764,28,Andhra Pradesh,745,Alluri Sitharama Raju,4842,Peda Bayalu,583589,2,Peda Koravangi,,Rural,Inhabitant,1459100,583589
2765,28,Andhra Pradesh,745,Alluri Sitharama Raju,4842,Peda Bayalu,583591,2,Pathruda,,Rural,Inhabitant,1459300,583591
2766,28,Andhra Pradesh,745,Alluri Sitharama Raju,4842,Peda Bayalu,583594,2,Pedalova,,Rural,Inhabitant,1459600,583594
2767,28,Andhra Pradesh,745,Alluri Sitharama Raju,4842,Peda Bayalu,583596,2,Rudagomangi,,Rural,Inhabitant,1459800,583596
2768,28,Andhra Pradesh,745,Alluri Sitharama Raju,4842,Peda Bayalu,583597,2,Gadulaputtu,,Rural,Inhabitant,1459900,583597
2769,28,Andhra Pradesh,745,Alluri Sitharama Raju,4842,Peda Bayalu,583599,2,Murajaribanda,,Rural,Inhabitant,1460100,583599
2770,28,Andhra Pradesh,745,Alluri Sitharama Raju,4842,Peda Bayalu,583601,2,Nandimetta,,Rural,Inhabitant,1460300,583601
2771,28,Andhra Pradesh,745,Alluri Sitharama Raju,4842,Peda Bayalu,583604,2,Kallabu,,Rural,Inhabitant,1460600,583604
2772,28,Andhra Pradesh,745,Alluri Sitharama Raju,4842,Peda Bayalu,583609,2,Thogiriputtu @ Gadalaputtu,,Rural,Inhabitant,1461100,583609
2773,28,Andhra Pradesh,745,Alluri Sitharama Raju,4842,Peda Bayalu,583611,2,Gajjangiveedhi,,Rural,Inhabitant,1461300,583611
2774,28,Andhra Pradesh,745,Alluri Sitharama Raju,4842,Peda Bayalu,583612,2,Konaputtu,,Rural,Inhabitant,1461400,583612
2775,28,Andhra Pradesh,745,Alluri Sitharama Raju,4842,Peda Bayalu,583613,2,Mulakoravangi @ Chinakoravangi,,Rural,Inhabitant,1461500,583613
2776,28,Andhra Pradesh,745,Alluri Sitharama Raju,4842,Peda Bayalu,583615,2,Kothuru,,Rural,Inhabitant,1461700,583615
2777,28,Andhra Pradesh,745,Alluri Sitharama Raju,4842,Peda Bayalu,583616,2,Sapparlamamidi,,Rural,Inhabitant,1461800,583616
2778,28,Andhra Pradesh,745,Alluri Sitharama Raju,4842,Peda Bayalu,583617,2,Jamiguda,,Rural,Inhabitant,1461900,583617
2779,28,Andhra Pradesh,745,Alluri Sitharama Raju,4842,Peda Bayalu,583618,2,Karjuraguda,,Rural,Inhabitant,1462000,583618
2780,28,Andhra Pradesh,745,Alluri Sitharama Raju,4842,Peda Bayalu,583621,2,Rangaloya,,Rural,Inhabitant,1462300,583621
2781,28,Andhra Pradesh,745,Alluri Sitharama Raju,4842,Peda Bayalu,583624,2,Sindhiputtu,,Rural,Inhabitant,1462600,583624
2782,28,Andhra Pradesh,745,Alluri Sitharama Raju,4842,Peda Bayalu,583625,2,Lagabusi,,Rural,Inhabitant,1462700,583625
2783,28,Andhra Pradesh,745,Alluri Sitharama Raju,4842,Peda Bayalu,583629,2,Seekariputtu,,Rural,Inhabitant,1463100,583629
2784,28,Andhra Pradesh,745,Alluri Sitharama Raju,4842,Peda Bayalu,583631,2,Adugulaputtu,,Rural,Inhabitant,1463300,583631
2785,28,Andhra Pradesh,745,Alluri Sitharama Raju,4842,Peda Bayalu,583632,2,A.Kummariputtu,,Rural,Inhabitant,1463400,583632
2786,28,Andhra Pradesh,745,Alluri Sitharama Raju,4842,Peda Bayalu,583638,2,Panneda,,Rural,Inhabitant,1464000,583638
2787,28,Andhra Pradesh,745,Alluri Sitharama Raju,4842,Peda Bayalu,583640,2,Musidiputtu,,Rural,Inhabitant,1464200,583640
2788,28,Andhra Pradesh,745,Alluri Sitharama Raju,4842,Peda Bayalu,583641,2,Pedabayalu,,Rural,Inhabitant,1464300,583641
2789,28,Andhra Pradesh,745,Alluri Sitharama Raju,4842,Peda Bayalu,583642,2,Gondikodaputtu,,Rural,Inhabitant,1464400,583642
2790,28,Andhra Pradesh,745,Alluri Sitharama Raju,4842,Peda Bayalu,583643,2,Boddaputtu,,Rural,Inhabitant,1464500,583643
2791,28,Andhra Pradesh,745,Alluri Sitharama Raju,4842,Peda Bayalu,583644,2,Seethagunta,,Rural,Inhabitant,1464600,583644
2792,28,Andhra Pradesh,745,Alluri Sitharama Raju,4842,Peda Bayalu,583646,2,Mangabanda,,Rural,Inhabitant,1464800,583646
2793,28,Andhra Pradesh,745,Alluri Sitharama Raju,4842,Peda Bayalu,583648,2,Arimera,,Rural,Inhabitant,1465000,583648
2794,28,Andhra Pradesh,745,Alluri Sitharama Raju,4842,Peda Bayalu,583652,2,Luvvasingi,,Rural,Inhabitant,1465400,583652
2795,28,Andhra Pradesh,745,Alluri Sitharama Raju,4842,Peda Bayalu,583653,2,Puturu,,Rural,Inhabitant,1465500,583653
2796,28,Andhra Pradesh,745,Alluri Sitharama Raju,4842,Peda Bayalu,583655,2,Kappada,,Rural,Inhabitant,1465700,583655
2797,28,Andhra Pradesh,745,Alluri Sitharama Raju,4842,Peda Bayalu,583656,2,Lakyuputtu,,Rural,Inhabitant,1465800,583656
2798,28,Andhra Pradesh,745,Alluri Sitharama Raju,4842,Peda Bayalu,583657,2,Vaddeputtu,,Rural,Inhabitant,1465900,583657
2799,28,Andhra Pradesh,745,Alluri Sitharama Raju,4842,Peda Bayalu,583658,2,Jangamputtu,,Rural,Inhabitant,1466000,583658
2800,28,Andhra Pradesh,745,Alluri Sitharama Raju,4842,Peda Bayalu,583659,2,Laxmipeta,,Rural,Inhabitant,1466100,583659
2801,28,Andhra Pradesh,745,Alluri Sitharama Raju,4842,Peda Bayalu,583663,2,Kuyyaba,,Rural,Inhabitant,1466500,583663
2802,28,Andhra Pradesh,745,Alluri Sitharama Raju,4842,Peda Bayalu,583664,2,Jarsingi,,Rural,Inhabitant,1466600,583664
2803,28,Andhra Pradesh,745,Alluri Sitharama Raju,4842,Peda Bayalu,583665,2,Gulleluputtu,,Rural,Inhabitant,1466700,583665
2804,28,Andhra Pradesh,745,Alluri Sitharama Raju,4842,Peda Bayalu,583666,2,Sailamkota,,Rural,Inhabitant,1466800,583666
2805,28,Andhra Pradesh,745,Alluri Sitharama Raju,4842,Peda Bayalu,583667,2,Sarigaguda,,Rural,Inhabitant,1466900,583667
2806,28,Andhra Pradesh,745,Alluri Sitharama Raju,4842,Peda Bayalu,583671,2,Jadiguda,,Rural,Inhabitant,1467300,583671
2807,28,Andhra Pradesh,745,Alluri Sitharama Raju,4842,Peda Bayalu,583672,2,Taggupadu,,Rural,Inhabitant,1467400,583672
2808,28,Andhra Pradesh,745,Alluri Sitharama Raju,4842,Peda Bayalu,583673,2,Nanubaru,,Rural,Inhabitant,1467500,583673
2809,28,Andhra Pradesh,745,Alluri Sitharama Raju,4842,Peda Bayalu,583675,2,Kondru,,Rural,Inhabitant,1467700,583675
2810,28,Andhra Pradesh,745,Alluri Sitharama Raju,4842,Peda Bayalu,583677,2,Injari,,Rural,Inhabitant,1467900,583677
2811,28,Andhra Pradesh,745,Alluri Sitharama Raju,4842,Peda Bayalu,583678,2,Chintagaruvu,,Rural,Inhabitant,1468000,583678
2812,28,Andhra Pradesh,745,Alluri Sitharama Raju,4842,Peda Bayalu,583680,2,Tarabu,,Rural,Inhabitant,1468200,583680
2813,28,Andhra Pradesh,745,Alluri Sitharama Raju,4842,Peda Bayalu,583681,2,Ginnelakota,,Rural,Inhabitant,1468300,583681
2814,28,Andhra Pradesh,745,Alluri Sitharama Raju,4842,Peda Bayalu,583682,2,Gaburumamidi,,Rural,Inhabitant,1468400,583682
2815,28,Andhra Pradesh,745,Alluri Sitharama Raju,4842,Peda Bayalu,583683,2,Buruguveedhi,,Rural,Inhabitant,1468500,583683
2816,28,Andhra Pradesh,745,Alluri Sitharama Raju,4842,Peda Bayalu,583684,2,Ranjalamamidi,,Rural,Inhabitant,1468600,583684
2817,28,Andhra Pradesh,745,Alluri Sitharama Raju,4842,Peda Bayalu,583685,2,Goddiputtu,,Rural,Inhabitant,1468700,583685
2818,28,Andhra Pradesh,745,Alluri Sitharama Raju,4842,Peda Bayalu,583686,2,Gadepalle,,Rural,Inhabitant,1468800,583686
2819,28,Andhra Pradesh,745,Alluri Sitharama Raju,4842,Peda Bayalu,583687,2,Pedapalle,,Rural,Inhabitant,1468900,583687
2820,28,Andhra Pradesh,745,Alluri Sitharama Raju,4842,Peda Bayalu,583688,2,Allamputtu,,Rural,Inhabitant,1469000,583688
2821,28,Andhra Pradesh,745,Alluri Sitharama Raju,4842,Peda Bayalu,583690,2,Seekari,,Rural,Inhabitant,1469200,583690
2822,28,Andhra Pradesh,745,Alluri Sitharama Raju,4842,Peda Bayalu,583698,2,Kaguvalasa,,Rural,Inhabitant,1470000,583698
2823,28,Andhra Pradesh,745,Alluri Sitharama Raju,4842,Peda Bayalu,583699,2,Palavalasa,,Rural,Inhabitant,1470100,583699
2824,28,Andhra Pradesh,745,Alluri Sitharama Raju,4842,Peda Bayalu,583702,2,Jadiguda,,Rural,Inhabitant,1470400,583702
2825,28,Andhra Pradesh,745,Alluri Sitharama Raju,4842,Peda Bayalu,583703,2,Limmagunta,,Rural,Inhabitant,1470500,583703
2826,28,Andhra Pradesh,745,Alluri Sitharama Raju,4842,Peda Bayalu,583705,2,Ukkurba,,Rural,Inhabitant,1470700,583705
2827,28,Andhra Pradesh,745,Alluri Sitharama Raju,4842,Peda Bayalu,583708,2,Kudasingi,,Rural,Inhabitant,1471000,583708
2828,28,Andhra Pradesh,745,Alluri Sitharama Raju,4842,Peda Bayalu,583709,2,Mondikota,,Rural,Inhabitant,1471100,583709
2829,28,Andhra Pradesh,745,Alluri Sitharama Raju,4842,Peda Bayalu,583710,2,Gadugupalle,,Rural,Inhabitant,1471200,583710
2830,28,Andhra Pradesh,745,Alluri Sitharama Raju,4842,Peda Bayalu,583711,2,Karugonda,,Rural,Inhabitant,1471300,583711
2831,28,Andhra Pradesh,745,Alluri Sitharama Raju,4842,Peda Bayalu,583712,2,Jangamputtu,,Rural,Inhabitant,1471400,583712
2832,28,Andhra Pradesh,745,Alluri Sitharama Raju,4842,Peda Bayalu,583713,2,Jarupulapedabayalu,,Rural,Inhabitant,1471500,583713
2833,28,Andhra Pradesh,745,Alluri Sitharama Raju,4842,Peda Bayalu,583715,2,Vancharba,,Rural,Inhabitant,1471700,583715
2834,28,Andhra Pradesh,745,Alluri Sitharama Raju,4842,Peda Bayalu,583718,2,Pittalaborra,,Rural,Inhabitant,1472000,583718
2835,28,Andhra Pradesh,745,Alluri Sitharama Raju,4842,Peda Bayalu,583721,2,Basula,,Rural,Inhabitant,1472300,583721
2836,28,Andhra Pradesh,745,Alluri Sitharama Raju,4842,Peda Bayalu,583722,2,Bongujangi,,Rural,Inhabitant,1472400,583722
2837,28,Andhra Pradesh,745,Alluri Sitharama Raju,4842,Peda Bayalu,583724,2,Inupatigalu,,Rural,Inhabitant,1472600,583724
2838,28,Andhra Pradesh,745,Alluri Sitharama Raju,4842,Peda Bayalu,583728,2,Gindali,,Rural,Inhabitant,1473000,583728
2839,28,Andhra Pradesh,745,Alluri Sitharama Raju,4842,Peda Bayalu,583729,2,Malaseethakota,,Rural,Inhabitant,1473100,583729
2840,28,Andhra Pradesh,745,Alluri Sitharama Raju,4842,Peda Bayalu,583730,2,Ginnegaruvu,,Rural,Inhabitant,1473200,583730
2841,28,Andhra Pradesh,745,Alluri Sitharama Raju,4842,Peda Bayalu,583731,2,Nadimivada,,Rural,Inhabitant,1473300,583731
2842,28,Andhra Pradesh,745,Alluri Sitharama Raju,4842,Peda Bayalu,583735,2,Landulu,,Rural,Inhabitant,1473700,583735
2843,28,Andhra Pradesh,745,Alluri Sitharama Raju,4842,Peda Bayalu,583736,2,Gocheri,,Rural,Inhabitant,1473800,583736
2844,28,Andhra Pradesh,745,Alluri Sitharama Raju,4842,Peda Bayalu,583737,2,Vangarai,,Rural,Inhabitant,1473900,583737
2845,28,Andhra Pradesh,745,Alluri Sitharama Raju,4842,Peda Bayalu,583738,2,Kothuru,,Rural,Inhabitant,1474000,583738
2846,28,Andhra Pradesh,745,Alluri Sitharama Raju,4842,Peda Bayalu,583739,2,Tarla Singi,,Rural,Inhabitant,1474100,583739
2847,28,Andhra Pradesh,745,Alluri Sitharama Raju,4842,Peda Bayalu,583740,2,Moyyalagummi,,Rural,Inhabitant,1474200,583740
2848,28,Andhra Pradesh,745,Alluri Sitharama Raju,4842,Peda Bayalu,583741,2,Kinchuru,,Rural,Inhabitant,1474300,583741
2849,28,Andhra Pradesh,745,Alluri Sitharama Raju,4842,Peda Bayalu,583742,2,Peda Vancharangi,,Rural,Inhabitant,1474400,583742
2850,28,Andhra Pradesh,745,Alluri Sitharama Raju,4842,Peda Bayalu,583747,2,Kangulu,,Rural,Inhabitant,1474900,583747
2851,28,Andhra Pradesh,745,Alluri Sitharama Raju,4842,Peda Bayalu,583750,2,Thurakalavalasa,,Rural,Inhabitant,1475200,583750
2852,28,Andhra Pradesh,745,Alluri Sitharama Raju,4842,Peda Bayalu,583755,2,Bongithali,,Rural,Inhabitant,1475700,583755
2853,28,Andhra Pradesh,745,Alluri Sitharama Raju,4842,Peda Bayalu,583759,2,Rai Mamidi,,Rural,Inhabitant,1476100,583759
2854,28,Andhra Pradesh,745,Alluri Sitharama Raju,4842,Peda Bayalu,583760,2,Kunthuruputtu,,Rural,Inhabitant,1476200,583760
2855,28,Andhra Pradesh,745,Alluri Sitharama Raju,4842,Peda Bayalu,583763,2,Seemakonda,,Rural,Inhabitant,1476500,583763
2856,28,Andhra Pradesh,745,Alluri Sitharama Raju,4842,Peda Bayalu,583764,2,Chitrakayaputtu,,Rural,Inhabitant,1476600,583764
2857,28,Andhra Pradesh,745,Alluri Sitharama Raju,4842,Peda Bayalu,583765,2,Rallagongu,,Rural,Inhabitant,1476700,583765
2858,28,Andhra Pradesh,745,Alluri Sitharama Raju,4842,Peda Bayalu,583767,2,Peparuvalasa @ Kumborla,,Rural,Inhabitant,1476900,583767
2859,28,Andhra Pradesh,745,Alluri Sitharama Raju,4842,Peda Bayalu,583773,2,Gabuduputtu,,Rural,Inhabitant,1477500,583773
2860,28,Andhra Pradesh,745,Alluri Sitharama Raju,4842,Peda Bayalu,583775,2,Lichabu,,Rural,Inhabitant,1477700,583775
2861,28,Andhra Pradesh,745,Alluri Sitharama Raju,4842,Peda Bayalu,583776,2,Sujjari,,Rural,Inhabitant,1477800,583776
2862,28,Andhra Pradesh,745,Alluri Sitharama Raju,4842,Peda Bayalu,583779,2,Duddupalle,,Rural,Inhabitant,1478100,583779
2863,28,Andhra Pradesh,745,Alluri Sitharama Raju,4842,Peda Bayalu,583782,2,Jalampalle,,Rural,Inhabitant,1478400,583782
2864,28,Andhra Pradesh,745,Alluri Sitharama Raju,4842,Peda Bayalu,583784,2,Gajjedi,,Rural,Inhabitant,1478600,583784
2865,28,Andhra Pradesh,745,Alluri Sitharama Raju,4842,Peda Bayalu,583786,2,Mettalagummi,,Rural,Inhabitant,1478800,583786
2866,28,Andhra Pradesh,745,Alluri Sitharama Raju,4842,Peda Bayalu,583787,2,Amedelu,,Rural,Inhabitant,1478900,583787
2867,28,Andhra Pradesh,745,Alluri Sitharama Raju,4842,Peda Bayalu,583789,2,Pothulagaruvu,,Rural,Inhabitant,1479100,583789
2868,28,Andhra Pradesh,745,Alluri Sitharama Raju,4842,Peda Bayalu,583790,2,Devarajumerakalu,,Rural,Inhabitant,1479200,583790
2869,28,Andhra Pradesh,745,Alluri Sitharama Raju,4842,Peda Bayalu,583792,2,Nittaputtu,,Rural,Inhabitant,1479400,583792
2870,28,Andhra Pradesh,745,Alluri Sitharama Raju,4842,Peda Bayalu,583795,2,Borraneredu,,Rural,Inhabitant,1479700,583795
2871,28,Andhra Pradesh,745,Alluri Sitharama Raju,4842,Peda Bayalu,583796,2,Kondemulu,,Rural,Inhabitant,1479800,583796
2872,28,Andhra Pradesh,745,Alluri Sitharama Raju,4842,Peda Bayalu,583797,2,Maggamveedhi,,Rural,Inhabitant,1479900,583797
2873,28,Andhra Pradesh,745,Alluri Sitharama Raju,4842,Peda Bayalu,583798,2,Chilakalaputtu,,Rural,Inhabitant,1480000,583798
2874,28,Andhra Pradesh,745,Alluri Sitharama Raju,4842,Peda Bayalu,583799,2,Lingeti,,Rural,Inhabitant,1480100,583799
2875,28,Andhra Pradesh,745,Alluri Sitharama Raju,4842,Peda Bayalu,583801,2,Lingeruputtu,,Rural,Inhabitant,1480300,583801
2876,28,Andhra Pradesh,745,Alluri Sitharama Raju,4842,Peda Bayalu,583802,2,Mulagaruvu,,Rural,Inhabitant,1480400,583802
2877,28,Andhra Pradesh,745,Alluri Sitharama Raju,4842,Peda Bayalu,583803,2,Talabirada,,Rural,Inhabitant,1480500,583803
2878,28,Andhra Pradesh,745,Alluri Sitharama Raju,4842,Peda Bayalu,583804,2,Savidimamidi,,Rural,Inhabitant,1480600,583804
2879,28,Andhra Pradesh,745,Alluri Sitharama Raju,4842,Peda Bayalu,583806,2,Maredupalle,,Rural,Inhabitant,1480800,583806
2880,28,Andhra Pradesh,745,Alluri Sitharama Raju,4842,Peda Bayalu,583807,2,Vanabarangi,,Rural,Inhabitant,1480900,583807
2881,28,Andhra Pradesh,745,Alluri Sitharama Raju,4842,Peda Bayalu,583812,2,Kandulagunta,,Rural,Inhabitant,1481400,583812
2882,28,Andhra Pradesh,745,Alluri Sitharama Raju,4842,Peda Bayalu,583813,2,Kunthurla,,Rural,Inhabitant,1481500,583813
2883,28,Andhra Pradesh,745,Alluri Sitharama Raju,4842,Peda Bayalu,583814,2,Borramamidi,,Rural,Inhabitant,1481600,583814
2884,28,Andhra Pradesh,745,Alluri Sitharama Raju,4842,Peda Bayalu,583816,2,Sampangiputtu,,Rural,Inhabitant,1481800,583816
2885,28,Andhra Pradesh,745,Alluri Sitharama Raju,4842,Peda Bayalu,583820,2,Bandamamidi,,Rural,Inhabitant,1482200,583820
2886,28,Andhra Pradesh,745,Alluri Sitharama Raju,4842,Peda Bayalu,583821,2,Matchepalle,,Rural,Inhabitant,1482300,583821
2887,28,Andhra Pradesh,745,Alluri Sitharama Raju,4842,Peda Bayalu,583822,2,Aradagudem,,Rural,Inhabitant,1482400,583822
2888,28,Andhra Pradesh,745,Alluri Sitharama Raju,4842,Peda Bayalu,583823,2,Puligondi,,Rural,Inhabitant,1482500,583823
2889,28,Andhra Pradesh,745,Alluri Sitharama Raju,4842,Peda Bayalu,583825,2,Cheepurugondi,,Rural,Inhabitant,1482700,583825
2890,28,Andhra Pradesh,745,Alluri Sitharama Raju,4842,Peda Bayalu,583827,2,Kambalabayalu,,Rural,Inhabitant,1482900,583827
2891,28,Andhra Pradesh,745,Alluri Sitharama Raju,4842,Peda Bayalu,583830,2,Bondaputtu,,Rural,Inhabitant,1483200,583830
2892,28,Andhra Pradesh,745,Alluri Sitharama Raju,4842,Peda Bayalu,583833,2,Jayantikota,,Rural,Inhabitant,1483500,583833
2893,28,Andhra Pradesh,745,Alluri Sitharama Raju,4842,Peda Bayalu,583834,2,Tulabharangi,,Rural,Inhabitant,1483600,583834
2894,28,Andhra Pradesh,745,Alluri Sitharama Raju,4842,Peda Bayalu,583836,2,Merakachinta,,Rural,Inhabitant,1483800,583836
2895,28,Andhra Pradesh,745,Alluri Sitharama Raju,4842,Peda Bayalu,583838,2,Barrangibanda,,Rural,Inhabitant,1484000,583838
2896,28,Andhra Pradesh,745,Alluri Sitharama Raju,4842,Peda Bayalu,583839,2,Bangaruputtu,,Rural,Inhabitant,1484100,583839
2897,28,Andhra Pradesh,745,Alluri Sitharama Raju,4842,Peda Bayalu,583840,2,Pedakondapalle,,Rural,Inhabitant,1484200,583840
2898,28,Andhra Pradesh,745,Alluri Sitharama Raju,4842,Peda Bayalu,583842,2,Gorcheri,,Rural,Inhabitant,1484400,583842
2899,28,Andhra Pradesh,745,Alluri Sitharama Raju,4842,Peda Bayalu,583846,2,Buradamamidi,,Rural,Inhabitant,1484800,583846
2900,28,Andhra Pradesh,745,Alluri Sitharama Raju,4842,Peda Bayalu,930996,2,Kagula,కాగుల,Rural,Inhabitant,0,0
2901,28,Andhra Pradesh,745,Alluri Sitharama Raju,4842,Peda Bayalu,583576,2,Dabbaputtu,,Rural,Inhabitant,1457800,583576
2902,28,Andhra Pradesh,745,Alluri Sitharama Raju,4842,Peda Bayalu,583577,2,Rudakota,,Rural,Inhabitant,1457900,583577
2903,28,Andhra Pradesh,745,Alluri Sitharama Raju,4842,Peda Bayalu,583582,2,Borlada @ Badama,,Rural,Inhabitant,1458400,583582
2904,28,Andhra Pradesh,745,Alluri Sitharama Raju,4842,Peda Bayalu,583584,2,Kummariveedhi,,Rural,Inhabitant,1458600,583584
2905,28,Andhra Pradesh,745,Alluri Sitharama Raju,4842,Peda Bayalu,583585,2,China Mukhi Puttu,,Rural,Inhabitant,1458700,583585
2906,28,Andhra Pradesh,745,Alluri Sitharama Raju,4842,Peda Bayalu,583590,2,Buradagunta,,Rural,Inhabitant,1459200,583590
2907,28,Andhra Pradesh,745,Alluri Sitharama Raju,4842,Peda Bayalu,583592,2,Thangulaputtu,,Rural,Inhabitant,1459400,583592
2908,28,Andhra Pradesh,745,Alluri Sitharama Raju,4842,Peda Bayalu,583593,2,Vallangiputtu,,Rural,Inhabitant,1459500,583593
2909,28,Andhra Pradesh,745,Alluri Sitharama Raju,4842,Peda Bayalu,583595,2,Rundalamputtu,,Rural,Inhabitant,1459700,583595
2910,28,Andhra Pradesh,745,Alluri Sitharama Raju,4842,Peda Bayalu,583598,2,Thirangi,,Rural,Inhabitant,1460000,583598
2911,28,Andhra Pradesh,745,Alluri Sitharama Raju,4842,Peda Bayalu,583600,2,Peddaputtu,,Rural,Inhabitant,1460200,583600
2912,28,Andhra Pradesh,745,Alluri Sitharama Raju,4842,Peda Bayalu,583602,2,Kurtada,,Rural,Inhabitant,1460400,583602
2913,28,Andhra Pradesh,745,Alluri Sitharama Raju,4842,Peda Bayalu,583603,2,Laxmipuram,,Rural,Inhabitant,1460500,583603
2914,28,Andhra Pradesh,745,Alluri Sitharama Raju,4842,Peda Bayalu,583605,2,Ambapada,,Rural,Inhabitant,1460700,583605
2915,28,Andhra Pradesh,745,Alluri Sitharama Raju,4842,Peda Bayalu,583606,2,Vanchediputtu,,Rural,Inhabitant,1460800,583606
2916,28,Andhra Pradesh,745,Alluri Sitharama Raju,4842,Peda Bayalu,583607,2,Busiputtu,,Rural,Inhabitant,1460900,583607
2917,28,Andhra Pradesh,745,Alluri Sitharama Raju,4842,Peda Bayalu,583608,2,Varidaguda,,Rural,Inhabitant,1461000,583608
2918,28,Andhra Pradesh,745,Alluri Sitharama Raju,4842,Peda Bayalu,583610,2,Gurralabailu,,Rural,Inhabitant,1461200,583610
2919,28,Andhra Pradesh,745,Alluri Sitharama Raju,4842,Peda Bayalu,583614,2,Limmagaruvu,,Rural,Inhabitant,1461600,583614
2920,28,Andhra Pradesh,745,Alluri Sitharama Raju,4842,Peda Bayalu,583619,2,Poipalle,,Rural,Inhabitant,1462100,583619
2921,28,Andhra Pradesh,745,Alluri Sitharama Raju,4842,Peda Bayalu,583620,2,Arlabu,,Rural,Inhabitant,1462200,583620
2922,28,Andhra Pradesh,745,Alluri Sitharama Raju,4842,Peda Bayalu,583622,2,Yeguvabondapalle,,Rural,Inhabitant,1462400,583622
2923,28,Andhra Pradesh,745,Alluri Sitharama Raju,4842,Peda Bayalu,583623,2,Deguvabondapalle,,Rural,Inhabitant,1462500,583623
2924,28,Andhra Pradesh,745,Alluri Sitharama Raju,4842,Peda Bayalu,583626,2,Bangarumetta,,Rural,Inhabitant,1462800,583626
2925,28,Andhra Pradesh,745,Alluri Sitharama Raju,4842,Peda Bayalu,583627,2,Lakyaputtu,,Rural,Inhabitant,1462900,583627
2926,28,Andhra Pradesh,745,Alluri Sitharama Raju,4842,Peda Bayalu,583628,2,Alamagundam,,Rural,Inhabitant,1463000,583628
2927,28,Andhra Pradesh,745,Alluri Sitharama Raju,4842,Peda Bayalu,583630,2,Thorangulu,,Rural,Inhabitant,1463200,583630
2928,28,Andhra Pradesh,745,Alluri Sitharama Raju,4842,Peda Bayalu,583633,2,Thamarada,,Rural,Inhabitant,1463500,583633
2929,28,Andhra Pradesh,745,Alluri Sitharama Raju,4842,Peda Bayalu,583634,2,Labjari,,Rural,Inhabitant,1463600,583634
2930,28,Andhra Pradesh,745,Alluri Sitharama Raju,4842,Peda Bayalu,583635,2,Sampangiputtu,,Rural,Inhabitant,1463700,583635
2931,28,Andhra Pradesh,745,Alluri Sitharama Raju,4842,Peda Bayalu,583636,2,Kittukonda,,Rural,Inhabitant,1463800,583636
2932,28,Andhra Pradesh,745,Alluri Sitharama Raju,4842,Peda Bayalu,583637,2,Rogulu,,Rural,Inhabitant,1463900,583637
2933,28,Andhra Pradesh,745,Alluri Sitharama Raju,4842,Peda Bayalu,583639,2,Chittamrai,,Rural,Inhabitant,1464100,583639
2934,28,Andhra Pradesh,745,Alluri Sitharama Raju,4842,Peda Bayalu,583645,2,Chitraiputtu,,Rural,Inhabitant,1464700,583645
2935,28,Andhra Pradesh,745,Alluri Sitharama Raju,4842,Peda Bayalu,583647,2,Chuttumetta,,Rural,Inhabitant,1464900,583647
2936,28,Andhra Pradesh,745,Alluri Sitharama Raju,4842,Peda Bayalu,583649,2,Sariyapalle,,Rural,Inhabitant,1465100,583649
2937,28,Andhra Pradesh,745,Alluri Sitharama Raju,4842,Peda Bayalu,583650,2,Kilumulu,,Rural,Inhabitant,1465200,583650
2938,28,Andhra Pradesh,745,Alluri Sitharama Raju,4842,Peda Bayalu,583651,2,Koduvalasa,,Rural,Inhabitant,1465300,583651
2939,28,Andhra Pradesh,745,Alluri Sitharama Raju,4842,Peda Bayalu,583654,2,Mandiba,,Rural,Inhabitant,1465600,583654
2940,28,Andhra Pradesh,745,Alluri Sitharama Raju,4842,Peda Bayalu,583660,2,Tamaraveedhi,,Rural,Inhabitant,1466200,583660
2941,28,Andhra Pradesh,745,Alluri Sitharama Raju,4842,Peda Bayalu,583661,2,Thotadaputtu,,Rural,Inhabitant,1466300,583661
2942,28,Andhra Pradesh,745,Alluri Sitharama Raju,4842,Peda Bayalu,583662,2,Buruguveedhi,,Rural,Inhabitant,1466400,583662
2943,28,Andhra Pradesh,745,Alluri Sitharama Raju,4842,Peda Bayalu,583668,2,Gunjuvada,,Rural,Inhabitant,1467000,583668
2944,28,Andhra Pradesh,745,Alluri Sitharama Raju,4842,Peda Bayalu,583669,2,Pinaravalli,,Rural,Inhabitant,1467100,583669
2945,28,Andhra Pradesh,745,Alluri Sitharama Raju,4842,Peda Bayalu,583670,2,Kenduguda,,Rural,Inhabitant,1467200,583670
2946,28,Andhra Pradesh,745,Alluri Sitharama Raju,4842,Peda Bayalu,583674,2,Sakirevu,,Rural,Inhabitant,1467600,583674
2947,28,Andhra Pradesh,745,Alluri Sitharama Raju,4842,Peda Bayalu,583676,2,Tallabu,,Rural,Inhabitant,1467800,583676
2948,28,Andhra Pradesh,745,Alluri Sitharama Raju,4842,Peda Bayalu,583679,2,Pedapadu,,Rural,Inhabitant,1468100,583679
2949,28,Andhra Pradesh,745,Alluri Sitharama Raju,4842,Peda Bayalu,583689,2,Ballapurai,,Rural,Inhabitant,1469100,583689
2950,28,Andhra Pradesh,745,Alluri Sitharama Raju,4842,Peda Bayalu,583691,2,Pulusumamidi,,Rural,Inhabitant,1469300,583691
2951,28,Andhra Pradesh,745,Alluri Sitharama Raju,4842,Peda Bayalu,583692,2,Vellapalem,,Rural,Inhabitant,1469400,583692
2952,28,Andhra Pradesh,745,Alluri Sitharama Raju,4842,Peda Bayalu,583693,2,Bongadari,,Rural,Inhabitant,1469500,583693
2953,28,Andhra Pradesh,745,Alluri Sitharama Raju,4842,Peda Bayalu,583694,2,Badama,,Rural,Inhabitant,1469600,583694
2954,28,Andhra Pradesh,745,Alluri Sitharama Raju,4842,Peda Bayalu,583695,2,Kavurupalle,,Rural,Inhabitant,1469700,583695
2955,28,Andhra Pradesh,745,Alluri Sitharama Raju,4842,Peda Bayalu,583696,2,Puruguduputtu @ Vanuguputtu,,Rural,Inhabitant,1469800,583696
2956,28,Andhra Pradesh,745,Alluri Sitharama Raju,4842,Peda Bayalu,583697,2,Arada Kota,,Rural,Inhabitant,1469900,583697
2957,28,Andhra Pradesh,745,Alluri Sitharama Raju,4842,Peda Bayalu,583700,2,Thotalagondi,,Rural,Inhabitant,1470200,583700
2958,28,Andhra Pradesh,745,Alluri Sitharama Raju,4842,Peda Bayalu,583701,2,Pandigunta,,Rural,Inhabitant,1470300,583701
2959,28,Andhra Pradesh,745,Alluri Sitharama Raju,4842,Peda Bayalu,583704,2,Thadivalasa,,Rural,Inhabitant,1470600,583704
2960,28,Andhra Pradesh,745,Alluri Sitharama Raju,4842,Peda Bayalu,583706,2,Buruguputtu,,Rural,Inhabitant,1470800,583706
2961,28,Andhra Pradesh,745,Alluri Sitharama Raju,4842,Peda Bayalu,583707,2,Vanabangi,,Rural,Inhabitant,1470900,583707
2962,28,Andhra Pradesh,745,Alluri Sitharama Raju,4842,Peda Bayalu,583714,2,Chinavancharangi,,Rural,Inhabitant,1471600,583714
2963,28,Andhra Pradesh,745,Alluri Sitharama Raju,4842,Peda Bayalu,583716,2,Pedagullelu,,Rural,Inhabitant,1471800,583716
2964,28,Andhra Pradesh,745,Alluri Sitharama Raju,4842,Peda Bayalu,583717,2,Chinagullelu,,Rural,Inhabitant,1471900,583717
2965,28,Andhra Pradesh,745,Alluri Sitharama Raju,4842,Peda Bayalu,583719,2,Boddagondi,,Rural,Inhabitant,1472100,583719
2966,28,Andhra Pradesh,745,Alluri Sitharama Raju,4842,Peda Bayalu,583720,2,Puttakota,,Rural,Inhabitant,1472200,583720
2967,28,Andhra Pradesh,745,Alluri Sitharama Raju,4842,Peda Bayalu,583723,2,Mettaguda,,Rural,Inhabitant,1472500,583723
2968,28,Andhra Pradesh,745,Alluri Sitharama Raju,4842,Peda Bayalu,583725,2,Tamalabu,,Rural,Inhabitant,1472700,583725
2969,28,Andhra Pradesh,745,Alluri Sitharama Raju,4842,Peda Bayalu,583726,2,Chamagedda,,Rural,Inhabitant,1472800,583726
2970,28,Andhra Pradesh,745,Alluri Sitharama Raju,4842,Peda Bayalu,583727,2,Kurajangi,,Rural,Inhabitant,1472900,583727
2971,28,Andhra Pradesh,745,Alluri Sitharama Raju,4842,Peda Bayalu,583732,2,Mulalova,,Rural,Inhabitant,1473400,583732
2972,28,Andhra Pradesh,745,Alluri Sitharama Raju,4842,Peda Bayalu,583733,2,Malliputtu,,Rural,Inhabitant,1473500,583733
2973,28,Andhra Pradesh,745,Alluri Sitharama Raju,4842,Peda Bayalu,583734,2,Kuncharai,,Rural,Inhabitant,1473600,583734
2974,28,Andhra Pradesh,745,Alluri Sitharama Raju,4842,Peda Bayalu,583743,2,Marriputtu,,Rural,Inhabitant,1474500,583743
2975,28,Andhra Pradesh,745,Alluri Sitharama Raju,4842,Peda Bayalu,583744,2,Gallelu,,Rural,Inhabitant,1474600,583744
2976,28,Andhra Pradesh,745,Alluri Sitharama Raju,4842,Peda Bayalu,583745,2,Vannadi,,Rural,Inhabitant,1474700,583745
2977,28,Andhra Pradesh,745,Alluri Sitharama Raju,4842,Peda Bayalu,583746,2,Dondaraiputtu,,Rural,Inhabitant,1474800,583746
2978,28,Andhra Pradesh,745,Alluri Sitharama Raju,4842,Peda Bayalu,583748,2,Galagonda,,Rural,Inhabitant,1475000,583748
2979,28,Andhra Pradesh,745,Alluri Sitharama Raju,4842,Peda Bayalu,583749,2,Kuthamputtu,,Rural,Inhabitant,1475100,583749
2980,28,Andhra Pradesh,745,Alluri Sitharama Raju,4842,Peda Bayalu,583751,2,Gasabu,,Rural,Inhabitant,1475300,583751
2981,28,Andhra Pradesh,745,Alluri Sitharama Raju,4842,Peda Bayalu,583752,2,Sirasapalle,,Rural,Inhabitant,1475400,583752
2982,28,Andhra Pradesh,745,Alluri Sitharama Raju,4842,Peda Bayalu,583753,2,Gamparai,,Rural,Inhabitant,1475500,583753
2983,28,Andhra Pradesh,745,Alluri Sitharama Raju,4842,Peda Bayalu,583754,2,Cheediputtu,,Rural,Inhabitant,1475600,583754
2984,28,Andhra Pradesh,745,Alluri Sitharama Raju,4842,Peda Bayalu,583756,2,Allangiputtu,,Rural,Inhabitant,1475800,583756
2985,28,Andhra Pradesh,745,Alluri Sitharama Raju,4842,Peda Bayalu,583757,2,Jamiguda,,Rural,Inhabitant,1475900,583757
2986,28,Andhra Pradesh,745,Alluri Sitharama Raju,4842,Peda Bayalu,583758,2,Kulluba,,Rural,Inhabitant,1476000,583758
2987,28,Andhra Pradesh,745,Alluri Sitharama Raju,4842,Peda Bayalu,583761,2,Gomangi,,Rural,Inhabitant,1476300,583761
2988,28,Andhra Pradesh,745,Alluri Sitharama Raju,4842,Peda Bayalu,583762,2,Pilliputtu,,Rural,Inhabitant,1476400,583762
2989,28,Andhra Pradesh,745,Alluri Sitharama Raju,4842,Peda Bayalu,583766,2,Bongaram,,Rural,Inhabitant,1476800,583766
2990,28,Andhra Pradesh,745,Alluri Sitharama Raju,4842,Peda Bayalu,583768,2,Ambeerupadu,,Rural,Inhabitant,1477000,583768
2991,28,Andhra Pradesh,745,Alluri Sitharama Raju,4842,Peda Bayalu,583769,2,Cheekupanasa,,Rural,Inhabitant,1477100,583769
2992,28,Andhra Pradesh,745,Alluri Sitharama Raju,4842,Peda Bayalu,583770,2,Gandalam,,Rural,Inhabitant,1477200,583770
2993,28,Andhra Pradesh,745,Alluri Sitharama Raju,4842,Peda Bayalu,583771,2,Boddangipadu,,Rural,Inhabitant,1477300,583771
2994,28,Andhra Pradesh,745,Alluri Sitharama Raju,4842,Peda Bayalu,583772,2,Salebulu,,Rural,Inhabitant,1477400,583772
2995,28,Andhra Pradesh,745,Alluri Sitharama Raju,4842,Peda Bayalu,583774,2,Jakkum,,Rural,Inhabitant,1477600,583774
2996,28,Andhra Pradesh,745,Alluri Sitharama Raju,4842,Peda Bayalu,583777,2,Kummarigunta,,Rural,Inhabitant,1477900,583777
2997,28,Andhra Pradesh,745,Alluri Sitharama Raju,4842,Peda Bayalu,583778,2,Luvvapalle,,Rural,Inhabitant,1478000,583778
2998,28,Andhra Pradesh,745,Alluri Sitharama Raju,4842,Peda Bayalu,583780,2,Kotipalle,,Rural,Inhabitant,1478200,583780
2999,28,Andhra Pradesh,745,Alluri Sitharama Raju,4842,Peda Bayalu,583781,2,Sariyapalle,,Rural,Inhabitant,1478300,583781
3000,28,Andhra Pradesh,745,Alluri Sitharama Raju,4842,Peda Bayalu,583783,2,Tulam,,Rural,Inhabitant,1478500,583783
3001,28,Andhra Pradesh,745,Alluri Sitharama Raju,4842,Peda Bayalu,583785,2,Kuntumamidi,,Rural,Inhabitant,1478700,583785
3002,28,Andhra Pradesh,745,Alluri Sitharama Raju,4842,Peda Bayalu,583788,2,Dosalabanda,,Rural,Inhabitant,1479000,583788
3003,28,Andhra Pradesh,745,Alluri Sitharama Raju,4842,Peda Bayalu,583791,2,Sadaru Mamidi,,Rural,Inhabitant,1479300,583791
3004,28,Andhra Pradesh,745,Alluri Sitharama Raju,4842,Peda Bayalu,583793,2,Agaruveedhi,,Rural,Inhabitant,1479500,583793
3005,28,Andhra Pradesh,745,Alluri Sitharama Raju,4842,Peda Bayalu,583794,2,Buruguveedhi,,Rural,Inhabitant,1479600,583794
3006,28,Andhra Pradesh,745,Alluri Sitharama Raju,4842,Peda Bayalu,583800,2,Vanakothuru,,Rural,Inhabitant,1480200,583800
3007,28,Andhra Pradesh,745,Alluri Sitharama Raju,4842,Peda Bayalu,583805,2,Bangarumamidi,,Rural,Inhabitant,1480700,583805
3008,28,Andhra Pradesh,745,Alluri Sitharama Raju,4842,Peda Bayalu,583808,2,Jamadalu,,Rural,Inhabitant,1481000,583808
3009,28,Andhra Pradesh,745,Alluri Sitharama Raju,4842,Peda Bayalu,583809,2,Boddaputtu,,Rural,Inhabitant,1481100,583809
3010,28,Andhra Pradesh,745,Alluri Sitharama Raju,4842,Peda Bayalu,583810,2,Kindalam,,Rural,Inhabitant,1481200,583810
3011,28,Andhra Pradesh,745,Alluri Sitharama Raju,4842,Peda Bayalu,583811,2,Kintharelu,,Rural,Inhabitant,1481300,583811
3012,28,Andhra Pradesh,745,Alluri Sitharama Raju,4842,Peda Bayalu,583815,2,Baithinilanka,,Rural,Inhabitant,1481700,583815
3013,28,Andhra Pradesh,745,Alluri Sitharama Raju,4842,Peda Bayalu,583817,2,Rasiguppa,,Rural,Inhabitant,1481900,583817
3014,28,Andhra Pradesh,745,Alluri Sitharama Raju,4842,Peda Bayalu,583818,2,Sampangidatu,,Rural,Inhabitant,1482000,583818
3015,28,Andhra Pradesh,745,Alluri Sitharama Raju,4842,Peda Bayalu,583819,2,Marridatu,,Rural,Inhabitant,1482100,583819
3016,28,Andhra Pradesh,745,Alluri Sitharama Raju,4842,Peda Bayalu,583824,2,Kimudupalle,,Rural,Inhabitant,1482600,583824
3017,28,Andhra Pradesh,745,Alluri Sitharama Raju,4842,Peda Bayalu,583826,2,Lagasariputtu,,Rural,Inhabitant,1482800,583826
3018,28,Andhra Pradesh,745,Alluri Sitharama Raju,4842,Peda Bayalu,583828,2,Chandiputtu,,Rural,Inhabitant,1483000,583828
3019,28,Andhra Pradesh,745,Alluri Sitharama Raju,4842,Peda Bayalu,583829,2,Vancharba,,Unmapped,Inhabitant,1483100,583829
3020,28,Andhra Pradesh,745,Alluri Sitharama Raju,4842,Peda Bayalu,583831,2,Malakariputtu,,Rural,Inhabitant,1483300,583831
3021,28,Andhra Pradesh,745,Alluri Sitharama Raju,4842,Peda Bayalu,583832,2,Vurada,,Rural,Inhabitant,1483400,583832
3022,28,Andhra Pradesh,745,Alluri Sitharama Raju,4842,Peda Bayalu,583835,2,Poi Palle,,Rural,Inhabitant,1483700,583835
3023,28,Andhra Pradesh,745,Alluri Sitharama Raju,4842,Peda Bayalu,583837,2,Vakapalle,,Rural,Inhabitant,1483900,583837
3024,28,Andhra Pradesh,745,Alluri Sitharama Raju,4842,Peda Bayalu,583841,2,Pedagondi,,Rural,Inhabitant,1484300,583841
3025,28,Andhra Pradesh,745,Alluri Sitharama Raju,4842,Peda Bayalu,583843,2,Kodaputtu,,Rural,Inhabitant,1484500,583843
3026,28,Andhra Pradesh,745,Alluri Sitharama Raju,4842,Peda Bayalu,583844,2,Andravara,,Rural,Inhabitant,1484600,583844
3027,28,Andhra Pradesh,745,Alluri Sitharama Raju,4842,Peda Bayalu,583845,2,Valugupalle,,Rural,Inhabitant,1484700,583845
3028,28,Andhra Pradesh,745,Alluri Sitharama Raju,4842,Peda Bayalu,912634,2,Burugu Veedhi,,Rural,Inhabitant,0,0
3029,28,Andhra Pradesh,745,Alluri Sitharama Raju,4842,Peda Bayalu,930994,2,Vurraguruvu,ఉర్రగరువు,Rural,Inhabitant,0,0
3030,28,Andhra Pradesh,745,Alluri Sitharama Raju,4842,Peda Bayalu,583578,2,Parreda,,Rural,Inhabitant,1458000,583578
3031,28,Andhra Pradesh,745,Alluri Sitharama Raju,4842,Peda Bayalu,583579,2,Krishnapuram,,Rural,Inhabitant,1458100,583579
3032,28,Andhra Pradesh,745,Alluri Sitharama Raju,4842,Peda Bayalu,583580,2,Jeeluguluputtu,,Rural,Inhabitant,1458200,583580
3033,28,Andhra Pradesh,745,Alluri Sitharama Raju,4842,Peda Bayalu,583581,2,Pedasariyapalle,,Rural,Inhabitant,1458300,583581
3034,28,Andhra Pradesh,745,Alluri Sitharama Raju,4842,Peda Bayalu,583583,2,Badambeeru,,Rural,Inhabitant,1458500,583583
3035,28,Andhra Pradesh,745,Alluri Sitharama Raju,4842,Peda Bayalu,583586,2,Pedakonda,,Rural,Inhabitant,1458800,583586
3036,28,Andhra Pradesh,745,Alluri Sitharama Raju,4842,Peda Bayalu,583587,2,Bangarumetta,,Rural,Inhabitant,1458900,583587
3037,28,Andhra Pradesh,744,Anakapalli,4871,Anakapalli,586172,2,Jagannadhapuram,,Rural,Inhabitant,1719100,586172
3038,28,Andhra Pradesh,744,Anakapalli,4871,Anakapalli,586174,2,Vooderu,,Rural,Inhabitant,1719300,586174
3039,28,Andhra Pradesh,744,Anakapalli,4871,Anakapalli,586175,2,Allikhanudupalem,,Rural,Inhabitant,1719400,586175
3040,28,Andhra Pradesh,744,Anakapalli,4871,Anakapalli,586176,2,Mamidipalem,,Rural,Inhabitant,1719500,586176
3041,28,Andhra Pradesh,744,Anakapalli,4871,Anakapalli,586178,2,Papayya Palem,,Rural,Inhabitant,1719700,586178
3042,28,Andhra Pradesh,744,Anakapalli,4871,Anakapalli,586179,2,Kondupalem,,Rural,Inhabitant,1719800,586179
3043,28,Andhra Pradesh,744,Anakapalli,4871,Anakapalli,586180,2,Chintanippula Agraharam,,Rural,Inhabitant,1719900,586180
3044,28,Andhra Pradesh,744,Anakapalli,4871,Anakapalli,586181,2,Makavaram,,Rural,Inhabitant,1720000,586181
3045,28,Andhra Pradesh,744,Anakapalli,4871,Anakapalli,586182,2,Marturu,,Rural,Inhabitant,1720100,586182
3046,28,Andhra Pradesh,744,Anakapalli,4871,Anakapalli,586183,2,Seethanagaram,,Rural,Inhabitant,1720300,586183
3047,28,Andhra Pradesh,744,Anakapalli,4871,Anakapalli,586184,2,Kunchangi,,Rural,Inhabitant,1720400,586184
3048,28,Andhra Pradesh,744,Anakapalli,4871,Anakapalli,586188,2,Sampathipuram,,Rural,Inhabitant,1720800,586188
3049,28,Andhra Pradesh,744,Anakapalli,4871,Anakapalli,586189,2,Pisinikada,,Rural,Inhabitant,1720900,586189
3050,28,Andhra Pradesh,744,Anakapalli,4871,Anakapalli,586190,2,Thummapala,,Rural,Inhabitant,1721000,586190
3051,28,Andhra Pradesh,744,Anakapalli,4871,Anakapalli,586193,2,Gopalapuram,,Rural,Inhabitant,1721300,586193
3052,28,Andhra Pradesh,744,Anakapalli,4871,Anakapalli,586196,2,Koppaka,,Unmapped,Inhabitant,1721600,586196
3053,28,Andhra Pradesh,744,Anakapalli,4871,Anakapalli,586197,2,Bhatlapudi,,Rural,Inhabitant,1721700,586197
3054,28,Andhra Pradesh,744,Anakapalli,4871,Anakapalli,586199,2,Sankaram,,Rural,Inhabitant,1721900,586199
3055,28,Andhra Pradesh,744,Anakapalli,4871,Anakapalli,586201,2,Rajupalem,,Unmapped,Inhabitant,1722100,586201
3056,28,Andhra Pradesh,744,Anakapalli,4871,Anakapalli,936544,2,Anakapalli South - 2,ANAKAPALLI SOUTH - 2,Unmapped,Inhabitant,0,0
3057,28,Andhra Pradesh,744,Anakapalli,4871,Anakapalli,586171,2,Mettapalem,,Rural,Inhabitant,1719000,586171
3058,28,Andhra Pradesh,744,Anakapalli,4871,Anakapalli,586173,2,Tagarampudi,,Rural,Inhabitant,1719200,586173
3059,28,Andhra Pradesh,744,Anakapalli,4871,Anakapalli,586177,2,Papayya Santha Palem,,Rural,Inhabitant,1719600,586177
3060,28,Andhra Pradesh,744,Anakapalli,4871,Anakapalli,586185,2,Kundram,,Rural,Inhabitant,1720500,586185
3061,28,Andhra Pradesh,744,Anakapalli,4871,Anakapalli,586186,2,Venkupalem,,Rural,Inhabitant,1720600,586186
3062,28,Andhra Pradesh,744,Anakapalli,4871,Anakapalli,586187,2,Vetajangalapalem,,Rural,Inhabitant,1720700,586187
3063,28,Andhra Pradesh,744,Anakapalli,4871,Anakapalli,586191,2,Rebaka,,Rural,Inhabitant,1721100,586191
3064,28,Andhra Pradesh,744,Anakapalli,4871,Anakapalli,586192,2,Koduru,,Rural,Inhabitant,1721200,586192
3065,28,Andhra Pradesh,744,Anakapalli,4871,Anakapalli,586194,2,Maredupudi,,Rural,Inhabitant,1721400,586194
3066,28,Andhra Pradesh,744,Anakapalli,4871,Anakapalli,586195,2,Maredupudi Agraharam,,Rural,Inhabitant,1721500,586195
3067,28,Andhra Pradesh,744,Anakapalli,4871,Anakapalli,586198,2,Golagam,,Rural,Inhabitant,1721800,586198
3068,28,Andhra Pradesh,744,Anakapalli,4871,Anakapalli,586200,2,Valluru,,Unmapped,Inhabitant,1722000,586200
3069,28,Andhra Pradesh,744,Anakapalli,4871,Anakapalli,586202,2,Bowluvada (Ct),,Rural,Inhabitant,1720200,586202
3070,28,Andhra Pradesh,744,Anakapalli,4871,Anakapalli,929947,2,Anakapalle North,అనకాపల్లి  నార్త్,Unmapped,Inhabitant,0,0
3071,28,Andhra Pradesh,744,Anakapalli,4871,Anakapalli,929948,3,Anakapalle South,అనకాపల్లి సౌత్,Unmapped,Inhabitant,0,0
3072,28,Andhra Pradesh,744,Anakapalli,4878,Atchuthapuram,586379,2,Jaggannapeta,,Rural,Inhabitant,1739800,586379
3073,28,Andhra Pradesh,744,Anakapalli,4878,Atchuthapuram,586381,2,Pedapadu,,Rural,Inhabitant,1740000,586381
3074,28,Andhra Pradesh,744,Anakapalli,4878,Atchuthapuram,586383,2,Haripalem,,Rural,Inhabitant,1740200,586383
3075,28,Andhra Pradesh,744,Anakapalli,4878,Atchuthapuram,586386,2,Cheemalapalle,,Rural,Inhabitant,1740500,586386
3076,28,Andhra Pradesh,744,Anakapalli,4878,Atchuthapuram,586387,2,Somavaram,,Rural,Inhabitant,1740600,586387
3077,28,Andhra Pradesh,744,Anakapalli,4878,Atchuthapuram,586389,2,Dopperla,,Rural,Inhabitant,1740800,586389
3078,28,Andhra Pradesh,744,Anakapalli,4878,Atchuthapuram,586392,2,Nunaparthi,,Rural,Inhabitant,1741100,586392
3079,28,Andhra Pradesh,744,Anakapalli,4878,Atchuthapuram,586394,2,Ravipalem,,Rural,Inhabitant,1741300,586394
3080,28,Andhra Pradesh,744,Anakapalli,4878,Atchuthapuram,586397,2,Janguluru,,Rural,Inhabitant,1741600,586397
3081,28,Andhra Pradesh,744,Anakapalli,4878,Atchuthapuram,586398,2,Bhogapuram,,Rural,Inhabitant,1741700,586398
3082,28,Andhra Pradesh,744,Anakapalli,4878,Atchuthapuram,586401,2,Dibbapalem,,Rural,Inhabitant,1742000,586401
3083,28,Andhra Pradesh,744,Anakapalli,4878,Atchuthapuram,586402,2,Maruturu,,Rural,Inhabitant,1742100,586402
3084,28,Andhra Pradesh,744,Anakapalli,4878,Atchuthapuram,586405,2,Pudimadaka,,Rural,Inhabitant,1742400,586405
3085,28,Andhra Pradesh,744,Anakapalli,4878,Atchuthapuram,586376,2,Melupaka Jagannadhapuram,,Rural,Inhabitant,1739500,586376
3086,28,Andhra Pradesh,744,Anakapalli,4878,Atchuthapuram,586378,2,Yerravaram,,Rural,Inhabitant,1739700,586378
3087,28,Andhra Pradesh,744,Anakapalli,4878,Atchuthapuram,586380,2,Khajipalem,,Rural,Inhabitant,1739900,586380
3088,28,Andhra Pradesh,744,Anakapalli,4878,Atchuthapuram,586382,2,Thimmarajupeta,,Rural,Inhabitant,1740100,586382
3089,28,Andhra Pradesh,744,Anakapalli,4878,Atchuthapuram,586384,2,Kondakarla,,Rural,Inhabitant,1740300,586384
3090,28,Andhra Pradesh,744,Anakapalli,4878,Atchuthapuram,586385,2,Andalapalle,,Rural,Inhabitant,1740400,586385
3091,28,Andhra Pradesh,744,Anakapalli,4878,Atchuthapuram,586388,2,Jagannadhapura Agraharam,,Rural,Inhabitant,1740700,586388
3092,28,Andhra Pradesh,744,Anakapalli,4878,Atchuthapuram,586390,2,Iravada,,Rural,Inhabitant,1740900,586390
3093,28,Andhra Pradesh,744,Anakapalli,4878,Atchuthapuram,586391,2,Gangamambapura Agraharam,,Rural,Inhabitant,1741000,586391
3094,28,Andhra Pradesh,744,Anakapalli,4878,Atchuthapuram,586393,2,Nadimpalle,,Rural,Inhabitant,1741200,586393
3095,28,Andhra Pradesh,744,Anakapalli,4878,Atchuthapuram,586395,2,Dosuru,,Rural,Inhabitant,1741400,586395
3096,28,Andhra Pradesh,744,Anakapalli,4878,Atchuthapuram,586396,2,Maduthuru,,Rural,Inhabitant,1741500,586396
3097,28,Andhra Pradesh,744,Anakapalli,4878,Atchuthapuram,586403,2,Duppituru,,Rural,Inhabitant,1742200,586403
3098,28,Andhra Pradesh,744,Anakapalli,4878,Atchuthapuram,586404,2,Uddlapalem,,Rural,Inhabitant,1742300,586404
3099,28,Andhra Pradesh,744,Anakapalli,4878,Atchuthapuram,586406,2,Thallapalem,,Rural,Inhabitant,1742500,586406
3100,28,Andhra Pradesh,744,Anakapalli,4878,Atchuthapuram,586407,2,Chippada,,Rural,Inhabitant,1742600,586407
3101,28,Andhra Pradesh,744,Anakapalli,4878,Atchuthapuram,586408,2,Jogannapalem,,Rural,Inhabitant,1742700,586408
3102,28,Andhra Pradesh,744,Anakapalli,4878,Atchuthapuram,586377,4,Uppavaram,,Rural,Inhabitant,1739600,586377
3103,28,Andhra Pradesh,744,Anakapalli,4878,Atchuthapuram,586399,4,Chodapalle,,Rural,Inhabitant,1741800,586399
3104,28,Andhra Pradesh,744,Anakapalli,4878,Atchuthapuram,586409,5,Tantadi,,Rural,Inhabitant,1742800,586409
3105,28,Andhra Pradesh,744,Anakapalli,4878,Atchuthapuram,586400,5,Veduruvada,,Rural,Inhabitant,1741900,586400
3106,28,Andhra Pradesh,744,Anakapalli,4873,Butchayyapeta,586236,2,Lingabhupala Puram Agraharam,,Rural,Inhabitant,1725500,586236
3107,28,Andhra Pradesh,744,Anakapalli,4873,Butchayyapeta,586237,2,Mangalapuram,,Rural,Inhabitant,1725600,586237
3108,28,Andhra Pradesh,744,Anakapalli,4873,Butchayyapeta,586241,2,Polepalle,,Rural,Inhabitant,1726000,586241
3109,28,Andhra Pradesh,744,Anakapalli,4873,Butchayyapeta,586242,2,Dibbidi,,Rural,Inhabitant,1726100,586242
3110,28,Andhra Pradesh,744,Anakapalli,4873,Butchayyapeta,586243,2,P. Bheemavaram,,Rural,Inhabitant,1726200,586243
3111,28,Andhra Pradesh,744,Anakapalli,4873,Butchayyapeta,586245,2,Pottidorapalem,,Rural,Inhabitant,1726400,586245
3112,28,Andhra Pradesh,744,Anakapalli,4873,Butchayyapeta,586246,2,Nimmalova,,Rural,Inhabitant,1726500,586246
3113,28,Andhra Pradesh,744,Anakapalli,4873,Butchayyapeta,586249,2,Komallapudi,,Rural,Inhabitant,1726800,586249
3114,28,Andhra Pradesh,744,Anakapalli,4873,Butchayyapeta,586254,2,Aithampudi,,Rural,Inhabitant,1727300,586254
3115,28,Andhra Pradesh,744,Anakapalli,4873,Butchayyapeta,586255,2,Butchayyapeta,,Rural,Inhabitant,1727400,586255
3116,28,Andhra Pradesh,744,Anakapalli,4873,Butchayyapeta,586258,2,Rajam,,Rural,Inhabitant,1727700,586258
3117,28,Andhra Pradesh,744,Anakapalli,4873,Butchayyapeta,586264,2,Pedapudi Agraharam,,Rural,Inhabitant,1728300,586264
3118,28,Andhra Pradesh,744,Anakapalli,4873,Butchayyapeta,586265,2,Pangidi,,Rural,Inhabitant,1728400,586265
3119,28,Andhra Pradesh,744,Anakapalli,4873,Butchayyapeta,586266,2,Pedapudi,,Rural,Inhabitant,1728500,586266
3120,28,Andhra Pradesh,744,Anakapalli,4873,Butchayyapeta,586268,2,Turakalapudi,,Rural,Inhabitant,1728700,586268
3121,28,Andhra Pradesh,744,Anakapalli,4873,Butchayyapeta,586270,2,R. Bheemavaram,,Rural,Inhabitant,1728900,586270
3122,28,Andhra Pradesh,744,Anakapalli,4873,Butchayyapeta,586272,2,Mallam Bhupathipalem,,Rural,Inhabitant,1729100,586272
3123,28,Andhra Pradesh,744,Anakapalli,4873,Butchayyapeta,586273,2,Mallam,,Rural,Inhabitant,1729200,586273
3124,28,Andhra Pradesh,744,Anakapalli,4873,Butchayyapeta,586234,2,Laluru,,Rural,Inhabitant,1725300,586234
3125,28,Andhra Pradesh,744,Anakapalli,4873,Butchayyapeta,586235,2,Lopudi,,Rural,Inhabitant,1725400,586235
3126,28,Andhra Pradesh,744,Anakapalli,4873,Butchayyapeta,586238,2,Vijayaramarajupeta,,Rural,Inhabitant,1725700,586238
3127,28,Andhra Pradesh,744,Anakapalli,4873,Butchayyapeta,586239,2,Vaddadi,,Rural,Inhabitant,1725800,586239
3128,28,Andhra Pradesh,744,Anakapalli,4873,Butchayyapeta,586240,2,Chinappannapalem,,Rural,Inhabitant,1725900,586240
3129,28,Andhra Pradesh,744,Anakapalli,4873,Butchayyapeta,586244,2,L.Singavaram,,Rural,Inhabitant,1726300,586244
3130,28,Andhra Pradesh,744,Anakapalli,4873,Butchayyapeta,586247,2,Bhatlova,,Rural,Inhabitant,1726600,586247
3131,28,Andhra Pradesh,744,Anakapalli,4873,Butchayyapeta,586248,2,Gantikorlam,,Rural,Inhabitant,1726700,586248
3132,28,Andhra Pradesh,744,Anakapalli,4873,Butchayyapeta,586250,2,Kondempudi,,Rural,Inhabitant,1726900,586250
3133,28,Andhra Pradesh,744,Anakapalli,4873,Butchayyapeta,586251,2,Kondapalem Agraharam,,Rural,Inhabitant,1727000,586251
3134,28,Andhra Pradesh,744,Anakapalli,4873,Butchayyapeta,586252,2,Gunnempudi,,Rural,Inhabitant,1727100,586252
3135,28,Andhra Pradesh,744,Anakapalli,4873,Butchayyapeta,586253,2,Kondapalem,,Rural,Inhabitant,1727200,586253
3136,28,Andhra Pradesh,744,Anakapalli,4873,Butchayyapeta,586256,2,Kandipudi,,Rural,Inhabitant,1727500,586256
3137,28,Andhra Pradesh,744,Anakapalli,4873,Butchayyapeta,586257,2,Neelakantapuram,,Rural,Inhabitant,1727600,586257
3138,28,Andhra Pradesh,744,Anakapalli,4873,Butchayyapeta,586259,2,Typuram,,Rural,Inhabitant,1727800,586259
3139,28,Andhra Pradesh,744,Anakapalli,4873,Butchayyapeta,586260,2,Chittiyyapalem,,Rural,Inhabitant,1727900,586260
3140,28,Andhra Pradesh,744,Anakapalli,4873,Butchayyapeta,586261,2,China Madina,,Rural,Inhabitant,1728000,586261
3141,28,Andhra Pradesh,744,Anakapalli,4873,Butchayyapeta,586262,2,Peda Madina,,Rural,Inhabitant,1728100,586262
3142,28,Andhra Pradesh,744,Anakapalli,4873,Butchayyapeta,586267,2,Karaka,,Rural,Inhabitant,1728600,586267
3143,28,Andhra Pradesh,744,Anakapalli,4873,Butchayyapeta,586269,2,R. Sivarampuram,,Rural,Inhabitant,1728800,586269
3144,28,Andhra Pradesh,744,Anakapalli,4873,Butchayyapeta,586271,2,Appampalem,,Rural,Inhabitant,1729000,586271
3145,28,Andhra Pradesh,744,Anakapalli,4873,Butchayyapeta,586263,3,Chintapaka,,Rural,Inhabitant,1728200,586263
3146,28,Andhra Pradesh,744,Anakapalli,4858,Cheedikada,585922,2,Kondasompura Agraharam,,Rural,Inhabitant,1692000,585922
3147,28,Andhra Pradesh,744,Anakapalli,4858,Cheedikada,585923,2,Konam,,Rural,Inhabitant,1692100,585923
3148,28,Andhra Pradesh,744,Anakapalli,4858,Cheedikada,585926,2,Veerapurajupeta,,Rural,Inhabitant,1692400,585926
3149,28,Andhra Pradesh,744,Anakapalli,4858,Cheedikada,585928,2,Neelampeta,,Rural,Inhabitant,1692600,585928
3150,28,Andhra Pradesh,744,Anakapalli,4858,Cheedikada,585929,2,Cheedipalle Agraharam,,Rural,Inhabitant,1692700,585929
3151,28,Andhra Pradesh,744,Anakapalli,4858,Cheedikada,585933,2,G.Kothapalle,,Rural,Inhabitant,1693100,585933
3152,28,Andhra Pradesh,744,Anakapalli,4858,Cheedikada,585934,2,Jaithavaram,,Rural,Inhabitant,1693200,585934
3153,28,Andhra Pradesh,744,Anakapalli,4858,Cheedikada,585941,2,Dibbapalem,,Rural,Inhabitant,1693900,585941
3154,28,Andhra Pradesh,744,Anakapalli,4858,Cheedikada,585944,2,Tuni Valasa,,Rural,Inhabitant,1694200,585944
3155,28,Andhra Pradesh,744,Anakapalli,4858,Cheedikada,585947,2,Chinagogada,,Rural,Inhabitant,1694500,585947
3156,28,Andhra Pradesh,744,Anakapalli,4858,Cheedikada,585948,2,Pedagogada Agraharam,,Rural,Inhabitant,1694600,585948
3157,28,Andhra Pradesh,744,Anakapalli,4858,Cheedikada,585949,2,Chettupalle,,Rural,Inhabitant,1694700,585949
3158,28,Andhra Pradesh,744,Anakapalli,4858,Cheedikada,585952,2,J.B.Puram,,Rural,Inhabitant,1695000,585952
3159,28,Andhra Pradesh,744,Anakapalli,4858,Cheedikada,585953,2,Chukkapalle,,Rural,Inhabitant,1695100,585953
3160,28,Andhra Pradesh,744,Anakapalli,4858,Cheedikada,585921,2,Veerabhadrapeta,,Rural,Inhabitant,1691900,585921
3161,28,Andhra Pradesh,744,Anakapalli,4858,Cheedikada,585924,2,Manchala,,Rural,Inhabitant,1692200,585924
3162,28,Andhra Pradesh,744,Anakapalli,4858,Cheedikada,585925,2,Cheedikada,,Rural,Inhabitant,1692300,585925
3163,28,Andhra Pradesh,744,Anakapalli,4858,Cheedikada,585927,2,Vellanki,,Rural,Inhabitant,1692500,585927
3164,28,Andhra Pradesh,744,Anakapalli,4858,Cheedikada,585930,2,Arjunagiri Agraharam,,Rural,Inhabitant,1692800,585930
3165,28,Andhra Pradesh,744,Anakapalli,4858,Cheedikada,585931,2,Turuvolu,,Rural,Inhabitant,1692900,585931
3166,28,Andhra Pradesh,744,Anakapalli,4858,Cheedikada,585932,2,Tangudubilli,,Rural,Inhabitant,1693000,585932
3167,28,Andhra Pradesh,744,Anakapalli,4858,Cheedikada,585935,2,Sirijam,,Rural,Inhabitant,1693300,585935
3168,28,Andhra Pradesh,744,Anakapalli,4858,Cheedikada,585936,2,Khandivara Agraharam,,Rural,Inhabitant,1693400,585936
3169,28,Andhra Pradesh,744,Anakapalli,4858,Cheedikada,585937,2,Lingabhupala Patnam,,Rural,Inhabitant,1693500,585937
3170,28,Andhra Pradesh,744,Anakapalli,4858,Cheedikada,585938,2,Appalarajupuram,,Rural,Inhabitant,1693600,585938
3171,28,Andhra Pradesh,744,Anakapalli,4858,Cheedikada,585939,2,Bylapudi Singavaram,,Rural,Inhabitant,1693700,585939
3172,28,Andhra Pradesh,744,Anakapalli,4858,Cheedikada,585940,2,Bylapudi,,Rural,Inhabitant,1693800,585940
3173,28,Andhra Pradesh,744,Anakapalli,4858,Cheedikada,585942,2,Kattuvari Agraharam,,Rural,Inhabitant,1694000,585942
3174,28,Andhra Pradesh,744,Anakapalli,4858,Cheedikada,585943,2,Dandi Suravaram,,Rural,Inhabitant,1694100,585943
3175,28,Andhra Pradesh,744,Anakapalli,4858,Cheedikada,585945,2,Vintipalem,,Rural,Inhabitant,1694300,585945
3176,28,Andhra Pradesh,744,Anakapalli,4858,Cheedikada,585946,2,Advi Agraharam,,Rural,Inhabitant,1694400,585946
3177,28,Andhra Pradesh,744,Anakapalli,4858,Cheedikada,585950,2,Tunivalasa Bhupatipalem,,Rural,Inhabitant,1694800,585950
3178,28,Andhra Pradesh,744,Anakapalli,4858,Cheedikada,585951,2,Varahapura Agraharam,,Rural,Inhabitant,1694900,585951
3179,28,Andhra Pradesh,744,Anakapalli,4858,Cheedikada,585954,2,Seetharampura Agraharam,,Rural,Inhabitant,1695200,585954
3180,28,Andhra Pradesh,744,Anakapalli,4872,Chodavaram,586203,2,Laxmipuram,,Rural,Inhabitant,1722200,586203
3181,28,Andhra Pradesh,744,Anakapalli,4872,Chodavaram,586207,2,Gavaravaram,,Rural,Inhabitant,1722600,586207
3182,28,Andhra Pradesh,744,Anakapalli,4872,Chodavaram,586210,2,Seemunapalle,,Rural,Inhabitant,1722900,586210
3183,28,Andhra Pradesh,744,Anakapalli,4872,Chodavaram,586214,2,Narasayyapeta,,Rural,Inhabitant,1723300,586214
3184,28,Andhra Pradesh,744,Anakapalli,4872,Chodavaram,586220,2,Rayapurajupeta,,Rural,Inhabitant,1724000,586220
3185,28,Andhra Pradesh,744,Anakapalli,4872,Chodavaram,586221,2,Duddupalem,,Rural,Inhabitant,1724100,586221
3186,28,Andhra Pradesh,744,Anakapalli,4872,Chodavaram,586222,2,Venkannapalem,,Rural,Inhabitant,1724200,586222
3187,28,Andhra Pradesh,744,Anakapalli,4872,Chodavaram,586224,2,Pakirsahebpeta,,Rural,Inhabitant,1724400,586224
3188,28,Andhra Pradesh,744,Anakapalli,4872,Chodavaram,586225,2,Bennavolu,,Rural,Inhabitant,1724500,586225
3189,28,Andhra Pradesh,744,Anakapalli,4872,Chodavaram,586227,2,Thimmannapalem,,Rural,Inhabitant,1724700,586227
3190,28,Andhra Pradesh,744,Anakapalli,4872,Chodavaram,586228,2,Chakipalle,,Rural,Inhabitant,1724800,586228
3191,28,Andhra Pradesh,744,Anakapalli,4872,Chodavaram,586229,2,Bhogapuram,,Rural,Inhabitant,1724900,586229
3192,28,Andhra Pradesh,744,Anakapalli,4872,Chodavaram,586232,2,Gandhavaram,,Rural,Inhabitant,1725200,586232
3193,28,Andhra Pradesh,744,Anakapalli,4872,Chodavaram,586233,2,Chodavaram (Ct),,Rural,Inhabitant,1723700,586233
3194,28,Andhra Pradesh,744,Anakapalli,4872,Chodavaram,586204,2,Damunapalle,,Rural,Inhabitant,1722300,586204
3195,28,Andhra Pradesh,744,Anakapalli,4872,Chodavaram,586205,2,Mycherlapalem,,Rural,Inhabitant,1722400,586205
3196,28,Andhra Pradesh,744,Anakapalli,4872,Chodavaram,586206,2,Khandipalle,,Rural,Inhabitant,1722500,586206
3197,28,Andhra Pradesh,744,Anakapalli,4872,Chodavaram,586208,2,Lakkavaram,,Rural,Inhabitant,1722700,586208
3198,28,Andhra Pradesh,744,Anakapalli,4872,Chodavaram,586209,2,Adduru,,Rural,Inhabitant,1722800,586209
3199,28,Andhra Pradesh,744,Anakapalli,4872,Chodavaram,586211,2,Juttada,,Rural,Inhabitant,1723000,586211
3200,28,Andhra Pradesh,744,Anakapalli,4872,Chodavaram,586212,2,Annavaram,,Rural,Inhabitant,1723100,586212
3201,28,Andhra Pradesh,744,Anakapalli,4872,Chodavaram,586213,2,Venkayyagaripeta,,Rural,Inhabitant,1723200,586213
3202,28,Andhra Pradesh,744,Anakapalli,4872,Chodavaram,586215,2,Gowripatnam,,Rural,Inhabitant,1723400,586215
3203,28,Andhra Pradesh,744,Anakapalli,4872,Chodavaram,586216,2,Sreerampatnam,,Rural,Inhabitant,1723500,586216
3204,28,Andhra Pradesh,744,Anakapalli,4872,Chodavaram,586217,2,Ankupalem,,Rural,Inhabitant,1723600,586217
3205,28,Andhra Pradesh,744,Anakapalli,4872,Chodavaram,586218,2,Gajapathinagaram,,Rural,Inhabitant,1723800,586218
3206,28,Andhra Pradesh,744,Anakapalli,4872,Chodavaram,586219,2,Amberupuram,,Rural,Inhabitant,1723900,586219
3207,28,Andhra Pradesh,744,Anakapalli,4872,Chodavaram,586223,2,Govada,,Rural,Inhabitant,1724300,586223
3208,28,Andhra Pradesh,744,Anakapalli,4872,Chodavaram,586226,2,Jannavaram,,Rural,Inhabitant,1724600,586226
3209,28,Andhra Pradesh,744,Anakapalli,4872,Chodavaram,586230,2,Muddurthi,,Rural,Inhabitant,1725000,586230
3210,28,Andhra Pradesh,744,Anakapalli,4872,Chodavaram,586231,2,M.Kothapalle,,Rural,Inhabitant,1725100,586231
3211,28,Andhra Pradesh,744,Anakapalli,4859,Devarapalli,585957,2,Sambuvanipalem,,Rural,Inhabitant,1695500,585957
3212,28,Andhra Pradesh,744,Anakapalli,4859,Devarapalli,585958,2,Devarapalle,,Rural,Inhabitant,1695600,585958
3213,28,Andhra Pradesh,744,Anakapalli,4859,Devarapalli,585960,2,Raiwada,,Rural,Inhabitant,1695800,585960
3214,28,Andhra Pradesh,744,Anakapalli,4859,Devarapalli,585962,2,Lovarayapuraju Peta,,Rural,Inhabitant,1696000,585962
3215,28,Andhra Pradesh,744,Anakapalli,4859,Devarapalli,585964,2,Boddapadu,,Rural,Inhabitant,0,585964
3216,28,Andhra Pradesh,744,Anakapalli,4859,Devarapalli,585965,2,Tamarabba,,Rural,Inhabitant,0,585965
3217,28,Andhra Pradesh,744,Anakapalli,4859,Devarapalli,585967,2,Chintalapudi,,Rural,Inhabitant,1696300,585967
3218,28,Andhra Pradesh,744,Anakapalli,4859,Devarapalli,585968,2,Kondakodabu,,Rural,Inhabitant,1696400,585968
3219,28,Andhra Pradesh,744,Anakapalli,4859,Devarapalli,585969,2,Pallapukodabu,,Rural,Inhabitant,0,585969
3220,28,Andhra Pradesh,744,Anakapalli,4859,Devarapalli,585971,2,Pedasompuram,,Rural,Inhabitant,1696600,585971
3221,28,Andhra Pradesh,744,Anakapalli,4859,Devarapalli,585974,2,Seetampeta,,Rural,Inhabitant,1696900,585974
3222,28,Andhra Pradesh,744,Anakapalli,4859,Devarapalli,585975,2,Kasipuram,,Rural,Inhabitant,1697000,585975
3223,28,Andhra Pradesh,744,Anakapalli,4859,Devarapalli,585976,2,Chinanandipalle,,Rural,Inhabitant,1697100,585976
3224,28,Andhra Pradesh,744,Anakapalli,4859,Devarapalli,585977,2,Kasipathirajupuram,,Rural,Inhabitant,1697200,585977
3225,28,Andhra Pradesh,744,Anakapalli,4859,Devarapalli,585982,2,Chainulapalem,,Rural,Inhabitant,1697700,585982
3226,28,Andhra Pradesh,744,Anakapalli,4859,Devarapalli,585983,2,Marepalle,,Rural,Inhabitant,1697800,585983
3227,28,Andhra Pradesh,744,Anakapalli,4859,Devarapalli,585985,2,Garisingi,,Rural,Inhabitant,1698000,585985
3228,28,Andhra Pradesh,744,Anakapalli,4859,Devarapalli,585986,2,Venkatarajupuram,,Rural,Inhabitant,1698100,585986
3229,28,Andhra Pradesh,744,Anakapalli,4859,Devarapalli,585987,2,Vakapalle,,Rural,Inhabitant,1698200,585987
3230,28,Andhra Pradesh,744,Anakapalli,4859,Devarapalli,585988,2,Taruva,,Rural,Inhabitant,1698300,585988
3231,28,Andhra Pradesh,744,Anakapalli,4859,Devarapalli,585989,2,Alamanda,,Rural,Inhabitant,1698400,585989
3232,28,Andhra Pradesh,744,Anakapalli,4859,Devarapalli,585992,2,Mamidipalle,,Rural,Inhabitant,1698700,585992
3233,28,Andhra Pradesh,744,Anakapalli,4859,Devarapalli,585995,2,Boilakintada,,Rural,Inhabitant,1699000,585995
3234,28,Andhra Pradesh,744,Anakapalli,4859,Devarapalli,585996,2,Mulakalapalle,,Rural,Inhabitant,1699100,585996
3235,28,Andhra Pradesh,744,Anakapalli,4859,Devarapalli,585955,2,Valabu,,Rural,Inhabitant,1695300,585955
3236,28,Andhra Pradesh,744,Anakapalli,4859,Devarapalli,585956,2,Chinagangavaram,,Rural,Inhabitant,1695400,585956
3237,28,Andhra Pradesh,744,Anakapalli,4859,Devarapalli,585959,2,Bethapudi,,Rural,Inhabitant,1695700,585959
3238,28,Andhra Pradesh,744,Anakapalli,4859,Devarapalli,585961,2,Gorupalem,,Rural,Inhabitant,1695900,585961
3239,28,Andhra Pradesh,744,Anakapalli,4859,Devarapalli,585963,2,Lovamukundapuram,,Rural,Inhabitant,1696100,585963
3240,28,Andhra Pradesh,744,Anakapalli,4859,Devarapalli,585966,2,Sammeda,,Rural,Inhabitant,1696200,585966
3241,28,Andhra Pradesh,744,Anakapalli,4859,Devarapalli,585970,2,Juttadapalem,,Rural,Inhabitant,1696500,585970
3242,28,Andhra Pradesh,744,Anakapalli,4859,Devarapalli,585972,2,Chinasompuram,,Rural,Inhabitant,1696700,585972
3243,28,Andhra Pradesh,744,Anakapalli,4859,Devarapalli,585973,2,Nagayyapeta,,Rural,Inhabitant,1696800,585973
3244,28,Andhra Pradesh,744,Anakapalli,4859,Devarapalli,585978,2,Mushidipalle,,Rural,Inhabitant,1697300,585978
3245,28,Andhra Pradesh,744,Anakapalli,4859,Devarapalli,585979,2,Alamandakothapalle,,Rural,Inhabitant,1697400,585979
3246,28,Andhra Pradesh,744,Anakapalli,4859,Devarapalli,585980,2,Pedanandipalle Agraharam,,Rural,Inhabitant,1697500,585980
3247,28,Andhra Pradesh,744,Anakapalli,4859,Devarapalli,585981,2,Sivaramachainulapalem,,Rural,Inhabitant,1697600,585981
3248,28,Andhra Pradesh,744,Anakapalli,4859,Devarapalli,585984,2,Tenugupudi,,Rural,Inhabitant,1697900,585984
3249,28,Andhra Pradesh,744,Anakapalli,4859,Devarapalli,585990,2,Narasimha Gajapathinagaram,,Rural,Inhabitant,1698500,585990
3250,28,Andhra Pradesh,744,Anakapalli,4859,Devarapalli,585991,2,Vechalam,,Rural,Inhabitant,1698600,585991
3251,28,Andhra Pradesh,744,Anakapalli,4859,Devarapalli,585993,2,Thimiram,,Rural,Inhabitant,1698800,585993
3252,28,Andhra Pradesh,744,Anakapalli,4859,Devarapalli,585994,2,Kaligotla,,Rural,Inhabitant,1698900,585994
3253,28,Andhra Pradesh,744,Anakapalli,4859,Devarapalli,585997,2,Kothapenta,,Rural,Inhabitant,1699200,585997
3254,28,Andhra Pradesh,744,Anakapalli,4853,Golugonda,585756,2,Agency Laxmipuram,,Rural,Inhabitant,1675500,585756
3255,28,Andhra Pradesh,744,Anakapalli,4853,Golugonda,585758,2,Thallacheedikada,,Rural,Inhabitant,1675700,585758
3256,28,Andhra Pradesh,744,Anakapalli,4853,Golugonda,585759,2,Chodyam,,Rural,Inhabitant,1675800,585759
3257,28,Andhra Pradesh,744,Anakapalli,4853,Golugonda,585761,2,Lingamdora Palem,,Rural,Inhabitant,1676000,585761
3258,28,Andhra Pradesh,744,Anakapalli,4853,Golugonda,585762,2,Golugonda,,Rural,Inhabitant,1676100,585762
3259,28,Andhra Pradesh,744,Anakapalli,4853,Golugonda,585763,2,Kothapalem,,Rural,Inhabitant,1676200,585763
3260,28,Andhra Pradesh,744,Anakapalli,4853,Golugonda,585765,2,Pathamallempeta,,Rural,Inhabitant,1676400,585765
3261,28,Andhra Pradesh,744,Anakapalli,4853,Golugonda,585766,2,Nagannadorapalem,,Rural,Inhabitant,1676500,585766
3262,28,Andhra Pradesh,744,Anakapalli,4853,Golugonda,585767,2,Pappusettipalem,,Rural,Inhabitant,1676600,585767
3263,28,Andhra Pradesh,744,Anakapalli,4853,Golugonda,585768,2,Yarravaram,,Rural,Inhabitant,1676700,585768
3264,28,Andhra Pradesh,744,Anakapalli,4853,Golugonda,585769,2,Nallanki,,Rural,Inhabitant,1676800,585769
3265,28,Andhra Pradesh,744,Anakapalli,4853,Golugonda,585770,2,Pallapu Nagannadora Palem,,Rural,Inhabitant,1676900,585770
3266,28,Andhra Pradesh,744,Anakapalli,4853,Golugonda,585771,2,Seethakandi,,Rural,Inhabitant,1677000,585771
3267,28,Andhra Pradesh,744,Anakapalli,4853,Golugonda,585772,2,Mungerlapalem,,Rural,Inhabitant,1677100,585772
3268,28,Andhra Pradesh,744,Anakapalli,4853,Golugonda,585773,2,Komira,,Rural,Inhabitant,1677200,585773
3269,28,Andhra Pradesh,744,Anakapalli,4853,Golugonda,585774,2,Pakalapadu,,Rural,Inhabitant,1677300,585774
3270,28,Andhra Pradesh,744,Anakapalli,4853,Golugonda,585775,2,Polavaram,,Rural,Inhabitant,1677400,585775
3271,28,Andhra Pradesh,744,Anakapalli,4853,Golugonda,585777,2,Yarakampeta,,Rural,Inhabitant,1677600,585777
3272,28,Andhra Pradesh,744,Anakapalli,4853,Golugonda,585778,2,Gundupala,,Rural,Inhabitant,1677700,585778
3273,28,Andhra Pradesh,744,Anakapalli,4853,Golugonda,585780,2,Karaka,,Rural,Inhabitant,1677900,585780
3274,28,Andhra Pradesh,744,Anakapalli,4853,Golugonda,585782,2,Ammapeta,,Rural,Inhabitant,1678100,585782
3275,28,Andhra Pradesh,744,Anakapalli,4853,Golugonda,585785,2,Pogachetlapalem,,Rural,Inhabitant,1678400,585785
3276,28,Andhra Pradesh,744,Anakapalli,4853,Golugonda,585786,2,Vadaparthi,,Rural,Inhabitant,1678500,585786
3277,28,Andhra Pradesh,744,Anakapalli,4853,Golugonda,585753,2,Cheedikada,,Rural,Inhabitant,1675200,585753
3278,28,Andhra Pradesh,744,Anakapalli,4853,Golugonda,585754,2,Kumarapuram,,Rural,Inhabitant,1675300,585754
3279,28,Andhra Pradesh,744,Anakapalli,4853,Golugonda,585755,2,Konkasingi,,Rural,Inhabitant,1675400,585755
3280,28,Andhra Pradesh,744,Anakapalli,4853,Golugonda,585757,2,Krishnadevipeta,,Rural,Inhabitant,1675600,585757
3281,28,Andhra Pradesh,744,Anakapalli,4853,Golugonda,585764,2,Darapalem,,Rural,Inhabitant,1676300,585764
3282,28,Andhra Pradesh,744,Anakapalli,4853,Golugonda,585776,2,Cheedigummala,,Rural,Inhabitant,1677500,585776
3283,28,Andhra Pradesh,744,Anakapalli,4853,Golugonda,585779,2,Kotha Yellavaram,,Rural,Inhabitant,1677800,585779
3284,28,Andhra Pradesh,744,Anakapalli,4853,Golugonda,585781,2,Jammadevipeta,,Rural,Inhabitant,1678000,585781
3285,28,Andhra Pradesh,744,Anakapalli,4853,Golugonda,585783,2,Gadampalem,,Rural,Inhabitant,1678200,585783
3286,28,Andhra Pradesh,744,Anakapalli,4853,Golugonda,585784,2,Gopalapatnam,,Rural,Inhabitant,1678300,585784
3287,28,Andhra Pradesh,744,Anakapalli,4853,Golugonda,585787,2,Jammavaram,,Rural,Inhabitant,1678600,585787
3288,28,Andhra Pradesh,744,Anakapalli,4853,Golugonda,585788,2,Kasimi,,Rural,Inhabitant,1678700,585788
3289,28,Andhra Pradesh,744,Anakapalli,4853,Golugonda,585760,4,Kothamallempeta,,Rural,Inhabitant,1675900,585760
3290,28,Andhra Pradesh,744,Anakapalli,4876,Kasimkota,586320,2,Theeda,,Rural,Inhabitant,1733900,586320
3291,28,Andhra Pradesh,744,Anakapalli,4876,Kasimkota,586322,2,Addam,,Rural,Inhabitant,1734100,586322
3292,28,Andhra Pradesh,744,Anakapalli,4876,Kasimkota,586324,2,Singavaram,,Rural,Inhabitant,1734300,586324
3293,28,Andhra Pradesh,744,Anakapalli,4876,Kasimkota,586325,2,Ugginapalem,,Rural,Inhabitant,1734400,586325
3294,28,Andhra Pradesh,744,Anakapalli,4876,Kasimkota,586327,2,Kasimkota,,Rural,Inhabitant,1734600,586327
3295,28,Andhra Pradesh,744,Anakapalli,4876,Kasimkota,586331,2,Perantalapalem,,Rural,Inhabitant,1735000,586331
3296,28,Andhra Pradesh,744,Anakapalli,4876,Kasimkota,586332,2,Narasapuram,,Rural,Inhabitant,1735100,586332
3297,28,Andhra Pradesh,744,Anakapalli,4876,Kasimkota,586333,2,Ammeensahabpeta,,Rural,Inhabitant,1735200,586333
3298,28,Andhra Pradesh,744,Anakapalli,4876,Kasimkota,586334,2,Gobburupalem,,Rural,Inhabitant,1735300,586334
3299,28,Andhra Pradesh,744,Anakapalli,4876,Kasimkota,586338,2,Gurugu Bheemavaram,,Rural,Inhabitant,1735700,586338
3300,28,Andhra Pradesh,744,Anakapalli,4876,Kasimkota,586342,2,Narasingibilly,,Rural,Inhabitant,1736100,586342
3301,28,Andhra Pradesh,744,Anakapalli,4876,Kasimkota,586343,2,Nutulaguntla Palem,,Rural,Inhabitant,1736200,586343
3302,28,Andhra Pradesh,744,Anakapalli,4876,Kasimkota,586345,2,Chintalapalem,,Rural,Inhabitant,1736400,586345
3303,28,Andhra Pradesh,744,Anakapalli,4876,Kasimkota,586346,2,Somavaram,,Rural,Inhabitant,1736500,586346
3304,28,Andhra Pradesh,744,Anakapalli,4876,Kasimkota,586347,2,Yenugutuni,,Rural,Inhabitant,1736600,586347
3305,28,Andhra Pradesh,744,Anakapalli,4876,Kasimkota,586321,2,Charakam,,Rural,Inhabitant,1734000,586321
3306,28,Andhra Pradesh,744,Anakapalli,4876,Kasimkota,586326,2,Bayyavaram,,Rural,Inhabitant,1734500,586326
3307,28,Andhra Pradesh,744,Anakapalli,4876,Kasimkota,586328,2,Veduruparthi,,Rural,Inhabitant,1734700,586328
3308,28,Andhra Pradesh,744,Anakapalli,4876,Kasimkota,586329,2,Tegada,,Rural,Inhabitant,1734800,586329
3309,28,Andhra Pradesh,744,Anakapalli,4876,Kasimkota,586330,2,Kothapalle,,Rural,Inhabitant,1734900,586330
3310,28,Andhra Pradesh,744,Anakapalli,4876,Kasimkota,586335,2,Gobburu,,Rural,Inhabitant,1735400,586335
3311,28,Andhra Pradesh,744,Anakapalli,4876,Kasimkota,586336,2,Gytulapalem,,Rural,Inhabitant,1735500,586336
3312,28,Andhra Pradesh,744,Anakapalli,4876,Kasimkota,586337,2,Tallapalem,,Rural,Inhabitant,1735600,586337
3313,28,Andhra Pradesh,744,Anakapalli,4876,Kasimkota,586339,2,Sundarayyapeta,,Rural,Inhabitant,1735800,586339
3314,28,Andhra Pradesh,744,Anakapalli,4876,Kasimkota,586340,2,Eswarapalle Chowduvada,,Rural,Inhabitant,1735900,586340
3315,28,Andhra Pradesh,744,Anakapalli,4876,Kasimkota,586341,2,Komaralova,,Rural,Inhabitant,1736000,586341
3316,28,Andhra Pradesh,744,Anakapalli,4876,Kasimkota,586344,2,Zattapureddituni,,Rural,Inhabitant,1736300,586344
3317,28,Andhra Pradesh,744,Anakapalli,4876,Kasimkota,586323,4,Atcherla,,Rural,Inhabitant,1734200,586323
3318,28,Andhra Pradesh,744,Anakapalli,4860,K.Kotapadu,586000,2,Varada,,Rural,Inhabitant,1699500,586000
3319,28,Andhra Pradesh,744,Anakapalli,4860,K.Kotapadu,586001,2,Pothanavalasa Agraharam,,Rural,Inhabitant,1699600,586001
3320,28,Andhra Pradesh,744,Anakapalli,4860,K.Kotapadu,586003,2,Ramayogi Agraharam,,Rural,Inhabitant,1699800,586003
3321,28,Andhra Pradesh,744,Anakapalli,4860,K.Kotapadu,586005,2,Koruvada,,Rural,Inhabitant,1700000,586005
3322,28,Andhra Pradesh,744,Anakapalli,4860,K.Kotapadu,586006,2,Gavarapalem,,Rural,Inhabitant,1700100,586006
3323,28,Andhra Pradesh,744,Anakapalli,4860,K.Kotapadu,586007,2,Deekshitula Agraharam,,Rural,Inhabitant,1700200,586007
3324,28,Andhra Pradesh,744,Anakapalli,4860,K.Kotapadu,586009,2,Srungavaram,,Rural,Inhabitant,1700400,586009
3325,28,Andhra Pradesh,744,Anakapalli,4860,K.Kotapadu,586011,2,Dalivalasa,,Rural,Inhabitant,1700600,586011
3326,28,Andhra Pradesh,744,Anakapalli,4860,K.Kotapadu,586012,2,Singannadorapalem,,Rural,Inhabitant,1700700,586012
3327,28,Andhra Pradesh,744,Anakapalli,4860,K.Kotapadu,586015,2,Rongalinaidupalle,,Rural,Inhabitant,1701000,586015
3328,28,Andhra Pradesh,744,Anakapalli,4860,K.Kotapadu,586016,2,Paidampeta,,Rural,Inhabitant,1701100,586016
3329,28,Andhra Pradesh,744,Anakapalli,4860,K.Kotapadu,586017,2,Chowduvada,,Rural,Inhabitant,1701200,586017
3330,28,Andhra Pradesh,744,Anakapalli,4860,K.Kotapadu,586018,2,Garugubilli,,Rural,Inhabitant,1701300,586018
3331,28,Andhra Pradesh,744,Anakapalli,4860,K.Kotapadu,586019,2,Gullepalle,,Rural,Inhabitant,1701400,586019
3332,28,Andhra Pradesh,744,Anakapalli,4860,K.Kotapadu,586020,2,Gondupalem,,Rural,Inhabitant,1701500,586020
3333,28,Andhra Pradesh,744,Anakapalli,4860,K.Kotapadu,586022,2,Kintada,,Rural,Inhabitant,1701700,586022
3334,28,Andhra Pradesh,744,Anakapalli,4860,K.Kotapadu,586025,2,Kavi Konda Agraharam,,Rural,Inhabitant,1702000,586025
3335,28,Andhra Pradesh,744,Anakapalli,4860,K.Kotapadu,586027,2,Gotlam,,Rural,Inhabitant,1702200,586027
3336,28,Andhra Pradesh,744,Anakapalli,4860,K.Kotapadu,586029,2,Chandrayyapeta,,Rural,Inhabitant,1702400,586029
3337,28,Andhra Pradesh,744,Anakapalli,4860,K.Kotapadu,585998,2,Alamanda Bheemavaram,,Rural,Inhabitant,1699300,585998
3338,28,Andhra Pradesh,744,Anakapalli,4860,K.Kotapadu,585999,2,Alamandakoduru,,Rural,Inhabitant,1699400,585999
3339,28,Andhra Pradesh,744,Anakapalli,4860,K.Kotapadu,586002,2,Ugginavalasa,,Rural,Inhabitant,1699700,586002
3340,28,Andhra Pradesh,744,Anakapalli,4860,K.Kotapadu,586004,2,Koruvada Jagannadhapuram,,Rural,Inhabitant,1699900,586004
3341,28,Andhra Pradesh,744,Anakapalli,4860,K.Kotapadu,586008,2,Pindrangi,,Rural,Inhabitant,1700300,586008
3342,28,Andhra Pradesh,744,Anakapalli,4860,K.Kotapadu,586010,2,Marrivalasa,,Rural,Inhabitant,1700500,586010
3343,28,Andhra Pradesh,744,Anakapalli,4860,K.Kotapadu,586013,2,Suriddipalem,,Rural,Inhabitant,1700800,586013
3344,28,Andhra Pradesh,744,Anakapalli,4860,K.Kotapadu,586014,2,Medicherla,,Rural,Inhabitant,1700900,586014
3345,28,Andhra Pradesh,744,Anakapalli,4860,K.Kotapadu,586021,2,Kintadakotapadu,,Rural,Inhabitant,1701600,586021
3346,28,Andhra Pradesh,744,Anakapalli,4860,K.Kotapadu,586023,2,Arle,,Rural,Inhabitant,1701800,586023
3347,28,Andhra Pradesh,744,Anakapalli,4860,K.Kotapadu,586024,2,Santhapalem,,Rural,Inhabitant,1701900,586024
3348,28,Andhra Pradesh,744,Anakapalli,4860,K.Kotapadu,586026,2,Pathavalasa,,Rural,Inhabitant,1702100,586026
3349,28,Andhra Pradesh,744,Anakapalli,4860,K.Kotapadu,586028,2,Sudivalasa,,Rural,Inhabitant,1702300,586028
3350,28,Andhra Pradesh,744,Anakapalli,4874,Kotauratla,586276,2,Annavaram,,Rural,Inhabitant,1729500,586276
3351,28,Andhra Pradesh,744,Anakapalli,4874,Kotauratla,586278,2,Jalluru,,Rural,Inhabitant,1729700,586278
3352,28,Andhra Pradesh,744,Anakapalli,4874,Kotauratla,586280,2,Thangedu,,Rural,Inhabitant,1729900,586280
3353,28,Andhra Pradesh,744,Anakapalli,4874,Kotauratla,586285,2,Bodapalem,,Rural,Inhabitant,1730400,586285
3354,28,Andhra Pradesh,744,Anakapalli,4874,Kotauratla,586287,2,Chinaboddepalle,,Rural,Inhabitant,1730600,586287
3355,28,Andhra Pradesh,744,Anakapalli,4874,Kotauratla,586288,2,Kodavatipudi,,Rural,Inhabitant,1730700,586288
3356,28,Andhra Pradesh,744,Anakapalli,4874,Kotauratla,586290,2,Kailasapatnam,,Rural,Inhabitant,1730900,586290
3357,28,Andhra Pradesh,744,Anakapalli,4874,Kotauratla,586291,2,Chowduvada,,Rural,Inhabitant,1731000,586291
3358,28,Andhra Pradesh,744,Anakapalli,4874,Kotauratla,586292,2,Tadaparthi Jangampeta,,Rural,Inhabitant,1731100,586292
3359,28,Andhra Pradesh,744,Anakapalli,4874,Kotauratla,586294,2,Panduru,,Rural,Inhabitant,1731300,586294
3360,28,Andhra Pradesh,744,Anakapalli,4874,Kotauratla,912620,2,G.Sanyasirajupalem,,Rural,Inhabitant,0,0
3361,28,Andhra Pradesh,744,Anakapalli,4874,Kotauratla,586274,2,Pamulavaka,,Rural,Inhabitant,1729300,586274
3362,28,Andhra Pradesh,744,Anakapalli,4874,Kotauratla,586275,2,Bapiraju Kothapalle,,Rural,Inhabitant,1729400,586275
3363,28,Andhra Pradesh,744,Anakapalli,4874,Kotauratla,586277,2,Yendapalle,,Rural,Inhabitant,1729600,586277
3364,28,Andhra Pradesh,744,Anakapalli,4874,Kotauratla,586279,2,Sunkapuru,,Rural,Inhabitant,1729800,586279
3365,28,Andhra Pradesh,744,Anakapalli,4874,Kotauratla,586281,2,Ramannapalem,,Rural,Inhabitant,1730000,586281
3366,28,Andhra Pradesh,744,Anakapalli,4874,Kotauratla,586282,2,Rajupeta,,Rural,Inhabitant,1730100,586282
3367,28,Andhra Pradesh,744,Anakapalli,4874,Kotauratla,586283,2,Kotauratla,,Rural,Inhabitant,1730200,586283
3368,28,Andhra Pradesh,744,Anakapalli,4874,Kotauratla,586284,2,Lingapuram,,Rural,Inhabitant,1730300,586284
3369,28,Andhra Pradesh,744,Anakapalli,4874,Kotauratla,586286,2,Pippalla Kothapalle,,Rural,Inhabitant,1730500,586286
3370,28,Andhra Pradesh,744,Anakapalli,4874,Kotauratla,586289,2,Krishnambhotla Agraharam,,Rural,Inhabitant,1730800,586289
3371,28,Andhra Pradesh,744,Anakapalli,4874,Kotauratla,586293,2,Gottivada,,Rural,Inhabitant,1731200,586293
3372,28,Andhra Pradesh,744,Anakapalli,4857,Madugula,585869,2,Maddulapalem,,Rural,Inhabitant,1686700,585869
3373,28,Andhra Pradesh,744,Anakapalli,4857,Madugula,585870,2,Ravipalem,,Rural,Inhabitant,1686800,585870
3374,28,Andhra Pradesh,744,Anakapalli,4857,Madugula,585871,2,Goppulapalem,,Rural,Inhabitant,1686900,585871
3375,28,Andhra Pradesh,744,Anakapalli,4857,Madugula,585872,2,Kamakutam,,Rural,Inhabitant,1687000,585872
3376,28,Andhra Pradesh,744,Anakapalli,4857,Madugula,585873,2,Sankaram,,Rural,Inhabitant,1687100,585873
3377,28,Andhra Pradesh,744,Anakapalli,4857,Madugula,585877,2,Madugula Koduru,,Rural,Inhabitant,1687500,585877
3378,28,Andhra Pradesh,744,Anakapalli,4857,Madugula,585878,2,Madugula,,Rural,Inhabitant,1687600,585878
3379,28,Andhra Pradesh,744,Anakapalli,4857,Madugula,585883,2,Madugulakotapadu,,Rural,Inhabitant,1688100,585883
3380,28,Andhra Pradesh,744,Anakapalli,4857,Madugula,585890,2,Lova Kothapalle,,Rural,Inhabitant,1688800,585890
3381,28,Andhra Pradesh,744,Anakapalli,4857,Madugula,585892,2,Pittagedda,,Rural,Inhabitant,1689000,585892
3382,28,Andhra Pradesh,744,Anakapalli,4857,Madugula,585894,2,China Sarada,,Rural,Inhabitant,1689200,585894
3383,28,Andhra Pradesh,744,Anakapalli,4857,Madugula,585895,2,Kagitha,,Rural,Inhabitant,1689300,585895
3384,28,Andhra Pradesh,744,Anakapalli,4857,Madugula,585896,2,Peda Sarada,,Rural,Inhabitant,1689400,585896
3385,28,Andhra Pradesh,744,Anakapalli,4857,Madugula,585901,2,Avuruvada,,Rural,Inhabitant,1689900,585901
3386,28,Andhra Pradesh,744,Anakapalli,4857,Madugula,585902,2,Sanghyam,,Rural,Inhabitant,1690000,585902
3387,28,Andhra Pradesh,744,Anakapalli,4857,Madugula,585904,2,Lova Ponnavolu,,Rural,Inhabitant,1690200,585904
3388,28,Andhra Pradesh,744,Anakapalli,4857,Madugula,585906,2,Kinthali,,Rural,Inhabitant,1690400,585906
3389,28,Andhra Pradesh,744,Anakapalli,4857,Madugula,585907,2,Pongalipaka,,Rural,Inhabitant,1690500,585907
3390,28,Andhra Pradesh,744,Anakapalli,4857,Madugula,585908,2,P.Sivaram Puram,,Rural,Inhabitant,1690600,585908
3391,28,Andhra Pradesh,744,Anakapalli,4857,Madugula,585909,2,Vommali Jagannadhapuram,,Rural,Inhabitant,1690700,585909
3392,28,Andhra Pradesh,744,Anakapalli,4857,Madugula,585912,2,Gadirai,,Rural,Inhabitant,1691000,585912
3393,28,Andhra Pradesh,744,Anakapalli,4857,Madugula,585913,2,Veeranarayanam,,Rural,Inhabitant,1691100,585913
3394,28,Andhra Pradesh,744,Anakapalli,4857,Madugula,585914,2,Chintaluru,,Rural,Inhabitant,1691200,585914
3395,28,Andhra Pradesh,744,Anakapalli,4857,Madugula,585915,2,Gotivada Agraharam,,Rural,Inhabitant,1691300,585915
3396,28,Andhra Pradesh,744,Anakapalli,4857,Madugula,585918,2,Veeravilli,,Rural,Inhabitant,1691600,585918
3397,28,Andhra Pradesh,744,Anakapalli,4857,Madugula,585919,2,Bhagavathula Agraharam,,Rural,Inhabitant,1691700,585919
3398,28,Andhra Pradesh,744,Anakapalli,4857,Madugula,585868,2,Degalapalem,,Rural,Inhabitant,1686600,585868
3399,28,Andhra Pradesh,744,Anakapalli,4857,Madugula,585874,2,Tatiparthi,,Rural,Inhabitant,1687200,585874
3400,28,Andhra Pradesh,744,Anakapalli,4857,Madugula,585875,2,Kurmanadhapuram,,Rural,Inhabitant,1687300,585875
3401,28,Andhra Pradesh,744,Anakapalli,4857,Madugula,585876,2,China Kurmam,,Rural,Inhabitant,1687400,585876
3402,28,Andhra Pradesh,744,Anakapalli,4857,Madugula,585879,2,Pappusettiseri,,Rural,Inhabitant,1687700,585879
3403,28,Andhra Pradesh,744,Anakapalli,4857,Madugula,585880,2,Kaspa Jagannadhapuram,,Rural,Inhabitant,1687800,585880
3404,28,Andhra Pradesh,744,Anakapalli,4857,Madugula,585881,2,Vantarlapalem,,Rural,Inhabitant,1687900,585881
3405,28,Andhra Pradesh,744,Anakapalli,4857,Madugula,585882,2,Mukundapuram,,Rural,Inhabitant,1688000,585882
3406,28,Andhra Pradesh,744,Anakapalli,4857,Madugula,585884,2,M.K.Vallapuram,,Rural,Inhabitant,1688200,585884
3407,28,Andhra Pradesh,744,Anakapalli,4857,Madugula,585885,2,Jampena,,Rural,Inhabitant,1688300,585885
3408,28,Andhra Pradesh,744,Anakapalli,4857,Madugula,585886,2,Satyavaram,,Rural,Inhabitant,1688400,585886
3409,28,Andhra Pradesh,744,Anakapalli,4857,Madugula,585887,2,Sagaram,,Rural,Inhabitant,1688500,585887
3410,28,Andhra Pradesh,744,Anakapalli,4857,Madugula,585888,2,Lovagavara Varam,,Rural,Inhabitant,1688600,585888
3411,28,Andhra Pradesh,744,Anakapalli,4857,Madugula,585889,2,Lova Krishnapuram,,Rural,Inhabitant,1688700,585889
3412,28,Andhra Pradesh,744,Anakapalli,4857,Madugula,585891,2,Medaveedu,,Rural,Inhabitant,1688900,585891
3413,28,Andhra Pradesh,744,Anakapalli,4857,Madugula,585893,2,Jalampalle,,Rural,Inhabitant,1689100,585893
3414,28,Andhra Pradesh,744,Anakapalli,4857,Madugula,585897,2,Anukuru,,Rural,Inhabitant,1689500,585897
3415,28,Andhra Pradesh,744,Anakapalli,4857,Madugula,585898,2,China Gorrigedda,,Rural,Inhabitant,1689600,585898
3416,28,Andhra Pradesh,744,Anakapalli,4857,Madugula,585899,2,Peda Gorrigedda,,Rural,Inhabitant,1689700,585899
3417,28,Andhra Pradesh,744,Anakapalli,4857,Madugula,585900,2,Tiruvada,,Rural,Inhabitant,1689800,585900
3418,28,Andhra Pradesh,744,Anakapalli,4857,Madugula,585903,2,Kinthali Vallapuram,,Rural,Inhabitant,1690100,585903
3419,28,Andhra Pradesh,744,Anakapalli,4857,Madugula,585905,2,Jammadevipeta,,Rural,Inhabitant,1690300,585905
3420,28,Andhra Pradesh,744,Anakapalli,4857,Madugula,585910,2,Moksha Krishnapuram,,Rural,Inhabitant,1690800,585910
3421,28,Andhra Pradesh,744,Anakapalli,4857,Madugula,585911,2,Vommali,,Rural,Inhabitant,1690900,585911
3422,28,Andhra Pradesh,744,Anakapalli,4857,Madugula,585916,2,Yerukuvada,,Rural,Inhabitant,1691400,585916
3423,28,Andhra Pradesh,744,Anakapalli,4857,Madugula,585917,2,Lakshmipuram,,Rural,Inhabitant,1691500,585917
3424,28,Andhra Pradesh,744,Anakapalli,4857,Madugula,585920,2,Pothanapudi Araharam,,Rural,Inhabitant,1691800,585920
3425,28,Andhra Pradesh,744,Anakapalli,4875,Makavarapalem,586298,2,Kondala Agraharam,,Rural,Inhabitant,1731700,586298
3426,28,Andhra Pradesh,744,Anakapalli,4875,Makavarapalem,586300,2,Burugupalem,,Rural,Inhabitant,1731900,586300
3427,28,Andhra Pradesh,744,Anakapalli,4875,Makavarapalem,586305,2,Venkannapalem,,Rural,Inhabitant,1732400,586305
3428,28,Andhra Pradesh,744,Anakapalli,4875,Makavarapalem,586306,2,Settipalem,,Rural,Inhabitant,1732500,586306
3429,28,Andhra Pradesh,744,Anakapalli,4875,Makavarapalem,586309,2,Makavarapalem,,Rural,Inhabitant,1732800,586309
3430,28,Andhra Pradesh,744,Anakapalli,4875,Makavarapalem,586310,2,Narayana Gajapathirajapuram Agraharam,,Rural,Inhabitant,1732900,586310
3431,28,Andhra Pradesh,744,Anakapalli,4875,Makavarapalem,586311,2,Vajragada,,Rural,Inhabitant,1733000,586311
3432,28,Andhra Pradesh,744,Anakapalli,4875,Makavarapalem,586313,2,Giduthuru,,Rural,Inhabitant,1733200,586313
3433,28,Andhra Pradesh,744,Anakapalli,4875,Makavarapalem,586314,2,Bayyavaram,,Rural,Inhabitant,1733300,586314
3434,28,Andhra Pradesh,744,Anakapalli,4875,Makavarapalem,586315,2,Tamaram,,Rural,Inhabitant,1733400,586315
3435,28,Andhra Pradesh,744,Anakapalli,4875,Makavarapalem,586319,2,Koduru,,Rural,Inhabitant,1733800,586319
3436,28,Andhra Pradesh,744,Anakapalli,4875,Makavarapalem,586295,2,Harappa Agraharam,,Rural,Inhabitant,1731400,586295
3437,28,Andhra Pradesh,744,Anakapalli,4875,Makavarapalem,586296,2,Gangavaram,,Rural,Inhabitant,1731500,586296
3438,28,Andhra Pradesh,744,Anakapalli,4875,Makavarapalem,586297,2,Seethanna Agraharam,,Rural,Inhabitant,1731600,586297
3439,28,Andhra Pradesh,744,Anakapalli,4875,Makavarapalem,586299,2,Pydipala,,Rural,Inhabitant,1731800,586299
3440,28,Andhra Pradesh,744,Anakapalli,4875,Makavarapalem,586301,2,Tadapala,,Rural,Inhabitant,1732000,586301
3441,28,Andhra Pradesh,744,Anakapalli,4875,Makavarapalem,586303,2,Appandorapalem,,Rural,Inhabitant,1732200,586303
3442,28,Andhra Pradesh,744,Anakapalli,4875,Makavarapalem,586307,2,Zamindari Gangavaram,,Rural,Inhabitant,1732600,586307
3443,28,Andhra Pradesh,744,Anakapalli,4875,Makavarapalem,586308,2,Bheemaboina Palem,,Rural,Inhabitant,1732700,586308
3444,28,Andhra Pradesh,744,Anakapalli,4875,Makavarapalem,586312,2,Mallavaram,,Rural,Inhabitant,1733100,586312
3445,28,Andhra Pradesh,744,Anakapalli,4875,Makavarapalem,586316,2,Rachapalle,,Rural,Inhabitant,1733500,586316
3446,28,Andhra Pradesh,744,Anakapalli,4875,Makavarapalem,586317,2,Pochinapeddi Agraharam,,Rural,Inhabitant,1733600,586317
3447,28,Andhra Pradesh,744,Anakapalli,4875,Makavarapalem,586318,2,Jangalapalle,,Rural,Inhabitant,1733700,586318
3448,28,Andhra Pradesh,744,Anakapalli,4875,Makavarapalem,586304,4,Peddipalem,,Rural,Inhabitant,1732300,586304
3449,28,Andhra Pradesh,744,Anakapalli,4875,Makavarapalem,586302,6,Tootipala,,Rural,Inhabitant,1732100,586302
3450,28,Andhra Pradesh,744,Anakapalli,4877,Munagapaka,586348,2,Gantavanipalem,,Rural,Inhabitant,1736700,586348
3451,28,Andhra Pradesh,744,Anakapalli,4877,Munagapaka,586353,2,Nelupaka,,Rural,Inhabitant,1737200,586353
3452,28,Andhra Pradesh,744,Anakapalli,4877,Munagapaka,586359,2,Purushottampuram,,Rural,Inhabitant,1737800,586359
3453,28,Andhra Pradesh,744,Anakapalli,4877,Munagapaka,586362,2,Nagulapalle,,Rural,Inhabitant,1738100,586362
3454,28,Andhra Pradesh,744,Anakapalli,4877,Munagapaka,586363,2,Ummalada,,Rural,Inhabitant,1738200,586363
3455,28,Andhra Pradesh,744,Anakapalli,4877,Munagapaka,586364,2,Jaggayyapeta Agraharam,,Rural,Inhabitant,1738300,586364
3456,28,Andhra Pradesh,744,Anakapalli,4877,Munagapaka,586366,2,T.Sirasapalle,,Rural,Inhabitant,1738500,586366
3457,28,Andhra Pradesh,744,Anakapalli,4877,Munagapaka,586367,2,Venkatapuram,,Rural,Inhabitant,1738600,586367
3458,28,Andhra Pradesh,744,Anakapalli,4877,Munagapaka,586369,2,Munagapaka,,Rural,Inhabitant,1738800,586369
3459,28,Andhra Pradesh,744,Anakapalli,4877,Munagapaka,586370,2,Thimmarajupeta,,Rural,Inhabitant,1738900,586370
3460,28,Andhra Pradesh,744,Anakapalli,4877,Munagapaka,586372,2,Mallavaram,,Rural,Inhabitant,1739100,586372
3461,28,Andhra Pradesh,744,Anakapalli,4877,Munagapaka,586374,2,Rajupeta Agraharam,,Rural,Inhabitant,1739300,586374
3462,28,Andhra Pradesh,744,Anakapalli,4877,Munagapaka,586349,2,Kumarapuram,,Rural,Inhabitant,1736800,586349
3463,28,Andhra Pradesh,744,Anakapalli,4877,Munagapaka,586350,2,Chuchikonda,,Rural,Inhabitant,1736900,586350
3464,28,Andhra Pradesh,744,Anakapalli,4877,Munagapaka,586351,2,Ganaparthi,,Rural,Inhabitant,1737000,586351
3465,28,Andhra Pradesh,744,Anakapalli,4877,Munagapaka,586352,2,Challamalla,,Rural,Inhabitant,1737100,586352
3466,28,Andhra Pradesh,744,Anakapalli,4877,Munagapaka,586354,2,Madakapalem,,Rural,Inhabitant,1737300,586354
3467,28,Andhra Pradesh,744,Anakapalli,4877,Munagapaka,586356,2,Narendrapuram,,Rural,Inhabitant,1737500,586356
3468,28,Andhra Pradesh,744,Anakapalli,4877,Munagapaka,586357,2,Ramabhadrapuram Agraharam,,Rural,Inhabitant,1737600,586357
3469,28,Andhra Pradesh,744,Anakapalli,4877,Munagapaka,586358,2,Pallapu Anandapuram,,Rural,Inhabitant,1737700,586358
3470,28,Andhra Pradesh,744,Anakapalli,4877,Munagapaka,586360,2,Arabupalem,,Rural,Inhabitant,1737900,586360
3471,28,Andhra Pradesh,744,Anakapalli,4877,Munagapaka,586361,2,Vompolu,,Rural,Inhabitant,1738000,586361
3472,28,Andhra Pradesh,744,Anakapalli,4877,Munagapaka,586371,2,Vadrapalle,,Rural,Inhabitant,1739000,586371
3473,28,Andhra Pradesh,744,Anakapalli,4877,Munagapaka,586373,2,Kakarapalle,,Rural,Inhabitant,1739200,586373
3474,28,Andhra Pradesh,744,Anakapalli,4877,Munagapaka,586355,3,Cherlopalem,,Rural,Inhabitant,1737400,586355
3475,28,Andhra Pradesh,744,Anakapalli,4877,Munagapaka,586375,4,Nagavaram,,Rural,Inhabitant,1739400,586375
3476,28,Andhra Pradesh,744,Anakapalli,4877,Munagapaka,586365,4,Thotada,,Rural,Inhabitant,1738400,586365
3477,28,Andhra Pradesh,744,Anakapalli,4877,Munagapaka,586368,5,Patipalle,,Rural,Inhabitant,1738700,586368
3478,28,Andhra Pradesh,744,Anakapalli,4880,Nakkapalli,586427,2,Mukundarajupeta,,Rural,Inhabitant,1744600,586427
3479,28,Andhra Pradesh,744,Anakapalli,4880,Nakkapalli,586431,2,Pedadoddigallu,,Rural,Inhabitant,1745000,586431
3480,28,Andhra Pradesh,744,Anakapalli,4880,Nakkapalli,586435,2,Chinadoddigallu,,Rural,Inhabitant,1745400,586435
3481,28,Andhra Pradesh,744,Anakapalli,4880,Nakkapalli,586440,2,Devavaram,,Rural,Inhabitant,1745900,586440
3482,28,Andhra Pradesh,744,Anakapalli,4880,Nakkapalli,586441,2,Uddandapuram,,Rural,Inhabitant,1746000,586441
3483,28,Andhra Pradesh,744,Anakapalli,4880,Nakkapalli,586444,2,Donivanilakshmipuram,,Rural,Inhabitant,1746300,586444
3484,28,Andhra Pradesh,744,Anakapalli,4880,Nakkapalli,586447,2,Upmaka Agraharam,,Rural,Inhabitant,1746700,586447
3485,28,Andhra Pradesh,744,Anakapalli,4880,Nakkapalli,586450,2,Chandanada,,Rural,Inhabitant,1747000,586450
3486,28,Andhra Pradesh,744,Anakapalli,4880,Nakkapalli,586451,2,Nallamattipalem,,Rural,Inhabitant,1747100,586451
3487,28,Andhra Pradesh,744,Anakapalli,4880,Nakkapalli,586425,2,Donkada,,Rural,Inhabitant,1744400,586425
3488,28,Andhra Pradesh,744,Anakapalli,4880,Nakkapalli,586426,2,G.Jagannadhapuram,,Rural,Inhabitant,1744500,586426
3489,28,Andhra Pradesh,744,Anakapalli,4880,Nakkapalli,586428,2,Cheedika,,Rural,Inhabitant,1744700,586428
3490,28,Andhra Pradesh,744,Anakapalli,4880,Nakkapalli,586429,2,Dosalapadu,,Rural,Inhabitant,1744800,586429
3491,28,Andhra Pradesh,744,Anakapalli,4880,Nakkapalli,586430,2,Rebaka,,Rural,Inhabitant,1744900,586430
3492,28,Andhra Pradesh,744,Anakapalli,4880,Nakkapalli,586432,2,Bodugallam,,Rural,Inhabitant,1745100,586432
3493,28,Andhra Pradesh,744,Anakapalli,4880,Nakkapalli,586433,2,Chittibatla Agraharam,,Rural,Inhabitant,1745200,586433
3494,28,Andhra Pradesh,744,Anakapalli,4880,Nakkapalli,586434,2,Nayampudi,,Rural,Inhabitant,1745300,586434
3495,28,Andhra Pradesh,744,Anakapalli,4880,Nakkapalli,586436,2,Ramanayyapeta,,Rural,Inhabitant,1745500,586436
3496,28,Andhra Pradesh,744,Anakapalli,4880,Nakkapalli,586437,2,Gullipadu,,Rural,Inhabitant,1745600,586437
3497,28,Andhra Pradesh,744,Anakapalli,4880,Nakkapalli,586438,2,Godicherla,,Rural,Inhabitant,1745700,586438
3498,28,Andhra Pradesh,744,Anakapalli,4880,Nakkapalli,586439,2,Chinarambhadrapuram,,Rural,Inhabitant,1745800,586439
3499,28,Andhra Pradesh,744,Anakapalli,4880,Nakkapalli,586442,2,Nellipudi,,Rural,Inhabitant,1746100,586442
3500,28,Andhra Pradesh,744,Anakapalli,4880,Nakkapalli,586443,2,Gunupudi,,Rural,Inhabitant,1746200,586443
3501,28,Andhra Pradesh,744,Anakapalli,4880,Nakkapalli,586445,2,Vempadu,,Rural,Inhabitant,1746400,586445
3502,28,Andhra Pradesh,744,Anakapalli,4880,Nakkapalli,586446,2,Kagitha,,Rural,Inhabitant,1746500,586446
3503,28,Andhra Pradesh,744,Anakapalli,4880,Nakkapalli,586448,2,Chukalavari Lakshmipuram,,Rural,Inhabitant,1746800,586448
3504,28,Andhra Pradesh,744,Anakapalli,4880,Nakkapalli,586449,2,N.Narasapuram,,Rural,Inhabitant,1746900,586449
3505,28,Andhra Pradesh,744,Anakapalli,4880,Nakkapalli,586452,2,Buchirajupeta,,Rural,Inhabitant,1747200,586452
3506,28,Andhra Pradesh,744,Anakapalli,4880,Nakkapalli,586453,2,Rajayyapeta,,Rural,Inhabitant,1747300,586453
3507,28,Andhra Pradesh,744,Anakapalli,4880,Nakkapalli,586454,2,Pedateenarla,,Rural,Inhabitant,1747400,586454
3508,28,Andhra Pradesh,744,Anakapalli,4880,Nakkapalli,586455,2,Nakkapalle (Ct),,Rural,Inhabitant,1746600,586455
3509,28,Andhra Pradesh,744,Anakapalli,4854,Narsipatnam,585793,2,Chettupalle,,Rural,Inhabitant,1679200,585793
3510,28,Andhra Pradesh,744,Anakapalli,4854,Narsipatnam,585800,2,Yerakannapalem,,Rural,Inhabitant,1680000,585800
3511,28,Andhra Pradesh,744,Anakapalli,4854,Narsipatnam,585790,2,Neelampeta,,Rural,Inhabitant,1678900,585790
3512,28,Andhra Pradesh,744,Anakapalli,4854,Narsipatnam,585791,2,Gabbada,,Rural,Inhabitant,1679000,585791
3513,28,Andhra Pradesh,744,Anakapalli,4854,Narsipatnam,585792,2,Guramdorapalem,,Rural,Inhabitant,1679100,585792
3514,28,Andhra Pradesh,744,Anakapalli,4854,Narsipatnam,585794,2,Ordinary Laxmipuram,,Rural,Inhabitant,1679400,585794
3515,28,Andhra Pradesh,744,Anakapalli,4854,Narsipatnam,585796,2,Dharmasagaram,,Rural,Inhabitant,1679600,585796
3516,28,Andhra Pradesh,744,Anakapalli,4854,Narsipatnam,585797,2,Duggada,,Rural,Inhabitant,1679700,585797
3517,28,Andhra Pradesh,744,Anakapalli,4854,Narsipatnam,585798,2,Vemulapudi,,Rural,Inhabitant,1679800,585798
3518,28,Andhra Pradesh,744,Anakapalli,4854,Narsipatnam,585799,2,Amalapuram,,Rural,Inhabitant,1679900,585799
3519,28,Andhra Pradesh,744,Anakapalli,4854,Narsipatnam,585789,2,Veerabhupala Patnam,,Rural,Un-Inhabitant,1678800,585789
3520,28,Andhra Pradesh,744,Anakapalli,4854,Narsipatnam,585795,4,Balighattam,,Unmapped,Inhabitant,1679500,585795
3521,28,Andhra Pradesh,744,Anakapalli,4854,Narsipatnam,585802,4,Peda Boddepalle (Ct),,Unmapped,Inhabitant,1679300,585802
3522,28,Andhra Pradesh,744,Anakapalli,4854,Narsipatnam,585801,4,Narsipatnam (Ct),,Unmapped,Inhabitant,41304000,585801
3523,28,Andhra Pradesh,744,Anakapalli,4852,Nathavaram,585715,2,Chammachinta,,Rural,Inhabitant,1671400,585715
3524,28,Andhra Pradesh,744,Anakapalli,4852,Nathavaram,585719,2,Yellavaram Dondapeta,,Rural,Inhabitant,1671800,585719
3525,28,Andhra Pradesh,744,Anakapalli,4852,Nathavaram,585724,2,Kesavaram Agraharam,,Rural,Inhabitant,1672300,585724
3526,28,Andhra Pradesh,744,Anakapalli,4852,Nathavaram,585725,2,Nathavaram,,Rural,Inhabitant,1672400,585725
3527,28,Andhra Pradesh,744,Anakapalli,4852,Nathavaram,585726,2,China Jaggampeta,,Rural,Inhabitant,1672500,585726
3528,28,Andhra Pradesh,744,Anakapalli,4852,Nathavaram,585728,2,Kalavavoddu Sarabhavaram,,Rural,Inhabitant,1672700,585728
3529,28,Andhra Pradesh,744,Anakapalli,4852,Nathavaram,585729,2,Buradapalle Agraharam,,Rural,Inhabitant,1672800,585729
3530,28,Andhra Pradesh,744,Anakapalli,4852,Nathavaram,585731,2,Krishnapura Agraharam,,Rural,Inhabitant,1673000,585731
3531,28,Andhra Pradesh,744,Anakapalli,4852,Nathavaram,585732,2,Sarugudu,,Rural,Inhabitant,1673100,585732
3532,28,Andhra Pradesh,744,Anakapalli,4852,Nathavaram,585734,2,Golugondapeta,,Rural,Inhabitant,1673300,585734
3533,28,Andhra Pradesh,744,Anakapalli,4852,Nathavaram,585735,2,Gunupudi,,Rural,Inhabitant,1673400,585735
3534,28,Andhra Pradesh,744,Anakapalli,4852,Nathavaram,585736,2,Dharmavaram Agraharam,,Rural,Inhabitant,1673500,585736
3535,28,Andhra Pradesh,744,Anakapalli,4852,Nathavaram,585737,2,Pedajaggampeta,,Rural,Inhabitant,1673600,585737
3536,28,Andhra Pradesh,744,Anakapalli,4852,Nathavaram,585739,2,Sarabhoopati Agraharam,,Rural,Inhabitant,1673800,585739
3537,28,Andhra Pradesh,744,Anakapalli,4852,Nathavaram,585740,2,Sarabhoopala Patnam,,Rural,Inhabitant,1673900,585740
3538,28,Andhra Pradesh,744,Anakapalli,4852,Nathavaram,585742,2,Kodavatipudi Agraharam,,Rural,Inhabitant,1674100,585742
3539,28,Andhra Pradesh,744,Anakapalli,4852,Nathavaram,585743,2,Rajupeta Agraharam,,Rural,Inhabitant,1674200,585743
3540,28,Andhra Pradesh,744,Anakapalli,4852,Nathavaram,585745,2,Anantha Padmanabhapuram,,Rural,Inhabitant,1674400,585745
3541,28,Andhra Pradesh,744,Anakapalli,4852,Nathavaram,585747,2,Mallubhupala Patnam,,Rural,Inhabitant,1674600,585747
3542,28,Andhra Pradesh,744,Anakapalli,4852,Nathavaram,585748,2,Chollangipalem,,Rural,Inhabitant,1674700,585748
3543,28,Andhra Pradesh,744,Anakapalli,4852,Nathavaram,585752,2,Gannavaram,,Rural,Inhabitant,1675100,585752
3544,28,Andhra Pradesh,744,Anakapalli,4852,Nathavaram,912636,2,Yerakampeta,,Rural,Inhabitant,0,0
3545,28,Andhra Pradesh,744,Anakapalli,4852,Nathavaram,585714,2,Kuruvada,,Rural,Inhabitant,1671300,585714
3546,28,Andhra Pradesh,744,Anakapalli,4852,Nathavaram,585716,2,Vootamalla,,Rural,Inhabitant,1671500,585716
3547,28,Andhra Pradesh,744,Anakapalli,4852,Nathavaram,585717,2,Valasampeta,,Rural,Inhabitant,1671600,585717
3548,28,Andhra Pradesh,744,Anakapalli,4852,Nathavaram,585718,2,Adivikamayya Agraharam,,Rural,Inhabitant,1671700,585718
3549,28,Andhra Pradesh,744,Anakapalli,4852,Nathavaram,585720,2,Donkada Agraharam,,Rural,Inhabitant,1671900,585720
3550,28,Andhra Pradesh,744,Anakapalli,4852,Nathavaram,585721,2,Mulagapudi Bennavaram,,Rural,Inhabitant,1672000,585721
3551,28,Andhra Pradesh,744,Anakapalli,4852,Nathavaram,585722,2,Cherlopalem,,Rural,Inhabitant,1672100,585722
3552,28,Andhra Pradesh,744,Anakapalli,4852,Nathavaram,585723,2,Zilledipudi,,Rural,Inhabitant,1672200,585723
3553,28,Andhra Pradesh,744,Anakapalli,4852,Nathavaram,585727,2,Pottinagannadora Palem,,Rural,Inhabitant,1672600,585727
3554,28,Andhra Pradesh,744,Anakapalli,4852,Nathavaram,585730,2,Gummidigonda,,Rural,Inhabitant,1672900,585730
3555,28,Andhra Pradesh,744,Anakapalli,4852,Nathavaram,585733,2,Vedurupalle,,Rural,Inhabitant,1673200,585733
3556,28,Andhra Pradesh,744,Anakapalli,4852,Nathavaram,585738,2,Pichchiganti Kothagudam,,Rural,Inhabitant,1673700,585738
3557,28,Andhra Pradesh,744,Anakapalli,4852,Nathavaram,585741,2,Ramachandraraju Agraharam,,Rural,Inhabitant,1674000,585741
3558,28,Andhra Pradesh,744,Anakapalli,4852,Nathavaram,585744,2,Manyapuratla,,Rural,Inhabitant,1674300,585744
3559,28,Andhra Pradesh,744,Anakapalli,4852,Nathavaram,585746,2,Srungavaram,,Rural,Inhabitant,1674500,585746
3560,28,Andhra Pradesh,744,Anakapalli,4852,Nathavaram,585749,2,Yerakabhoopati Agraharam,,Rural,Inhabitant,1674800,585749
3561,28,Andhra Pradesh,744,Anakapalli,4852,Nathavaram,585750,2,Pedabhairavabhoopati Agraharam,,Rural,Inhabitant,1674900,585750
3562,28,Andhra Pradesh,744,Anakapalli,4852,Nathavaram,585751,2,Veerabhupati Agraharam,,Rural,Inhabitant,1675000,585751
3563,28,Andhra Pradesh,744,Anakapalli,4870,Paravada,586152,2,Pedamusidivada,,Rural,Inhabitant,1716700,586152
3564,28,Andhra Pradesh,744,Anakapalli,4870,Paravada,586153,2,Thadi,,Unmapped,Inhabitant,1717000,586153
3565,28,Andhra Pradesh,744,Anakapalli,4870,Paravada,586160,2,Thanam,,Rural,Inhabitant,1717800,586160
3566,28,Andhra Pradesh,744,Anakapalli,4870,Paravada,586162,2,Pentaseema Bonangi,,Rural,Inhabitant,1718100,586162
3567,28,Andhra Pradesh,744,Anakapalli,4870,Paravada,586163,2,Payakarao Bonangi,,Rural,Inhabitant,1718200,586163
3568,28,Andhra Pradesh,744,Anakapalli,4870,Paravada,586164,2,Paravada,,Rural,Inhabitant,1718300,586164
3569,28,Andhra Pradesh,744,Anakapalli,4870,Paravada,586167,2,Swayambuvaram,,Rural,Inhabitant,1718600,586167
3570,28,Andhra Pradesh,744,Anakapalli,4870,Paravada,929942,2,Matripalem,మంత్రిపాలెం,Unmapped,Inhabitant,0,0
3571,28,Andhra Pradesh,744,Anakapalli,4870,Paravada,929946,2,P Sivarampuram,పి.శివరాంపురం,Unmapped,Inhabitant,0,0
3572,28,Andhra Pradesh,744,Anakapalli,4870,Paravada,930989,2,Mantripalem,మంత్రిపాలెం,Unmapped,Inhabitant,0,0
3573,28,Andhra Pradesh,744,Anakapalli,4870,Paravada,586151,2,Kannuru,,Rural,Inhabitant,1716600,586151
3574,28,Andhra Pradesh,744,Anakapalli,4870,Paravada,586161,2,Edulapaka Bonangi,,Rural,Inhabitant,1717900,586161
3575,28,Andhra Pradesh,744,Anakapalli,4870,Paravada,586165,2,Bharinikam,,Rural,Inhabitant,1718400,586165
3576,28,Andhra Pradesh,744,Anakapalli,4870,Paravada,586166,2,Ravada,,Rural,Inhabitant,1718500,586166
3577,28,Andhra Pradesh,744,Anakapalli,4870,Paravada,586168,2,Kalapaka,,Rural,Inhabitant,1718700,586168
3578,28,Andhra Pradesh,744,Anakapalli,4870,Paravada,586169,2,Cheepurupalle (West),,Rural,Inhabitant,1718800,586169
3579,28,Andhra Pradesh,744,Anakapalli,4870,Paravada,586170,2,Cheepurupalle (East ),,Rural,Inhabitant,1718900,586170
3580,28,Andhra Pradesh,744,Anakapalli,4870,Paravada,912662,2,Vennelapalem,,Rural,Inhabitant,0,0
3581,28,Andhra Pradesh,744,Anakapalli,4870,Paravada,929941,2,Lankelapalem,లంకెలపాలెం,Unmapped,Inhabitant,0,0
3582,28,Andhra Pradesh,744,Anakapalli,4870,Paravada,929943,2,Marripalem,మర్రిపాలెం  ,Unmapped,Inhabitant,0,0
3583,28,Andhra Pradesh,744,Anakapalli,4870,Paravada,586154,4,Donkada,,Unmapped,Inhabitant,1717200,586154
3584,28,Andhra Pradesh,744,Anakapalli,4870,Paravada,586157,4,Jagannadhapuram Agraharam,,Unmapped,Inhabitant,1717500,586157
3585,28,Andhra Pradesh,744,Anakapalli,4870,Paravada,586159,4,Ponnuruagraharam,,Unmapped,Inhabitant,1717700,586159
3586,28,Andhra Pradesh,744,Anakapalli,4870,Paravada,586155,4,Pedamadaka,,Unmapped,Inhabitant,1717300,586155
3587,28,Andhra Pradesh,744,Anakapalli,4870,Paravada,586156,4,Pinamadaka,,Unmapped,Inhabitant,1717400,586156
3588,28,Andhra Pradesh,744,Anakapalli,4870,Paravada,586158,4,Lemarthi Agraharam,,Unmapped,Inhabitant,1717600,586158
3589,28,Andhra Pradesh,744,Anakapalli,4881,Payakaraopeta,586456,2,Padalavani Laxmipuram,,Rural,Inhabitant,1747600,586456
3590,28,Andhra Pradesh,744,Anakapalli,4881,Payakaraopeta,586458,2,Guntapalle,,Rural,Inhabitant,1747800,586458
3591,28,Andhra Pradesh,744,Anakapalli,4881,Payakaraopeta,586461,2,Mangavaram,,Rural,Inhabitant,1748100,586461
3592,28,Andhra Pradesh,744,Anakapalli,4881,Payakaraopeta,586462,2,Aratla Kota,,Rural,Inhabitant,1748200,586462
3593,28,Andhra Pradesh,744,Anakapalli,4881,Payakaraopeta,586466,2,Edatam,,Rural,Inhabitant,1748600,586466
3594,28,Andhra Pradesh,744,Anakapalli,4881,Payakaraopeta,586471,2,Masahebpeta,,Rural,Inhabitant,1749100,586471
3595,28,Andhra Pradesh,744,Anakapalli,4881,Payakaraopeta,586474,2,Payakaraopeta (Ct),,Rural,Inhabitant,1747500,586474
3596,28,Andhra Pradesh,744,Anakapalli,4881,Payakaraopeta,586457,2,Namavaram,,Rural,Inhabitant,1747700,586457
3597,28,Andhra Pradesh,744,Anakapalli,4881,Payakaraopeta,586459,2,Gopalapatnam,,Rural,Inhabitant,1747900,586459
3598,28,Andhra Pradesh,744,Anakapalli,4881,Payakaraopeta,586460,2,Satyavaram,,Rural,Inhabitant,1748000,586460
3599,28,Andhra Pradesh,744,Anakapalli,4881,Payakaraopeta,586463,2,Pedaramabhadrapuram,,Rural,Inhabitant,1748300,586463
3600,28,Andhra Pradesh,744,Anakapalli,4881,Payakaraopeta,586464,2,Palteru,,Rural,Inhabitant,1748400,586464
3601,28,Andhra Pradesh,744,Anakapalli,4881,Payakaraopeta,586465,2,Kandipudi,,Rural,Inhabitant,1748500,586465
3602,28,Andhra Pradesh,744,Anakapalli,4881,Payakaraopeta,586467,2,Kumarapuram,,Rural,Inhabitant,1748700,586467
3603,28,Andhra Pradesh,744,Anakapalli,4881,Payakaraopeta,586468,2,S.Narasapuram,,Rural,Inhabitant,1748800,586468
3604,28,Andhra Pradesh,744,Anakapalli,4881,Payakaraopeta,586469,2,Srirampuram,,Rural,Inhabitant,1748900,586469
3605,28,Andhra Pradesh,744,Anakapalli,4881,Payakaraopeta,586470,2,Kesavaram,,Rural,Inhabitant,1749000,586470
3606,28,Andhra Pradesh,744,Anakapalli,4881,Payakaraopeta,586472,2,Rajavaram,,Rural,Inhabitant,1749200,586472
3607,28,Andhra Pradesh,744,Anakapalli,4881,Payakaraopeta,586473,2,Pentakota,,Rural,Inhabitant,1749300,586473
3608,28,Andhra Pradesh,744,Anakapalli,4883,Rambilli,586498,2,Kothuru,,Rural,Inhabitant,1751700,586498
3609,28,Andhra Pradesh,744,Anakapalli,4883,Rambilli,586499,2,Mulajampa,,Rural,Inhabitant,1751800,586499
3610,28,Andhra Pradesh,744,Anakapalli,4883,Rambilli,586502,2,Panchadarla,,Rural,Inhabitant,1752100,586502
3611,28,Andhra Pradesh,744,Anakapalli,4883,Rambilli,586503,2,Rajakoduru,,Rural,Inhabitant,1752200,586503
3612,28,Andhra Pradesh,744,Anakapalli,4883,Rambilli,586512,2,Lalam Koduru,,Rural,Inhabitant,1753100,586512
3613,28,Andhra Pradesh,744,Anakapalli,4883,Rambilli,586513,2,Gorapudi,,Rural,Inhabitant,1753200,586513
3614,28,Andhra Pradesh,744,Anakapalli,4883,Rambilli,586515,2,Velchuru,,Rural,Inhabitant,1753400,586515
3615,28,Andhra Pradesh,744,Anakapalli,4883,Rambilli,586516,2,Rajala,,Rural,Inhabitant,1753500,586516
3616,28,Andhra Pradesh,744,Anakapalli,4883,Rambilli,586518,2,Dimili,,Rural,Inhabitant,1753700,586518
3617,28,Andhra Pradesh,744,Anakapalli,4883,Rambilli,586521,2,Marripalem,,Rural,Inhabitant,1754000,586521
3618,28,Andhra Pradesh,744,Anakapalli,4883,Rambilli,586524,2,Rambilli,,Rural,Inhabitant,1754300,586524
3619,28,Andhra Pradesh,744,Anakapalli,4883,Rambilli,586525,2,Manyapuchintuva,,Rural,Inhabitant,1754400,586525
3620,28,Andhra Pradesh,744,Anakapalli,4883,Rambilli,586506,2,Gurjapalem,,Unmapped,Un-Inhabitant,1752500,586506
3621,28,Andhra Pradesh,744,Anakapalli,4883,Rambilli,586507,2,Moturupalem,,Unmapped,Un-Inhabitant,1752600,586507
3622,28,Andhra Pradesh,744,Anakapalli,4883,Rambilli,586511,2,Nakkapalem,,Unmapped,Un-Inhabitant,1753000,586511
3623,28,Andhra Pradesh,744,Anakapalli,4883,Rambilli,912617,2,Koppingondapalem,,Rural,Inhabitant,0,0
3624,28,Andhra Pradesh,744,Anakapalli,4883,Rambilli,912618,2,Narasapuram,,Rural,Inhabitant,0,0
3625,28,Andhra Pradesh,744,Anakapalli,4883,Rambilli,586508,2,Pudi,,Unmapped,Un-Inhabitant,1752700,586508
3626,28,Andhra Pradesh,744,Anakapalli,4883,Rambilli,586509,2,Chebrolu Veerappa Konda,,Unmapped,Un-Inhabitant,1752800,586509
3627,28,Andhra Pradesh,744,Anakapalli,4883,Rambilli,586497,2,Mamidivada,,Rural,Inhabitant,1751600,586497
3628,28,Andhra Pradesh,744,Anakapalli,4883,Rambilli,586500,2,Gokivada,,Rural,Inhabitant,1751900,586500
3629,28,Andhra Pradesh,744,Anakapalli,4883,Rambilli,586501,2,Haripuram,,Rural,Inhabitant,1752000,586501
3630,28,Andhra Pradesh,744,Anakapalli,4883,Rambilli,586504,2,Krishnampalem,,Rural,Inhabitant,1752300,586504
3631,28,Andhra Pradesh,744,Anakapalli,4883,Rambilli,586505,2,Anandapuram,,Rural,Inhabitant,1752400,586505
3632,28,Andhra Pradesh,744,Anakapalli,4883,Rambilli,586510,2,Chatametta,,Rural,Inhabitant,1752900,586510
3633,28,Andhra Pradesh,744,Anakapalli,4883,Rambilli,586514,2,Vijayarampuram Agraharam,,Rural,Inhabitant,1753300,586514
3634,28,Andhra Pradesh,744,Anakapalli,4883,Rambilli,586517,2,Kumarapalle,,Rural,Inhabitant,1753600,586517
3635,28,Andhra Pradesh,744,Anakapalli,4883,Rambilli,586519,2,Kattabolu,,Rural,Inhabitant,1753800,586519
3636,28,Andhra Pradesh,744,Anakapalli,4883,Rambilli,586520,2,Murakada,,Rural,Inhabitant,1753900,586520
3637,28,Andhra Pradesh,744,Anakapalli,4883,Rambilli,586522,2,Rajala Agraharam,,Rural,Inhabitant,1754100,586522
3638,28,Andhra Pradesh,744,Anakapalli,4883,Rambilli,586523,2,Kalavalapalle,,Rural,Inhabitant,1754200,586523
3639,28,Andhra Pradesh,744,Anakapalli,4883,Rambilli,586526,2,Zirayati Chintuva,,Rural,Inhabitant,1754500,586526
3640,28,Andhra Pradesh,744,Anakapalli,4883,Rambilli,586527,2,Sitapalem,,Rural,Inhabitant,1754600,586527
3641,28,Andhra Pradesh,744,Anakapalli,4883,Rambilli,912619,2,Peda Kalavalapalli,,Rural,Inhabitant,0,0
3642,28,Andhra Pradesh,744,Anakapalli,4856,Ravikamatham,585835,2,Dharmavaram,,Rural,Inhabitant,1683300,585835
3643,28,Andhra Pradesh,744,Anakapalli,4856,Ravikamatham,585836,2,Z.Kothapatnam,,Rural,Inhabitant,1683400,585836
3644,28,Andhra Pradesh,744,Anakapalli,4856,Ravikamatham,585837,2,Z.Bennavaram,,Rural,Inhabitant,1683500,585837
3645,28,Andhra Pradesh,744,Anakapalli,4856,Ravikamatham,585840,2,Badanapadu,,Rural,Inhabitant,1683800,585840
3646,28,Andhra Pradesh,744,Anakapalli,4856,Ravikamatham,585841,2,Kavagunta,,Rural,Inhabitant,1683900,585841
3647,28,Andhra Pradesh,744,Anakapalli,4856,Ravikamatham,585842,2,Buddibanda,,Rural,Inhabitant,1684000,585842
3648,28,Andhra Pradesh,744,Anakapalli,4856,Ravikamatham,585843,2,Krishnabhupala Puram Agraharam,,Rural,Inhabitant,1684100,585843
3649,28,Andhra Pradesh,744,Anakapalli,4856,Ravikamatham,585848,2,Pedapachila,,Rural,Inhabitant,1684600,585848
3650,28,Andhra Pradesh,744,Anakapalli,4856,Ravikamatham,585850,2,Ravikamatham,,Rural,Inhabitant,1684800,585850
3651,28,Andhra Pradesh,744,Anakapalli,4856,Ravikamatham,585851,2,Gudiwada,,Rural,Inhabitant,1684900,585851
3652,28,Andhra Pradesh,744,Anakapalli,4856,Ravikamatham,585855,2,Diddi,,Rural,Inhabitant,1685300,585855
3653,28,Andhra Pradesh,744,Anakapalli,4856,Ravikamatham,585861,2,Pulakandam Ponavolu,,Rural,Inhabitant,1685900,585861
3654,28,Andhra Pradesh,744,Anakapalli,4856,Ravikamatham,585863,2,Gompa,,Rural,Inhabitant,1686100,585863
3655,28,Andhra Pradesh,744,Anakapalli,4856,Ravikamatham,585865,2,Totakurapalem,,Rural,Inhabitant,1686300,585865
3656,28,Andhra Pradesh,744,Anakapalli,4856,Ravikamatham,585833,2,Chalisingam @ Demudukonda,,Rural,Inhabitant,1683100,585833
3657,28,Andhra Pradesh,744,Anakapalli,4856,Ravikamatham,585834,2,Cheemalapadu,,Rural,Inhabitant,1683200,585834
3658,28,Andhra Pradesh,744,Anakapalli,4856,Ravikamatham,585838,2,T.Arjapuram,,Rural,Inhabitant,1683600,585838
3659,28,Andhra Pradesh,744,Anakapalli,4856,Ravikamatham,585839,2,Kotnabilli,,Rural,Inhabitant,1683700,585839
3660,28,Andhra Pradesh,744,Anakapalli,4856,Ravikamatham,585844,2,Matsyapuram,,Rural,Inhabitant,1684200,585844
3661,28,Andhra Pradesh,744,Anakapalli,4856,Ravikamatham,585845,2,Komira,,Rural,Inhabitant,1684300,585845
3662,28,Andhra Pradesh,744,Anakapalli,4856,Ravikamatham,585846,2,Chinapachila,,Rural,Inhabitant,1684400,585846
3663,28,Andhra Pradesh,744,Anakapalli,4856,Ravikamatham,585847,2,Gummallapadu,,Rural,Inhabitant,1684500,585847
3664,28,Andhra Pradesh,744,Anakapalli,4856,Ravikamatham,585849,2,Garnikam,,Rural,Inhabitant,1684700,585849
3665,28,Andhra Pradesh,744,Anakapalli,4856,Ravikamatham,585852,2,Marupaka,,Rural,Inhabitant,1685000,585852
3666,28,Andhra Pradesh,744,Anakapalli,4856,Ravikamatham,585853,2,Medivada,,Rural,Inhabitant,1685100,585853
3667,28,Andhra Pradesh,744,Anakapalli,4856,Ravikamatham,585854,2,Kanada,,Rural,Inhabitant,1685200,585854
3668,28,Andhra Pradesh,744,Anakapalli,4856,Ravikamatham,585856,2,Gogamcheedipalle,,Rural,Inhabitant,1685400,585856
3669,28,Andhra Pradesh,744,Anakapalli,4856,Ravikamatham,585857,2,Machchavanipalem,,Rural,Inhabitant,1685500,585857
3670,28,Andhra Pradesh,744,Anakapalli,4856,Ravikamatham,585858,2,Dondapudi,,Rural,Inhabitant,1685600,585858
3671,28,Andhra Pradesh,744,Anakapalli,4856,Ravikamatham,585859,2,Kothakota,,Rural,Inhabitant,1685700,585859
3672,28,Andhra Pradesh,744,Anakapalli,4856,Ravikamatham,585860,2,Marrivalasa,,Rural,Inhabitant,1685800,585860
3673,28,Andhra Pradesh,744,Anakapalli,4856,Ravikamatham,585862,2,Guddipa,,Rural,Inhabitant,1686000,585862
3674,28,Andhra Pradesh,744,Anakapalli,4856,Ravikamatham,585864,2,Tattabanda,,Rural,Inhabitant,1686200,585864
3675,28,Andhra Pradesh,744,Anakapalli,4855,Rolugunta,585803,2,Pedapeta,,Rural,Inhabitant,1680100,585803
3676,28,Andhra Pradesh,744,Anakapalli,4855,Rolugunta,585804,2,Koruprolu,,Rural,Inhabitant,1680200,585804
3677,28,Andhra Pradesh,744,Anakapalli,4855,Rolugunta,585805,2,Mokhasa Kothapatnam,,Rural,Inhabitant,1680300,585805
3678,28,Andhra Pradesh,744,Anakapalli,4855,Rolugunta,585806,2,Benna Bhupala Patnam,,Rural,Inhabitant,1680400,585806
3679,28,Andhra Pradesh,744,Anakapalli,4855,Rolugunta,585808,2,Bottavanigaviram Peta,,Rural,Inhabitant,1680600,585808
3680,28,Andhra Pradesh,744,Anakapalli,4855,Rolugunta,585810,2,Panasalapadu,,Rural,Inhabitant,1680800,585810
3681,28,Andhra Pradesh,744,Anakapalli,4855,Rolugunta,585811,2,Arla,,Rural,Inhabitant,1680900,585811
3682,28,Andhra Pradesh,744,Anakapalli,4855,Rolugunta,585813,2,Rajannapeta,,Rural,Inhabitant,1681100,585813
3683,28,Andhra Pradesh,744,Anakapalli,4855,Rolugunta,585814,2,Sarabavaram,,Rural,Inhabitant,1681200,585814
3684,28,Andhra Pradesh,744,Anakapalli,4855,Rolugunta,585817,2,Konthalam,,Rural,Inhabitant,1681500,585817
3685,28,Andhra Pradesh,744,Anakapalli,4855,Rolugunta,585818,2,Addasaram,,Rural,Inhabitant,1681600,585818
3686,28,Andhra Pradesh,744,Anakapalli,4855,Rolugunta,585819,2,Kanchugummala,,Rural,Inhabitant,1681700,585819
3687,28,Andhra Pradesh,744,Anakapalli,4855,Rolugunta,585821,2,Jaggampeta,,Rural,Inhabitant,1681900,585821
3688,28,Andhra Pradesh,744,Anakapalli,4855,Rolugunta,585822,2,Komaravolu,,Rural,Inhabitant,1682000,585822
3689,28,Andhra Pradesh,744,Anakapalli,4855,Rolugunta,585823,2,Vedullavalasa,,Rural,Inhabitant,1682100,585823
3690,28,Andhra Pradesh,744,Anakapalli,4855,Rolugunta,585824,2,Kovvuru,,Rural,Inhabitant,1682200,585824
3691,28,Andhra Pradesh,744,Anakapalli,4855,Rolugunta,585825,2,Vaddippa,,Rural,Inhabitant,1682300,585825
3692,28,Andhra Pradesh,744,Anakapalli,4855,Rolugunta,585827,2,Gurrampeta,,Rural,Inhabitant,1682500,585827
3693,28,Andhra Pradesh,744,Anakapalli,4855,Rolugunta,585828,2,Nindugonda,,Rural,Inhabitant,1682600,585828
3694,28,Andhra Pradesh,744,Anakapalli,4855,Rolugunta,585829,2,Rolugunta,,Rural,Inhabitant,1682700,585829
3695,28,Andhra Pradesh,744,Anakapalli,4855,Rolugunta,585807,2,Ratnampeta,,Rural,Inhabitant,1680500,585807
3696,28,Andhra Pradesh,744,Anakapalli,4855,Rolugunta,585809,2,Gangavaram,,Rural,Inhabitant,1680700,585809
3697,28,Andhra Pradesh,744,Anakapalli,4855,Rolugunta,585812,2,Chintalapudi,,Rural,Inhabitant,1681000,585812
3698,28,Andhra Pradesh,744,Anakapalli,4855,Rolugunta,585815,2,Yerrabhupalapatnam,,Rural,Inhabitant,1681300,585815
3699,28,Andhra Pradesh,744,Anakapalli,4855,Rolugunta,585816,2,Losingi,,Rural,Inhabitant,1681400,585816
3700,28,Andhra Pradesh,744,Anakapalli,4855,Rolugunta,585820,2,Gundubadu,,Rural,Inhabitant,1681800,585820
3701,28,Andhra Pradesh,744,Anakapalli,4855,Rolugunta,585826,2,Butchampeta,,Rural,Inhabitant,1682400,585826
3702,28,Andhra Pradesh,744,Anakapalli,4855,Rolugunta,585830,2,Kondapalem,,Rural,Inhabitant,1682800,585830
3703,28,Andhra Pradesh,744,Anakapalli,4855,Rolugunta,585831,2,Janakirampuram Agraharam,,Rural,Inhabitant,1682900,585831
3704,28,Andhra Pradesh,744,Anakapalli,4855,Rolugunta,585832,2,Kusarlapudi,,Rural,Inhabitant,1683000,585832
3705,28,Andhra Pradesh,744,Anakapalli,4861,Sabbavaram,586032,2,Rayapuram Agraharam,,Rural,Inhabitant,1702700,586032
3706,28,Andhra Pradesh,744,Anakapalli,4861,Sabbavaram,586036,2,Ayyannapalem,,Rural,Inhabitant,1703100,586036
3707,28,Andhra Pradesh,744,Anakapalli,4861,Sabbavaram,586039,2,Gullipalle,,Rural,Inhabitant,1703400,586039
3708,28,Andhra Pradesh,744,Anakapalli,4861,Sabbavaram,586042,2,Sabbavaram,,Rural,Inhabitant,1703700,586042
3709,28,Andhra Pradesh,744,Anakapalli,4861,Sabbavaram,586043,2,Gotivada,,Rural,Inhabitant,1703800,586043
3710,28,Andhra Pradesh,744,Anakapalli,4861,Sabbavaram,586045,2,Lagisettipalem,,Rural,Inhabitant,1704000,586045
3711,28,Andhra Pradesh,744,Anakapalli,4861,Sabbavaram,586046,2,Aripaka,,Rural,Inhabitant,1704100,586046
3712,28,Andhra Pradesh,744,Anakapalli,4861,Sabbavaram,586048,2,Narapadu,,Rural,Inhabitant,1704300,586048
3713,28,Andhra Pradesh,744,Anakapalli,4861,Sabbavaram,586049,2,Dongalamarri Sitarampuram,,Rural,Inhabitant,1704400,586049
3714,28,Andhra Pradesh,744,Anakapalli,4861,Sabbavaram,586050,2,Batajangalapalem,,Rural,Inhabitant,1704500,586050
3715,28,Andhra Pradesh,744,Anakapalli,4861,Sabbavaram,586052,2,Pydivada,,Rural,Inhabitant,1704700,586052
3716,28,Andhra Pradesh,744,Anakapalli,4861,Sabbavaram,586054,2,Asakapalle,,Rural,Inhabitant,1704900,586054
3717,28,Andhra Pradesh,744,Anakapalli,4861,Sabbavaram,586055,2,Iruvada,,Rural,Inhabitant,1705000,586055
3718,28,Andhra Pradesh,744,Anakapalli,4861,Sabbavaram,586058,2,Vippakaagraharam,,Rural,Inhabitant,1705300,586058
3719,28,Andhra Pradesh,744,Anakapalli,4861,Sabbavaram,929872,2,Anjanagiri,అంజనగిరి,Unmapped,Inhabitant,0,0
3720,28,Andhra Pradesh,744,Anakapalli,4861,Sabbavaram,929874,2,Nanginarapadu,నంగినారపాడు,Unmapped,Inhabitant,0,0
3721,28,Andhra Pradesh,744,Anakapalli,4861,Sabbavaram,586030,2,Bangarammapalem,,Rural,Inhabitant,1702500,586030
3722,28,Andhra Pradesh,744,Anakapalli,4861,Sabbavaram,586031,2,Sirasapalleadduru,,Rural,Inhabitant,1702600,586031
3723,28,Andhra Pradesh,744,Anakapalli,4861,Sabbavaram,586033,2,Tekkalipalem,,Rural,Inhabitant,1702800,586033
3724,28,Andhra Pradesh,744,Anakapalli,4861,Sabbavaram,586034,2,Vangali,,Rural,Inhabitant,1702900,586034
3725,28,Andhra Pradesh,744,Anakapalli,4861,Sabbavaram,586035,2,Antakapalle,,Rural,Inhabitant,1703000,586035
3726,28,Andhra Pradesh,744,Anakapalli,4861,Sabbavaram,586037,2,Elluppi,,Rural,Inhabitant,1703200,586037
3727,28,Andhra Pradesh,744,Anakapalli,4861,Sabbavaram,586038,2,Boduvalasa,,Rural,Inhabitant,1703300,586038
3728,28,Andhra Pradesh,744,Anakapalli,4861,Sabbavaram,586040,2,Mogalipuram,,Rural,Inhabitant,1703500,586040
3729,28,Andhra Pradesh,744,Anakapalli,4861,Sabbavaram,586041,2,Sabbavaram Agraharam,,Rural,Inhabitant,1703600,586041
3730,28,Andhra Pradesh,744,Anakapalli,4861,Sabbavaram,586044,2,Gali Bhimavaram,,Rural,Inhabitant,1703900,586044
3731,28,Andhra Pradesh,744,Anakapalli,4861,Sabbavaram,586047,2,Nallaregulapalem,,Rural,Inhabitant,1704200,586047
3732,28,Andhra Pradesh,744,Anakapalli,4861,Sabbavaram,586051,2,Pydivada Agraharam,,Rural,Inhabitant,1704600,586051
3733,28,Andhra Pradesh,744,Anakapalli,4861,Sabbavaram,586053,2,Yerukunaidupalem,,Rural,Inhabitant,1704800,586053
3734,28,Andhra Pradesh,744,Anakapalli,4861,Sabbavaram,586057,2,Chintagatla Agraharam,,Rural,Inhabitant,1705200,586057
3735,28,Andhra Pradesh,744,Anakapalli,4861,Sabbavaram,586059,2,Gollalapalem,,Rural,Inhabitant,1705400,586059
3736,28,Andhra Pradesh,744,Anakapalli,4861,Sabbavaram,929873,2,Gangavaram,గంగవరం,Unmapped,Inhabitant,0,0
3737,28,Andhra Pradesh,744,Anakapalli,4861,Sabbavaram,929875,2,Vedullanarava,వెద్దుళ్ల నరవ,Unmapped,Inhabitant,0,0
3738,28,Andhra Pradesh,744,Anakapalli,4861,Sabbavaram,586056,4,Amrutapuram,,Rural,Inhabitant,1705100,586056
3739,28,Andhra Pradesh,744,Anakapalli,4882,S.Rayavaram,586475,2,Pettugollapalle,,Rural,Inhabitant,1749400,586475
3740,28,Andhra Pradesh,744,Anakapalli,4882,S.Rayavaram,586476,2,Chinagummuluru,,Rural,Inhabitant,1749500,586476
3741,28,Andhra Pradesh,744,Anakapalli,4882,S.Rayavaram,586477,2,Darlapudi,,Rural,Inhabitant,1749600,586477
3742,28,Andhra Pradesh,744,Anakapalli,4882,S.Rayavaram,586478,2,Bheemavaram,,Rural,Inhabitant,1749700,586478
3743,28,Andhra Pradesh,744,Anakapalli,4882,S.Rayavaram,586481,2,S.Rayavaram,,Rural,Inhabitant,1750000,586481
3744,28,Andhra Pradesh,744,Anakapalli,4882,S.Rayavaram,586482,2,Petasudipuram,,Rural,Inhabitant,1750100,586482
3745,28,Andhra Pradesh,744,Anakapalli,4882,S.Rayavaram,586483,2,Vemagiri,,Rural,Inhabitant,1750200,586483
3746,28,Andhra Pradesh,744,Anakapalli,4882,S.Rayavaram,586485,2,Sarvasiddi,,Rural,Inhabitant,1750400,586485
3747,28,Andhra Pradesh,744,Anakapalli,4882,S.Rayavaram,586487,2,Upparapalle,,Rural,Inhabitant,1750600,586487
3748,28,Andhra Pradesh,744,Anakapalli,4882,S.Rayavaram,586488,2,Karrivanipalem,,Rural,Inhabitant,1750700,586488
3749,28,Andhra Pradesh,744,Anakapalli,4882,S.Rayavaram,586489,2,Lingarajupalem,,Rural,Inhabitant,1750800,586489
3750,28,Andhra Pradesh,744,Anakapalli,4882,S.Rayavaram,586490,2,Vommavaram,,Rural,Inhabitant,1750900,586490
3751,28,Andhra Pradesh,744,Anakapalli,4882,S.Rayavaram,586491,2,Pedagummuluru,,Rural,Inhabitant,1751000,586491
3752,28,Andhra Pradesh,744,Anakapalli,4882,S.Rayavaram,586493,2,Koruprolu,,Rural,Inhabitant,1751200,586493
3753,28,Andhra Pradesh,744,Anakapalli,4882,S.Rayavaram,586495,2,Peda Uppalam,,Rural,Inhabitant,1751400,586495
3754,28,Andhra Pradesh,744,Anakapalli,4882,S.Rayavaram,586479,2,Penugollu,,Rural,Inhabitant,1749800,586479
3755,28,Andhra Pradesh,744,Anakapalli,4882,S.Rayavaram,586480,2,Dharmavaram Agraharam,,Rural,Inhabitant,1749900,586480
3756,28,Andhra Pradesh,744,Anakapalli,4882,S.Rayavaram,586484,2,Janguluruvelampalem,,Rural,Inhabitant,1750300,586484
3757,28,Andhra Pradesh,744,Anakapalli,4882,S.Rayavaram,586486,2,Vakapadu,,Rural,Inhabitant,1750500,586486
3758,28,Andhra Pradesh,744,Anakapalli,4882,S.Rayavaram,586492,2,Thimmapuram,,Rural,Inhabitant,1751100,586492
3759,28,Andhra Pradesh,744,Anakapalli,4882,S.Rayavaram,586494,2,Gudivada,,Rural,Inhabitant,1751300,586494
3760,28,Andhra Pradesh,744,Anakapalli,4882,S.Rayavaram,586496,2,China Uppalam,,Rural,Inhabitant,1751500,586496
3761,28,Andhra Pradesh,744,Anakapalli,4879,Yelamanchili,586410,2,Kokkirapalle,,Rural,Inhabitant,1742900,586410
3762,28,Andhra Pradesh,744,Anakapalli,4879,Yelamanchili,586412,2,Jampapalem,,Rural,Inhabitant,1743100,586412
3763,28,Andhra Pradesh,744,Anakapalli,4879,Yelamanchili,586421,2,Pulaparthi,,Rural,Inhabitant,1744100,586421
3764,28,Andhra Pradesh,744,Anakapalli,4879,Yelamanchili,586422,2,Krishnapuram,,Rural,Inhabitant,1744200,586422
3765,28,Andhra Pradesh,744,Anakapalli,4879,Yelamanchili,929951,2,Pedapalli,పెదపల్లి,Unmapped,Inhabitant,0,0
3766,28,Andhra Pradesh,744,Anakapalli,4879,Yelamanchili,586411,2,Thurangalapalem,,Rural,Inhabitant,1743000,586411
3767,28,Andhra Pradesh,744,Anakapalli,4879,Yelamanchili,586416,2,Yerravaram,,Rural,Inhabitant,1743600,586416
3768,28,Andhra Pradesh,744,Anakapalli,4879,Yelamanchili,586417,2,Regupalem,,Rural,Inhabitant,1743700,586417
3769,28,Andhra Pradesh,744,Anakapalli,4879,Yelamanchili,586418,2,Bayyavaram,,Rural,Inhabitant,1743800,586418
3770,28,Andhra Pradesh,744,Anakapalli,4879,Yelamanchili,586419,2,Eti Koppaka,,Rural,Inhabitant,1743900,586419
3771,28,Andhra Pradesh,744,Anakapalli,4879,Yelamanchili,586420,2,Padmanabharaju Peta,,Rural,Inhabitant,1744000,586420
3772,28,Andhra Pradesh,744,Anakapalli,4879,Yelamanchili,929949,2,Gollagunta,గొల్ల గుంట,Unmapped,Inhabitant,0,0
3773,28,Andhra Pradesh,744,Anakapalli,4879,Yelamanchili,586423,4,Teruvupalle,,Unmapped,Inhabitant,1744300,586423
3774,28,Andhra Pradesh,744,Anakapalli,4879,Yelamanchili,586413,4,Somilingapalem,,Unmapped,Inhabitant,1743200,586413
3775,28,Andhra Pradesh,744,Anakapalli,4879,Yelamanchili,586415,4,Kattupalem,,Unmapped,Inhabitant,1743400,586415
3776,28,Andhra Pradesh,744,Anakapalli,4879,Yelamanchili,586424,4,Yelamanchili (Ct),,Unmapped,Inhabitant,1743500,586424
3777,28,Andhra Pradesh,502,Ananthapuramu,5330,Anantapur Rural,595083,3,Rachanapalle,,Rural,Inhabitant,2609300,595083
3778,28,Andhra Pradesh,502,Ananthapuramu,5330,Anantapur Rural,595089,3,Katiganikalva,,Rural,Inhabitant,2609900,595089
3779,28,Andhra Pradesh,502,Ananthapuramu,5330,Anantapur Rural,595082,3,Somanadoddi,,Rural,Inhabitant,2609200,595082
3780,28,Andhra Pradesh,502,Ananthapuramu,5330,Anantapur Rural,595080,3,Kodimi,,Rural,Inhabitant,2609000,595080
3781,28,Andhra Pradesh,502,Ananthapuramu,5330,Anantapur Rural,595099,3,Kakkalapalle (Ct),,Rural,Inhabitant,2610000,595099
3782,28,Andhra Pradesh,502,Ananthapuramu,5330,Anantapur Rural,595093,3,Kandakur,,Rural,Inhabitant,2610400,595093
3783,28,Andhra Pradesh,502,Ananthapuramu,5330,Anantapur Rural,595084,3,Sajjalakalva,,Rural,Inhabitant,2609400,595084
3784,28,Andhra Pradesh,502,Ananthapuramu,5330,Anantapur Rural,595081,3,Thaticherla,,Rural,Inhabitant,2609100,595081
3785,28,Andhra Pradesh,502,Ananthapuramu,5330,Anantapur Rural,595092,3,Jangalapalle,,Rural,Inhabitant,2610300,595092
3786,28,Andhra Pradesh,502,Ananthapuramu,5330,Anantapur Rural,595086,3,Gollapalle,,Rural,Inhabitant,2609600,595086
3787,28,Andhra Pradesh,502,Ananthapuramu,5330,Anantapur Rural,595090,3,Upparapalle,,Rural,Inhabitant,2610100,595090
3788,28,Andhra Pradesh,502,Ananthapuramu,5330,Anantapur Rural,595094,3,Chiyyedu,,Rural,Inhabitant,2610500,595094
3789,28,Andhra Pradesh,502,Ananthapuramu,5330,Anantapur Rural,595088,3,Alamuru,,Rural,Inhabitant,2609800,595088
3790,28,Andhra Pradesh,502,Ananthapuramu,5330,Anantapur Rural,595085,3,Kurugunta,,Rural,Inhabitant,2609500,595085
3791,28,Andhra Pradesh,502,Ananthapuramu,5330,Anantapur Rural,595097,3,Papampeta (Ct),,Rural,Inhabitant,42208000,595097
3792,28,Andhra Pradesh,502,Ananthapuramu,5330,Anantapur Rural,595087,3,Kamarupalle,,Rural,Inhabitant,2609700,595087
3793,28,Andhra Pradesh,502,Ananthapuramu,5330,Anantapur Rural,595095,3,Mannila,,Rural,Inhabitant,2610600,595095
3794,28,Andhra Pradesh,502,Ananthapuramu,5330,Anantapur Rural,595091,5,Itikalapalle,,Rural,Inhabitant,2610200,595091
3795,28,Andhra Pradesh,502,Ananthapuramu,7426,Anantapur Urban,595096,2,Narayanapuram (Ct),,Rural,Inhabitant,42309000,595096
3796,28,Andhra Pradesh,502,Ananthapuramu,7426,Anantapur Urban,912404,2,Anantapur Rural,,Rural,Inhabitant,0,595091
3797,28,Andhra Pradesh,502,Ananthapuramu,7426,Anantapur Urban,595098,4,Anantapur (Ct),,Unmapped,Inhabitant,42207000,595098
3798,28,Andhra Pradesh,502,Ananthapuramu,5322,Atmakur,594959,1,Madigubba,,Rural,Inhabitant,2596900,594959
3799,28,Andhra Pradesh,502,Ananthapuramu,5322,Atmakur,594961,1,Goridindla,,Rural,Inhabitant,2597100,594961
3800,28,Andhra Pradesh,502,Ananthapuramu,5322,Atmakur,594962,1,Sanapa,,Rural,Inhabitant,2597200,594962
3801,28,Andhra Pradesh,502,Ananthapuramu,5322,Atmakur,594963,1,Brahmana Yaleru,,Rural,Inhabitant,2597300,594963
3802,28,Andhra Pradesh,502,Ananthapuramu,5322,Atmakur,594957,1,Padamatiyaleru,,Rural,Inhabitant,2596700,594957
3803,28,Andhra Pradesh,502,Ananthapuramu,5322,Atmakur,594958,1,Talupuru,,Rural,Inhabitant,2596800,594958
3804,28,Andhra Pradesh,502,Ananthapuramu,5322,Atmakur,594960,1,Atmakur,,Rural,Inhabitant,2597000,594960
3805,28,Andhra Pradesh,502,Ananthapuramu,5322,Atmakur,594964,1,Thopudurthi,,Rural,Inhabitant,2597400,594964
3806,28,Andhra Pradesh,502,Ananthapuramu,5318,Beluguppa,594915,1,Gangavaram,,Rural,Inhabitant,2592600,594915
3807,28,Andhra Pradesh,502,Ananthapuramu,5318,Beluguppa,594903,1,Sreerangapuram,,Rural,Inhabitant,2591400,594903
3808,28,Andhra Pradesh,502,Ananthapuramu,5318,Beluguppa,594904,1,Narinjagundlapalle,,Rural,Inhabitant,2591500,594904
3809,28,Andhra Pradesh,502,Ananthapuramu,5318,Beluguppa,594905,1,Beluguppa,,Rural,Inhabitant,2591600,594905
3810,28,Andhra Pradesh,502,Ananthapuramu,5318,Beluguppa,594906,1,Thagguparthy,,Rural,Inhabitant,2591700,594906
3811,28,Andhra Pradesh,502,Ananthapuramu,5318,Beluguppa,594907,1,Budigumma,,Rural,Inhabitant,2591800,594907
3812,28,Andhra Pradesh,502,Ananthapuramu,5318,Beluguppa,594908,1,Ankampalle,,Rural,Inhabitant,2591900,594908
3813,28,Andhra Pradesh,502,Ananthapuramu,5318,Beluguppa,594912,1,Seerpi,,Rural,Inhabitant,2592300,594912
3814,28,Andhra Pradesh,502,Ananthapuramu,5318,Beluguppa,594916,1,Kalvapalle,,Rural,Inhabitant,2592700,594916
3815,28,Andhra Pradesh,502,Ananthapuramu,5318,Beluguppa,594909,1,Yerragudi,,Rural,Inhabitant,2592000,594909
3816,28,Andhra Pradesh,502,Ananthapuramu,5318,Beluguppa,594910,1,Avulenna,,Rural,Inhabitant,2592100,594910
3817,28,Andhra Pradesh,502,Ananthapuramu,5318,Beluguppa,594911,1,Narasapuram,,Rural,Inhabitant,2592200,594911
3818,28,Andhra Pradesh,502,Ananthapuramu,5318,Beluguppa,594913,1,Duddekunta,,Rural,Inhabitant,2592400,594913
3819,28,Andhra Pradesh,502,Ananthapuramu,5318,Beluguppa,594914,1,Konampalle,,Rural,Inhabitant,2592500,594914
3820,28,Andhra Pradesh,502,Ananthapuramu,5307,Bommanahal,594691,1,Untakal,,Rural,Inhabitant,2570400,594691
3821,28,Andhra Pradesh,502,Ananthapuramu,5307,Bommanahal,594692,1,Bommanahal,,Rural,Inhabitant,2570500,594692
3822,28,Andhra Pradesh,502,Ananthapuramu,5307,Bommanahal,594694,1,Siddarampuram,,Rural,Inhabitant,2570700,594694
3823,28,Andhra Pradesh,502,Ananthapuramu,5307,Bommanahal,594695,1,Haresamudram,,Rural,Inhabitant,2570800,594695
3824,28,Andhra Pradesh,502,Ananthapuramu,5307,Bommanahal,594696,1,Bollanaguddam,,Rural,Inhabitant,2570900,594696
3825,28,Andhra Pradesh,502,Ananthapuramu,5307,Bommanahal,594699,1,Uddehal,,Rural,Inhabitant,2571200,594699
3826,28,Andhra Pradesh,502,Ananthapuramu,5307,Bommanahal,594700,1,Kolaganahalli,,Rural,Inhabitant,2571300,594700
3827,28,Andhra Pradesh,502,Ananthapuramu,5307,Bommanahal,594702,1,Sreedharaghattu,,Rural,Inhabitant,2571500,594702
3828,28,Andhra Pradesh,502,Ananthapuramu,5307,Bommanahal,594704,1,Govindawada,,Rural,Inhabitant,2571700,594704
3829,28,Andhra Pradesh,502,Ananthapuramu,5307,Bommanahal,594690,1,Nemakallu,,Rural,Inhabitant,2570300,594690
3830,28,Andhra Pradesh,502,Ananthapuramu,5307,Bommanahal,594693,1,Kuruvalli,,Rural,Inhabitant,2570600,594693
3831,28,Andhra Pradesh,502,Ananthapuramu,5307,Bommanahal,594697,1,Kalludevanahalli,,Rural,Inhabitant,2571000,594697
3832,28,Andhra Pradesh,502,Ananthapuramu,5307,Bommanahal,594698,1,Bandur,,Rural,Inhabitant,2571100,594698
3833,28,Andhra Pradesh,502,Ananthapuramu,5307,Bommanahal,594701,1,Elanji,,Rural,Inhabitant,2571400,594701
3834,28,Andhra Pradesh,502,Ananthapuramu,5307,Bommanahal,594703,1,Singanahalli,,Rural,Inhabitant,2571600,594703
3835,28,Andhra Pradesh,502,Ananthapuramu,5307,Bommanahal,594705,1,D.Honnur,,Rural,Inhabitant,2571800,594705
3836,28,Andhra Pradesh,502,Ananthapuramu,5320,Brahmasamudram,594928,1,Gundiganihalli,,Rural,Inhabitant,2593900,594928
3837,28,Andhra Pradesh,502,Ananthapuramu,5320,Brahmasamudram,594929,1,Bhyravanithippa,,Rural,Inhabitant,2594000,594929
3838,28,Andhra Pradesh,502,Ananthapuramu,5320,Brahmasamudram,594931,1,Eradikera,,Rural,Inhabitant,2594200,594931
3839,28,Andhra Pradesh,502,Ananthapuramu,5320,Brahmasamudram,594933,1,Chelimenahalli,,Rural,Inhabitant,2594400,594933
3840,28,Andhra Pradesh,502,Ananthapuramu,5320,Brahmasamudram,594935,1,Yerrakondapuram,,Rural,Inhabitant,2594600,594935
3841,28,Andhra Pradesh,502,Ananthapuramu,5320,Brahmasamudram,594938,1,Theetakal,,Rural,Inhabitant,2594900,594938
3842,28,Andhra Pradesh,502,Ananthapuramu,5320,Brahmasamudram,594939,1,Pillalapalle,,Rural,Inhabitant,2595000,594939
3843,28,Andhra Pradesh,502,Ananthapuramu,5320,Brahmasamudram,594940,1,Santhekondapuram,,Rural,Inhabitant,2595100,594940
3844,28,Andhra Pradesh,502,Ananthapuramu,5320,Brahmasamudram,594930,1,West Kodipalle,,Rural,Inhabitant,2594100,594930
3845,28,Andhra Pradesh,502,Ananthapuramu,5320,Brahmasamudram,594932,1,Vepalaparthy,,Rural,Inhabitant,2594300,594932
3846,28,Andhra Pradesh,502,Ananthapuramu,5320,Brahmasamudram,594934,1,Brahmasamudram,,Rural,Inhabitant,2594500,594934
3847,28,Andhra Pradesh,502,Ananthapuramu,5320,Brahmasamudram,594936,1,Bhairasamudram,,Rural,Inhabitant,2594700,594936
3848,28,Andhra Pradesh,502,Ananthapuramu,5320,Brahmasamudram,594937,1,Kannepalle,,Rural,Inhabitant,2594800,594937
3849,28,Andhra Pradesh,502,Ananthapuramu,5329,Bukkaraya Samudram,595066,1,Podaralla,,Rural,Inhabitant,2607600,595066
3850,28,Andhra Pradesh,502,Ananthapuramu,5329,Bukkaraya Samudram,595067,1,Janthulur,,Rural,Inhabitant,2607700,595067
3851,28,Andhra Pradesh,502,Ananthapuramu,5329,Bukkaraya Samudram,595069,1,Korrapadu,,Rural,Inhabitant,2607900,595069
3852,28,Andhra Pradesh,502,Ananthapuramu,5329,Bukkaraya Samudram,595070,1,Chennampalle,,Rural,Inhabitant,2608000,595070
3853,28,Andhra Pradesh,502,Ananthapuramu,5329,Bukkaraya Samudram,595073,1,Siddampeta,,Rural,Inhabitant,2608300,595073
3854,28,Andhra Pradesh,502,Ananthapuramu,5329,Bukkaraya Samudram,595077,1,Siddarampuram,,Rural,Inhabitant,2608700,595077
3855,28,Andhra Pradesh,502,Ananthapuramu,5329,Bukkaraya Samudram,595079,1,Kondakinda Agraharam,,Rural,Inhabitant,2608900,595079
3856,28,Andhra Pradesh,502,Ananthapuramu,5329,Bukkaraya Samudram,595068,1,Chedulla,,Rural,Inhabitant,2607800,595068
3857,28,Andhra Pradesh,502,Ananthapuramu,5329,Bukkaraya Samudram,595071,1,Bodiganidoddi,,Rural,Inhabitant,2608100,595071
3858,28,Andhra Pradesh,502,Ananthapuramu,5329,Bukkaraya Samudram,595072,1,Chennarayunipalle,,Rural,Inhabitant,2608200,595072
3859,28,Andhra Pradesh,502,Ananthapuramu,5329,Bukkaraya Samudram,595074,1,Govindapalle,,Rural,Inhabitant,2608400,595074
3860,28,Andhra Pradesh,502,Ananthapuramu,5329,Bukkaraya Samudram,595075,1,Bukkarayasamudram,,Rural,Inhabitant,2608500,595075
3861,28,Andhra Pradesh,502,Ananthapuramu,5329,Bukkaraya Samudram,595076,1,Reddipalle,,Rural,Inhabitant,2608600,595076
3862,28,Andhra Pradesh,502,Ananthapuramu,5329,Bukkaraya Samudram,595078,1,Danduvaripalle,,Rural,Inhabitant,2608800,595078
3863,28,Andhra Pradesh,502,Ananthapuramu,5304,D.Hirehal,594642,1,H.Siddapuram,,Rural,Inhabitant,2565500,594642
3864,28,Andhra Pradesh,502,Ananthapuramu,5304,D.Hirehal,594643,1,Obulapuram,,Rural,Inhabitant,2565600,594643
3865,28,Andhra Pradesh,502,Ananthapuramu,5304,D.Hirehal,594644,1,D.Hirehal,,Rural,Inhabitant,2565700,594644
3866,28,Andhra Pradesh,502,Ananthapuramu,5304,D.Hirehal,594646,1,Lakshmipuram,,Rural,Inhabitant,2565900,594646
3867,28,Andhra Pradesh,502,Ananthapuramu,5304,D.Hirehal,594648,1,Lingamanahalli,,Rural,Inhabitant,2566100,594648
3868,28,Andhra Pradesh,502,Ananthapuramu,5304,D.Hirehal,594649,1,Jajarakal,,Rural,Inhabitant,2566200,594649
3869,28,Andhra Pradesh,502,Ananthapuramu,5304,D.Hirehal,594650,1,Hirdehal,,Rural,Inhabitant,2566300,594650
3870,28,Andhra Pradesh,502,Ananthapuramu,5304,D.Hirehal,594652,1,Nagalapuram,,Rural,Inhabitant,2566500,594652
3871,28,Andhra Pradesh,502,Ananthapuramu,5304,D.Hirehal,594655,1,Dodagatta,,Rural,Inhabitant,2566800,594655
3872,28,Andhra Pradesh,502,Ananthapuramu,5304,D.Hirehal,594657,1,Hulikal,,Rural,Inhabitant,2567000,594657
3873,28,Andhra Pradesh,502,Ananthapuramu,5304,D.Hirehal,594658,1,Muradi,,Rural,Inhabitant,2567100,594658
3874,28,Andhra Pradesh,502,Ananthapuramu,5304,D.Hirehal,594641,1,Malapanagudi,,Rural,Inhabitant,2565400,594641
3875,28,Andhra Pradesh,502,Ananthapuramu,5304,D.Hirehal,594647,1,Madenahalli,,Rural,Inhabitant,2566000,594647
3876,28,Andhra Pradesh,502,Ananthapuramu,5304,D.Hirehal,594651,1,Pulakurthi,,Rural,Inhabitant,2566400,594651
3877,28,Andhra Pradesh,502,Ananthapuramu,5304,D.Hirehal,594653,1,Somalapuram,,Rural,Inhabitant,2566600,594653
3878,28,Andhra Pradesh,502,Ananthapuramu,5304,D.Hirehal,594654,1,Kudulur,,Rural,Inhabitant,2566700,594654
3879,28,Andhra Pradesh,502,Ananthapuramu,5304,D.Hirehal,594656,1,Kadalur,,Rural,Inhabitant,2566900,594656
3880,28,Andhra Pradesh,502,Ananthapuramu,5304,D.Hirehal,594645,1,H.Hossahalli,,Rural,Un-Inhabitant,2565800,594645
3881,28,Andhra Pradesh,502,Ananthapuramu,5324,Garladinne,594978,1,Penakacherla,,Rural,Inhabitant,2598800,594978
3882,28,Andhra Pradesh,502,Ananthapuramu,5324,Garladinne,594979,1,Koppalakonda,,Rural,Inhabitant,2598900,594979
3883,28,Andhra Pradesh,502,Ananthapuramu,5324,Garladinne,594980,1,Kesavapuram,,Rural,Inhabitant,2599000,594980
3884,28,Andhra Pradesh,502,Ananthapuramu,5324,Garladinne,594984,1,Illuru,,Rural,Inhabitant,2599400,594984
3885,28,Andhra Pradesh,502,Ananthapuramu,5324,Garladinne,594985,1,Kanampalle,,Rural,Inhabitant,2599500,594985
3886,28,Andhra Pradesh,502,Ananthapuramu,5324,Garladinne,594986,1,Ankampeta,,Rural,Inhabitant,2599600,594986
3887,28,Andhra Pradesh,502,Ananthapuramu,5324,Garladinne,594988,1,Krishnapuram,,Rural,Inhabitant,2599800,594988
3888,28,Andhra Pradesh,502,Ananthapuramu,5324,Garladinne,594989,1,Yerraguntla,,Rural,Inhabitant,2599900,594989
3889,28,Andhra Pradesh,502,Ananthapuramu,5324,Garladinne,594990,1,Kotanka,,Rural,Inhabitant,2600000,594990
3890,28,Andhra Pradesh,502,Ananthapuramu,5324,Garladinne,594992,1,Budedu,,Rural,Inhabitant,2600200,594992
3891,28,Andhra Pradesh,502,Ananthapuramu,5324,Garladinne,594993,1,Garladinne,,Rural,Inhabitant,2600300,594993
3892,28,Andhra Pradesh,502,Ananthapuramu,5324,Garladinne,594994,1,Obulapuram,,Rural,Inhabitant,2600400,594994
3893,28,Andhra Pradesh,502,Ananthapuramu,5324,Garladinne,594995,1,Jambuladinne,,Rural,Inhabitant,2600500,594995
3894,28,Andhra Pradesh,502,Ananthapuramu,5324,Garladinne,594981,1,Muntimadugu,,Rural,Inhabitant,2599100,594981
3895,28,Andhra Pradesh,502,Ananthapuramu,5324,Garladinne,594982,1,Kalluru Agraharam,,Rural,Inhabitant,2599200,594982
3896,28,Andhra Pradesh,502,Ananthapuramu,5324,Garladinne,594983,1,Kalluru,,Rural,Inhabitant,2599300,594983
3897,28,Andhra Pradesh,502,Ananthapuramu,5324,Garladinne,594987,1,Sirivaram,,Rural,Inhabitant,2599700,594987
3898,28,Andhra Pradesh,502,Ananthapuramu,5324,Garladinne,594991,1,Marthadu,,Rural,Inhabitant,2600100,594991
3899,28,Andhra Pradesh,502,Ananthapuramu,5310,Gooty,594738,1,Bethapalle,,Rural,Inhabitant,2575100,594738
3900,28,Andhra Pradesh,502,Ananthapuramu,5310,Gooty,594739,1,Utakallu,,Rural,Inhabitant,2575200,594739
3901,28,Andhra Pradesh,502,Ananthapuramu,5310,Gooty,594740,1,Ubicherla,,Rural,Inhabitant,2575300,594740
3902,28,Andhra Pradesh,502,Ananthapuramu,5310,Gooty,594741,1,Karadikonda,,Rural,Inhabitant,2575400,594741
3903,28,Andhra Pradesh,502,Ananthapuramu,5310,Gooty,594742,1,Dharmapuram,,Rural,Inhabitant,2575500,594742
3904,28,Andhra Pradesh,502,Ananthapuramu,5310,Gooty,594743,1,Basinepalle,,Rural,Inhabitant,2575600,594743
3905,28,Andhra Pradesh,502,Ananthapuramu,5310,Gooty,594744,1,Kojjepalle,,Rural,Inhabitant,2575700,594744
3906,28,Andhra Pradesh,502,Ananthapuramu,5310,Gooty,594746,1,Marnepalle,,Rural,Inhabitant,2575900,594746
3907,28,Andhra Pradesh,502,Ananthapuramu,5310,Gooty,594747,1,Peddoddi,,Rural,Inhabitant,2576000,594747
3908,28,Andhra Pradesh,502,Ananthapuramu,5310,Gooty,594749,1,Eswarapalle,,Rural,Inhabitant,2576200,594749
3909,28,Andhra Pradesh,502,Ananthapuramu,5310,Gooty,594757,1,Engilibanda,,Rural,Inhabitant,2577000,594757
3910,28,Andhra Pradesh,502,Ananthapuramu,5310,Gooty,594758,1,Thondapadu,,Rural,Inhabitant,2577100,594758
3911,28,Andhra Pradesh,502,Ananthapuramu,5310,Gooty,594759,1,Jakkalacheruvu,,Rural,Inhabitant,2577200,594759
3912,28,Andhra Pradesh,502,Ananthapuramu,5310,Gooty,931726,1,Chetnepalli,Chetnepalli,Unmapped,Inhabitant,0,0
3913,28,Andhra Pradesh,502,Ananthapuramu,5310,Gooty,594745,1,Rajapuram,,Rural,Inhabitant,2575800,594745
3914,28,Andhra Pradesh,502,Ananthapuramu,5310,Gooty,594748,1,Brahmanapalle,,Rural,Inhabitant,2576100,594748
3915,28,Andhra Pradesh,502,Ananthapuramu,5310,Gooty,594750,1,Mamadur,,Rural,Inhabitant,2576300,594750
3916,28,Andhra Pradesh,502,Ananthapuramu,5310,Gooty,594751,1,Erragudi,,Rural,Inhabitant,2576400,594751
3917,28,Andhra Pradesh,502,Ananthapuramu,5310,Gooty,594752,1,Aniganidoddi,,Rural,Inhabitant,2576500,594752
3918,28,Andhra Pradesh,502,Ananthapuramu,5310,Gooty,594753,1,Abbedoddi,,Rural,Inhabitant,2576600,594753
3919,28,Andhra Pradesh,502,Ananthapuramu,5310,Gooty,594754,1,Turakapalle,,Rural,Inhabitant,2576700,594754
3920,28,Andhra Pradesh,502,Ananthapuramu,5310,Gooty,594756,1,Kothapeta,,Rural,Inhabitant,2576900,594756
3921,28,Andhra Pradesh,502,Ananthapuramu,5310,Gooty,594760,3,Gooty (Ct),,Unmapped,Inhabitant,42203000,594760
3922,28,Andhra Pradesh,502,Ananthapuramu,5310,Gooty,594755,3,Gooty (Rural),,Unmapped,Inhabitant,2576800,594755
3923,28,Andhra Pradesh,502,Ananthapuramu,5319,Gummagatta,594917,1,Galagala,,Rural,Inhabitant,2592800,594917
3924,28,Andhra Pradesh,502,Ananthapuramu,5319,Gummagatta,594918,1,Gollapalle,,Rural,Inhabitant,2592900,594918
3925,28,Andhra Pradesh,502,Ananthapuramu,5319,Gummagatta,594920,1,Belodu,,Rural,Inhabitant,2593100,594920
3926,28,Andhra Pradesh,502,Ananthapuramu,5319,Gummagatta,594923,1,Kalugodu,,Rural,Inhabitant,2593400,594923
3927,28,Andhra Pradesh,502,Ananthapuramu,5319,Gummagatta,594924,1,Pulakunta,,Rural,Inhabitant,2593500,594924
3928,28,Andhra Pradesh,502,Ananthapuramu,5319,Gummagatta,594925,1,Rangasamudram,,Rural,Inhabitant,2593600,594925
3929,28,Andhra Pradesh,502,Ananthapuramu,5319,Gummagatta,594926,1,Tallakera,,Rural,Inhabitant,2593700,594926
3930,28,Andhra Pradesh,502,Ananthapuramu,5319,Gummagatta,594919,1,Veerapuram,,Rural,Inhabitant,2593000,594919
3931,28,Andhra Pradesh,502,Ananthapuramu,5319,Gummagatta,594921,1,S.Hosahalli,,Rural,Inhabitant,2593200,594921
3932,28,Andhra Pradesh,502,Ananthapuramu,5319,Gummagatta,594922,1,Bhupasamudram,,Rural,Inhabitant,2593300,594922
3933,28,Andhra Pradesh,502,Ananthapuramu,5319,Gummagatta,594927,1,Gummagatta,,Rural,Inhabitant,2593800,594927
3934,28,Andhra Pradesh,502,Ananthapuramu,5309,Guntakal,594721,1,Sangala,,Rural,Inhabitant,2573400,594721
3935,28,Andhra Pradesh,502,Ananthapuramu,5309,Guntakal,594723,1,Gundala,,Rural,Inhabitant,2573600,594723
3936,28,Andhra Pradesh,502,Ananthapuramu,5309,Guntakal,594725,1,Konganapalle,,Rural,Inhabitant,2573800,594725
3937,28,Andhra Pradesh,502,Ananthapuramu,5309,Guntakal,594727,1,Obulapuram,,Rural,Inhabitant,2574000,594727
3938,28,Andhra Pradesh,502,Ananthapuramu,5309,Guntakal,594732,1,Guntakal (R),,Rural,Inhabitant,2574500,594732
3939,28,Andhra Pradesh,502,Ananthapuramu,5309,Guntakal,594737,1,Ayyavaripalle,,Rural,Inhabitant,2575000,594737
3940,28,Andhra Pradesh,502,Ananthapuramu,5309,Guntakal,594720,1,Kasapuram,,Rural,Inhabitant,2573300,594720
3941,28,Andhra Pradesh,502,Ananthapuramu,5309,Guntakal,594722,1,Dosaludiki,,Rural,Inhabitant,2573500,594722
3942,28,Andhra Pradesh,502,Ananthapuramu,5309,Guntakal,594724,1,Ameenpalle,,Rural,Inhabitant,2573700,594724
3943,28,Andhra Pradesh,502,Ananthapuramu,5309,Guntakal,594726,1,Sankarabanda,,Rural,Inhabitant,2573900,594726
3944,28,Andhra Pradesh,502,Ananthapuramu,5309,Guntakal,594728,1,Yerrathimmarayachervu,,Rural,Inhabitant,2574100,594728
3945,28,Andhra Pradesh,502,Ananthapuramu,5309,Guntakal,594729,1,Patha Kothachervu,,Rural,Inhabitant,2574200,594729
3946,28,Andhra Pradesh,502,Ananthapuramu,5309,Guntakal,594730,1,Nakkanadoddi,,Rural,Inhabitant,2574300,594730
3947,28,Andhra Pradesh,502,Ananthapuramu,5309,Guntakal,594731,1,Thimmapuram,,Rural,Inhabitant,2574400,594731
3948,28,Andhra Pradesh,502,Ananthapuramu,5309,Guntakal,594733,1,Donimukkala,,Rural,Inhabitant,2574600,594733
3949,28,Andhra Pradesh,502,Ananthapuramu,5309,Guntakal,594734,1,Nelagonda,,Rural,Inhabitant,2574700,594734
3950,28,Andhra Pradesh,502,Ananthapuramu,5309,Guntakal,594735,1,Dancherla,,Rural,Inhabitant,2574800,594735
3951,28,Andhra Pradesh,502,Ananthapuramu,5309,Guntakal,594736,1,Nagasamudram,,Rural,Inhabitant,2574900,594736
3952,28,Andhra Pradesh,502,Ananthapuramu,5309,Guntakal,930350,1,Thimmanacherla,తిమ్మనచెర్ల ,Unmapped,Inhabitant,0,0
3953,28,Andhra Pradesh,502,Ananthapuramu,5321,Kalyanadurg,594942,1,Chapiri,,Rural,Inhabitant,2595300,594942
3954,28,Andhra Pradesh,502,Ananthapuramu,5321,Kalyanadurg,594944,1,Garudapuram,,Rural,Inhabitant,2595500,594944
3955,28,Andhra Pradesh,502,Ananthapuramu,5321,Kalyanadurg,594947,1,Duradakunta,,Rural,Inhabitant,2595800,594947
3956,28,Andhra Pradesh,502,Ananthapuramu,5321,Kalyanadurg,594950,1,Golla,,Rural,Inhabitant,2596100,594950
3957,28,Andhra Pradesh,502,Ananthapuramu,5321,Kalyanadurg,594952,1,Varli,,Rural,Inhabitant,2596300,594952
3958,28,Andhra Pradesh,502,Ananthapuramu,5321,Kalyanadurg,594954,1,Manirevu,,Rural,Inhabitant,2596500,594954
3959,28,Andhra Pradesh,502,Ananthapuramu,5321,Kalyanadurg,594955,1,Thimmasamudram,,Rural,Inhabitant,2596600,594955
3960,28,Andhra Pradesh,502,Ananthapuramu,5321,Kalyanadurg,594941,1,Hulikal,,Rural,Inhabitant,2595200,594941
3961,28,Andhra Pradesh,502,Ananthapuramu,5321,Kalyanadurg,594945,1,Kurubarahalli,,Rural,Inhabitant,2595600,594945
3962,28,Andhra Pradesh,502,Ananthapuramu,5321,Kalyanadurg,594946,1,Bedrahalli,,Rural,Inhabitant,2595700,594946
3963,28,Andhra Pradesh,502,Ananthapuramu,5321,Kalyanadurg,594948,1,Palavoy,,Rural,Inhabitant,2595900,594948
3964,28,Andhra Pradesh,502,Ananthapuramu,5321,Kalyanadurg,594949,1,Mudigal,,Rural,Inhabitant,2596000,594949
3965,28,Andhra Pradesh,502,Ananthapuramu,5321,Kalyanadurg,594951,1,East Kodipalle,,Rural,Inhabitant,2596200,594951
3966,28,Andhra Pradesh,502,Ananthapuramu,5321,Kalyanadurg,594953,1,Muddinayanapalle,,Rural,Inhabitant,2596400,594953
3967,28,Andhra Pradesh,502,Ananthapuramu,5321,Kalyanadurg,594943,3,Kalyandurg (Rural),,Unmapped,Inhabitant,2595400,594943
3968,28,Andhra Pradesh,502,Ananthapuramu,5321,Kalyanadurg,594956,3,Kalyandurg (Ct),,Unmapped,Inhabitant,42206000,594956
3969,28,Andhra Pradesh,502,Ananthapuramu,5334,Kambadur,595133,1,Kambadur,,Rural,Inhabitant,2614000,595133
3970,28,Andhra Pradesh,502,Ananthapuramu,5334,Kambadur,595135,1,Ramapuram,,Rural,Inhabitant,2614200,595135
3971,28,Andhra Pradesh,502,Ananthapuramu,5334,Kambadur,595136,1,Nuthimadugu,,Rural,Inhabitant,2614300,595136
3972,28,Andhra Pradesh,502,Ananthapuramu,5334,Kambadur,595138,1,Gulyam,,Rural,Inhabitant,2614500,595138
3973,28,Andhra Pradesh,502,Ananthapuramu,5334,Kambadur,595140,1,Rallapalle,,Rural,Inhabitant,2614700,595140
3974,28,Andhra Pradesh,502,Ananthapuramu,5334,Kambadur,595142,1,Kurakulapalle,,Rural,Inhabitant,2614900,595142
3975,28,Andhra Pradesh,502,Ananthapuramu,5334,Kambadur,595131,1,Mulakanur,,Rural,Inhabitant,2613800,595131
3976,28,Andhra Pradesh,502,Ananthapuramu,5334,Kambadur,595132,1,Thimmapuram,,Rural,Inhabitant,2613900,595132
3977,28,Andhra Pradesh,502,Ananthapuramu,5334,Kambadur,595134,1,Pallur,,Rural,Inhabitant,2614100,595134
3978,28,Andhra Pradesh,502,Ananthapuramu,5334,Kambadur,595137,1,Karthanaparthi,,Rural,Inhabitant,2614400,595137
3979,28,Andhra Pradesh,502,Ananthapuramu,5334,Kambadur,595139,1,Ralla Anantapuram,,Rural,Inhabitant,2614600,595139
3980,28,Andhra Pradesh,502,Ananthapuramu,5334,Kambadur,595141,1,Chennampalle,,Rural,Inhabitant,2614800,595141
3981,28,Andhra Pradesh,502,Ananthapuramu,5306,Kanekal,594675,1,Hulikera,,Rural,Inhabitant,2568800,594675
3982,28,Andhra Pradesh,502,Ananthapuramu,5306,Kanekal,594677,1,Ratchumarri,,Rural,Inhabitant,2569000,594677
3983,28,Andhra Pradesh,502,Ananthapuramu,5306,Kanekal,594678,1,Kanekal,,Rural,Inhabitant,2569100,594678
3984,28,Andhra Pradesh,502,Ananthapuramu,5306,Kanekal,594681,1,Bidurukontham,,Rural,Inhabitant,2569400,594681
3985,28,Andhra Pradesh,502,Ananthapuramu,5306,Kanekal,594682,1,Meenahalli,,Rural,Inhabitant,2569500,594682
3986,28,Andhra Pradesh,502,Ananthapuramu,5306,Kanekal,594683,1,Garudachedu,,Rural,Inhabitant,2569600,594683
3987,28,Andhra Pradesh,502,Ananthapuramu,5306,Kanekal,594684,1,Thumbiganur,,Rural,Inhabitant,2569700,594684
3988,28,Andhra Pradesh,502,Ananthapuramu,5306,Kanekal,594685,1,N.Hanumapuram,,Rural,Inhabitant,2569800,594685
3989,28,Andhra Pradesh,502,Ananthapuramu,5306,Kanekal,594687,1,Malyam,,Rural,Inhabitant,2570000,594687
3990,28,Andhra Pradesh,502,Ananthapuramu,5306,Kanekal,594688,1,Kalekurthi,,Rural,Inhabitant,2570100,594688
3991,28,Andhra Pradesh,502,Ananthapuramu,5306,Kanekal,594689,1,Hanakanahal,,Rural,Inhabitant,2570200,594689
3992,28,Andhra Pradesh,502,Ananthapuramu,5306,Kanekal,594673,1,Ganigera,,Rural,Inhabitant,2568600,594673
3993,28,Andhra Pradesh,502,Ananthapuramu,5306,Kanekal,594674,1,Yerragunta,,Rural,Inhabitant,2568700,594674
3994,28,Andhra Pradesh,502,Ananthapuramu,5306,Kanekal,594676,1,Bennikal,,Rural,Inhabitant,2568900,594676
3995,28,Andhra Pradesh,502,Ananthapuramu,5306,Kanekal,594679,1,Udegolam,,Rural,Inhabitant,2569200,594679
3996,28,Andhra Pradesh,502,Ananthapuramu,5306,Kanekal,594680,1,Brahmasamudram,,Rural,Inhabitant,2569300,594680
3997,28,Andhra Pradesh,502,Ananthapuramu,5306,Kanekal,594686,1,Sollapuram,,Rural,Inhabitant,2569900,594686
3998,28,Andhra Pradesh,502,Ananthapuramu,5323,Kudair,594965,1,Udiripikonda,,Rural,Inhabitant,2597500,594965
3999,28,Andhra Pradesh,502,Ananthapuramu,5323,Kudair,594966,1,Marutla,,Rural,Inhabitant,2597600,594966
4000,28,Andhra Pradesh,502,Ananthapuramu,5323,Kudair,594967,1,Kalagalla,,Rural,Inhabitant,2597700,594967
4001,28,Andhra Pradesh,502,Ananthapuramu,5323,Kudair,594968,1,Ipperu,,Rural,Inhabitant,2597800,594968
4002,28,Andhra Pradesh,502,Ananthapuramu,5323,Kudair,594970,1,Korrakodu,,Rural,Inhabitant,2598000,594970
4003,28,Andhra Pradesh,502,Ananthapuramu,5323,Kudair,594971,1,Jayapuram,,Rural,Inhabitant,2598100,594971
4004,28,Andhra Pradesh,502,Ananthapuramu,5323,Kudair,594969,1,Cholasamudram,,Rural,Inhabitant,2597900,594969
4005,28,Andhra Pradesh,502,Ananthapuramu,5323,Kudair,594972,1,Mavinamardhanahalli,,Rural,Inhabitant,2598200,594972
4006,28,Andhra Pradesh,502,Ananthapuramu,5323,Kudair,594973,1,Thimmapuram,,Rural,Inhabitant,2598300,594973
4007,28,Andhra Pradesh,502,Ananthapuramu,5323,Kudair,594974,1,Kudair,,Rural,Inhabitant,2598400,594974
4008,28,Andhra Pradesh,502,Ananthapuramu,5323,Kudair,594975,1,Kamuru,,Rural,Inhabitant,2598500,594975
4009,28,Andhra Pradesh,502,Ananthapuramu,5323,Kudair,594976,1,Gotukur,,Rural,Inhabitant,2598600,594976
4010,28,Andhra Pradesh,502,Ananthapuramu,5323,Kudair,594977,1,Brahmanapalle,,Rural,Inhabitant,2598700,594977
4011,28,Andhra Pradesh,502,Ananthapuramu,5333,Kundurpi,595125,1,S.Mallapuram,,Rural,Inhabitant,2613200,595125
4012,28,Andhra Pradesh,502,Ananthapuramu,5333,Kundurpi,595127,1,Kundurpi,,Rural,Inhabitant,2613400,595127
4013,28,Andhra Pradesh,502,Ananthapuramu,5333,Kundurpi,595128,1,Malayanur,,Rural,Inhabitant,2613500,595128
4014,28,Andhra Pradesh,502,Ananthapuramu,5333,Kundurpi,595129,1,Nijavalli,,Rural,Inhabitant,2613600,595129
4015,28,Andhra Pradesh,502,Ananthapuramu,5333,Kundurpi,595130,1,Jambugumpala,,Rural,Inhabitant,2613700,595130
4016,28,Andhra Pradesh,502,Ananthapuramu,5333,Kundurpi,595121,1,Basapuram,,Rural,Inhabitant,2612800,595121
4017,28,Andhra Pradesh,502,Ananthapuramu,5333,Kundurpi,595122,1,Appilepalle,,Rural,Inhabitant,2612900,595122
4018,28,Andhra Pradesh,502,Ananthapuramu,5333,Kundurpi,595123,1,Kariganipalle,,Rural,Inhabitant,2613000,595123
4019,28,Andhra Pradesh,502,Ananthapuramu,5333,Kundurpi,595124,1,Yenumaladoddi,,Rural,Inhabitant,2613100,595124
4020,28,Andhra Pradesh,502,Ananthapuramu,5333,Kundurpi,595126,1,Bestharapalle,,Rural,Inhabitant,2613300,595126
4021,28,Andhra Pradesh,502,Ananthapuramu,5328,Narpala,595060,1,Siddaracherla,,Rural,Inhabitant,2607000,595060
4022,28,Andhra Pradesh,502,Ananthapuramu,5328,Narpala,595062,1,Bandlapalle,,Rural,Inhabitant,2607200,595062
4023,28,Andhra Pradesh,502,Ananthapuramu,5328,Narpala,595064,1,Gugudu,,Rural,Inhabitant,2607400,595064
4024,28,Andhra Pradesh,502,Ananthapuramu,5328,Narpala,595054,1,Chamaluru,,Rural,Inhabitant,2606400,595054
4025,28,Andhra Pradesh,502,Ananthapuramu,5328,Narpala,595055,1,Nadimidoddi,,Rural,Inhabitant,2606500,595055
4026,28,Andhra Pradesh,502,Ananthapuramu,5328,Narpala,595056,1,Venkatampalle,,Rural,Inhabitant,2606600,595056
4027,28,Andhra Pradesh,502,Ananthapuramu,5328,Narpala,595057,1,Narpala,,Rural,Inhabitant,2606700,595057
4028,28,Andhra Pradesh,502,Ananthapuramu,5328,Narpala,595058,1,Duggumarri,,Rural,Inhabitant,2606800,595058
4029,28,Andhra Pradesh,502,Ananthapuramu,5328,Narpala,595059,1,Bondalawada,,Rural,Inhabitant,2606900,595059
4030,28,Andhra Pradesh,502,Ananthapuramu,5328,Narpala,595061,1,Durgam,,Rural,Inhabitant,2607100,595061
4031,28,Andhra Pradesh,502,Ananthapuramu,5328,Narpala,595063,1,B.Pappuru,,Rural,Inhabitant,2607300,595063
4032,28,Andhra Pradesh,502,Ananthapuramu,5328,Narpala,595065,1,Haveli Sodanapalle,,Rural,Inhabitant,2607500,595065
4033,28,Andhra Pradesh,502,Ananthapuramu,5315,Pamidi,594845,1,Devarapalle,,Rural,Inhabitant,2585700,594845
4034,28,Andhra Pradesh,502,Ananthapuramu,5315,Pamidi,594850,1,Gajarampalle,,Rural,Inhabitant,2586200,594850
4035,28,Andhra Pradesh,502,Ananthapuramu,5315,Pamidi,594858,1,Ramagiri,,Rural,Inhabitant,2587000,594858
4036,28,Andhra Pradesh,502,Ananthapuramu,5315,Pamidi,594859,1,Palyam,,Rural,Inhabitant,2587100,594859
4037,28,Andhra Pradesh,502,Ananthapuramu,5315,Pamidi,594860,1,Katrimala,,Rural,Inhabitant,2587200,594860
4038,28,Andhra Pradesh,502,Ananthapuramu,5315,Pamidi,594861,1,Appajipeta,,Rural,Inhabitant,2587300,594861
4039,28,Andhra Pradesh,502,Ananthapuramu,5315,Pamidi,594843,1,Anumpalle,,Rural,Inhabitant,2585500,594843
4040,28,Andhra Pradesh,502,Ananthapuramu,5315,Pamidi,594844,1,Khadarpeta,,Rural,Inhabitant,2585600,594844
4041,28,Andhra Pradesh,502,Ananthapuramu,5315,Pamidi,594846,1,Gulimikondla @ G.Kottala,,Rural,Inhabitant,2585800,594846
4042,28,Andhra Pradesh,502,Ananthapuramu,5315,Pamidi,594847,1,Akkajampalle,,Rural,Inhabitant,2585900,594847
4043,28,Andhra Pradesh,502,Ananthapuramu,5315,Pamidi,594848,1,Edurur,,Rural,Inhabitant,2586000,594848
4044,28,Andhra Pradesh,502,Ananthapuramu,5315,Pamidi,594849,1,Ramarajupalle,,Rural,Inhabitant,2586100,594849
4045,28,Andhra Pradesh,502,Ananthapuramu,5315,Pamidi,594851,1,Pogarur,,Rural,Inhabitant,2586300,594851
4046,28,Andhra Pradesh,502,Ananthapuramu,5315,Pamidi,594852,1,Thamballapalle,,Rural,Inhabitant,2586400,594852
4047,28,Andhra Pradesh,502,Ananthapuramu,5315,Pamidi,594853,1,Neelur,,Rural,Inhabitant,2586500,594853
4048,28,Andhra Pradesh,502,Ananthapuramu,5315,Pamidi,594854,1,Kalapuram,,Rural,Inhabitant,2586600,594854
4049,28,Andhra Pradesh,502,Ananthapuramu,5315,Pamidi,594855,1,Nemallapalle,,Rural,Inhabitant,2586700,594855
4050,28,Andhra Pradesh,502,Ananthapuramu,5315,Pamidi,594856,1,Sorakayalapeta,,Rural,Inhabitant,2586800,594856
4051,28,Andhra Pradesh,502,Ananthapuramu,5315,Pamidi,594857,1,Eddulapalle,,Rural,Inhabitant,2586900,594857
4052,28,Andhra Pradesh,502,Ananthapuramu,5315,Pamidi,594862,1,Kandlapalle,,Rural,Inhabitant,2587400,594862
4053,28,Andhra Pradesh,502,Ananthapuramu,5315,Pamidi,594863,1,Vankarajukalva,,Rural,Inhabitant,2587500,594863
4054,28,Andhra Pradesh,502,Ananthapuramu,5315,Pamidi,594864,3,Pamidi,,Both,Inhabitant,2587600,594864
4055,28,Andhra Pradesh,502,Ananthapuramu,5314,Peddapappur,594826,1,Devanuppalapadu,,Rural,Inhabitant,2583800,594826
4056,28,Andhra Pradesh,502,Ananthapuramu,5314,Peddapappur,594828,1,Peddayakkaluru,,Rural,Inhabitant,2584000,594828
4057,28,Andhra Pradesh,502,Ananthapuramu,5314,Peddapappur,594829,1,Garladinne,,Rural,Inhabitant,2584100,594829
4058,28,Andhra Pradesh,502,Ananthapuramu,5314,Peddapappur,594832,1,Pendekallu,,Rural,Inhabitant,2584400,594832
4059,28,Andhra Pradesh,502,Ananthapuramu,5314,Peddapappur,594834,1,Narasapuram,,Rural,Inhabitant,2584600,594834
4060,28,Andhra Pradesh,502,Ananthapuramu,5314,Peddapappur,594836,1,Jutur,,Rural,Inhabitant,2584800,594836
4061,28,Andhra Pradesh,502,Ananthapuramu,5314,Peddapappur,594839,1,Chagallu,,Rural,Inhabitant,2585100,594839
4062,28,Andhra Pradesh,502,Ananthapuramu,5314,Peddapappur,594840,1,Tabjula,,Rural,Inhabitant,2585200,594840
4063,28,Andhra Pradesh,502,Ananthapuramu,5314,Peddapappur,594841,1,Muchukota,,Rural,Inhabitant,2585300,594841
4064,28,Andhra Pradesh,502,Ananthapuramu,5314,Peddapappur,594827,1,Chinnayakkaluru,,Rural,Inhabitant,2583900,594827
4065,28,Andhra Pradesh,502,Ananthapuramu,5314,Peddapappur,594830,1,Pasalur,,Rural,Inhabitant,2584200,594830
4066,28,Andhra Pradesh,502,Ananthapuramu,5314,Peddapappur,594831,1,Athiralladinne,,Rural,Inhabitant,2584300,594831
4067,28,Andhra Pradesh,502,Ananthapuramu,5314,Peddapappur,594833,1,Kummetha,,Rural,Inhabitant,2584500,594833
4068,28,Andhra Pradesh,502,Ananthapuramu,5314,Peddapappur,594835,1,Jodidharmapuram,,Rural,Inhabitant,2584700,594835
4069,28,Andhra Pradesh,502,Ananthapuramu,5314,Peddapappur,594837,1,Dharmapuram,,Rural,Inhabitant,2584900,594837
4070,28,Andhra Pradesh,502,Ananthapuramu,5314,Peddapappur,594838,1,Peddapappur,,Rural,Inhabitant,2585000,594838
4071,28,Andhra Pradesh,502,Ananthapuramu,5314,Peddapappur,594842,1,Amalladinne,,Rural,Inhabitant,2585400,594842
4072,28,Andhra Pradesh,502,Ananthapuramu,5311,Peddavaduguru,594764,1,Appecherla,,Rural,Inhabitant,2577600,594764
4073,28,Andhra Pradesh,502,Ananthapuramu,5311,Peddavaduguru,594765,1,Kristipadu,,Rural,Inhabitant,2577700,594765
4074,28,Andhra Pradesh,502,Ananthapuramu,5311,Peddavaduguru,594767,1,Mallenipalle,,Rural,Inhabitant,2577900,594767
4075,28,Andhra Pradesh,502,Ananthapuramu,5311,Peddavaduguru,594769,1,Miduthuru,,Rural,Inhabitant,2578100,594769
4076,28,Andhra Pradesh,502,Ananthapuramu,5311,Peddavaduguru,594770,1,Peddavadugur,,Rural,Inhabitant,2578200,594770
4077,28,Andhra Pradesh,502,Ananthapuramu,5311,Peddavaduguru,594772,1,Ravuludiki,,Rural,Inhabitant,2578400,594772
4078,28,Andhra Pradesh,502,Ananthapuramu,5311,Peddavaduguru,594773,1,Konapuram,,Rural,Inhabitant,2578500,594773
4079,28,Andhra Pradesh,502,Ananthapuramu,5311,Peddavaduguru,594774,1,Chintacheruvu,,Rural,Inhabitant,2578600,594774
4080,28,Andhra Pradesh,502,Ananthapuramu,5311,Peddavaduguru,594775,1,Teliki,,Rural,Inhabitant,2578700,594775
4081,28,Andhra Pradesh,502,Ananthapuramu,5311,Peddavaduguru,594776,1,Chinnavadugur,,Rural,Inhabitant,2578800,594776
4082,28,Andhra Pradesh,502,Ananthapuramu,5311,Peddavaduguru,594777,1,Penakalapadu,,Rural,Inhabitant,2578900,594777
4083,28,Andhra Pradesh,502,Ananthapuramu,5311,Peddavaduguru,594781,1,Chitturu,,Rural,Inhabitant,2579300,594781
4084,28,Andhra Pradesh,502,Ananthapuramu,5311,Peddavaduguru,594783,1,Chitrachedu,,Rural,Inhabitant,2579500,594783
4085,28,Andhra Pradesh,502,Ananthapuramu,5311,Peddavaduguru,594761,1,Gooty Ananta Puram,,Rural,Inhabitant,2577300,594761
4086,28,Andhra Pradesh,502,Ananthapuramu,5311,Peddavaduguru,594762,1,Virupapuram,,Rural,Inhabitant,2577400,594762
4087,28,Andhra Pradesh,502,Ananthapuramu,5311,Peddavaduguru,594763,1,G. Venkatampalle,,Rural,Inhabitant,2577500,594763
4088,28,Andhra Pradesh,502,Ananthapuramu,5311,Peddavaduguru,594766,1,Muppalagutti,,Rural,Inhabitant,2577800,594766
4089,28,Andhra Pradesh,502,Ananthapuramu,5311,Peddavaduguru,594768,1,Avulampalle,,Rural,Inhabitant,2578000,594768
4090,28,Andhra Pradesh,502,Ananthapuramu,5311,Peddavaduguru,594771,1,Medimakulapalle,,Rural,Inhabitant,2578300,594771
4091,28,Andhra Pradesh,502,Ananthapuramu,5311,Peddavaduguru,594778,1,Konduru,,Rural,Inhabitant,2579000,594778
4092,28,Andhra Pradesh,502,Ananthapuramu,5311,Peddavaduguru,594779,1,Nagalapuram,,Rural,Inhabitant,2579100,594779
4093,28,Andhra Pradesh,502,Ananthapuramu,5311,Peddavaduguru,594780,1,Dimmagudi,,Rural,Inhabitant,2579200,594780
4094,28,Andhra Pradesh,502,Ananthapuramu,5311,Peddavaduguru,594782,1,Kandlaguduru,,Rural,Inhabitant,2579400,594782
4095,28,Andhra Pradesh,502,Ananthapuramu,5311,Peddavaduguru,594784,1,Molakathalla,,Rural,Inhabitant,2579600,594784
4096,28,Andhra Pradesh,502,Ananthapuramu,5326,Putlur,595019,1,Surepalli,,Rural,Inhabitant,2602900,595019
4097,28,Andhra Pradesh,502,Ananthapuramu,5326,Putlur,595020,1,Chintakunta,,Rural,Inhabitant,2603000,595020
4098,28,Andhra Pradesh,502,Ananthapuramu,5326,Putlur,595021,1,Kandikapula,,Rural,Inhabitant,2603100,595021
4099,28,Andhra Pradesh,502,Ananthapuramu,5326,Putlur,595022,1,Putlur,,Rural,Inhabitant,2603200,595022
4100,28,Andhra Pradesh,502,Ananthapuramu,5326,Putlur,595023,1,Gandlapadu,,Rural,Inhabitant,2603300,595023
4101,28,Andhra Pradesh,502,Ananthapuramu,5326,Putlur,595025,1,Komatikuntla,,Rural,Inhabitant,2603500,595025
4102,28,Andhra Pradesh,502,Ananthapuramu,5326,Putlur,595027,1,Kadavakallu,,Rural,Inhabitant,2603700,595027
4103,28,Andhra Pradesh,502,Ananthapuramu,5326,Putlur,595032,1,Chalavemula,,Rural,Inhabitant,2604200,595032
4104,28,Andhra Pradesh,502,Ananthapuramu,5326,Putlur,595034,1,Chintalapalle,,Rural,Inhabitant,2604400,595034
4105,28,Andhra Pradesh,502,Ananthapuramu,5326,Putlur,595018,1,Arakativemula,,Rural,Inhabitant,2602800,595018
4106,28,Andhra Pradesh,502,Ananthapuramu,5326,Putlur,595024,1,Sanagalaguduru,,Rural,Inhabitant,2603400,595024
4107,28,Andhra Pradesh,502,Ananthapuramu,5326,Putlur,595026,1,Cherlopalli,,Rural,Inhabitant,2603600,595026
4108,28,Andhra Pradesh,502,Ananthapuramu,5326,Putlur,595028,1,Dosaledu,,Rural,Inhabitant,2603800,595028
4109,28,Andhra Pradesh,502,Ananthapuramu,5326,Putlur,595029,1,Madugupalle,,Rural,Inhabitant,2603900,595029
4110,28,Andhra Pradesh,502,Ananthapuramu,5326,Putlur,595030,1,Ellutla,,Rural,Inhabitant,2604000,595030
4111,28,Andhra Pradesh,502,Ananthapuramu,5326,Putlur,595031,1,Kummanamala,,Rural,Inhabitant,2604100,595031
4112,28,Andhra Pradesh,502,Ananthapuramu,5326,Putlur,595033,1,Chinnamallepalle,,Rural,Inhabitant,2604300,595033
4113,28,Andhra Pradesh,502,Ananthapuramu,5331,Rapthadu,595100,1,Bommaparthy,,Rural,Inhabitant,2610700,595100
4114,28,Andhra Pradesh,502,Ananthapuramu,5331,Rapthadu,595102,1,Gangulakunta,,Rural,Inhabitant,2610900,595102
4115,28,Andhra Pradesh,502,Ananthapuramu,5331,Rapthadu,595103,1,Hampapuram,,Rural,Inhabitant,2611000,595103
4116,28,Andhra Pradesh,502,Ananthapuramu,5331,Rapthadu,595104,1,Gondireddipalle,,Rural,Inhabitant,2611100,595104
4117,28,Andhra Pradesh,502,Ananthapuramu,5331,Rapthadu,595110,1,Maroor,,Rural,Inhabitant,2611700,595110
4118,28,Andhra Pradesh,502,Ananthapuramu,5331,Rapthadu,595101,1,Raptadu (Part),,Rural,Inhabitant,2610800,595101
4119,28,Andhra Pradesh,502,Ananthapuramu,5331,Rapthadu,595105,1,Bukkacherla,,Rural,Inhabitant,2611200,595105
4120,28,Andhra Pradesh,502,Ananthapuramu,5331,Rapthadu,595106,1,Gandlaparthi,,Rural,Inhabitant,2611300,595106
4121,28,Andhra Pradesh,502,Ananthapuramu,5331,Rapthadu,595107,1,Palacherla,,Rural,Inhabitant,2611400,595107
4122,28,Andhra Pradesh,502,Ananthapuramu,5331,Rapthadu,595108,1,Bandameedapalle,,Rural,Inhabitant,2611500,595108
4123,28,Andhra Pradesh,502,Ananthapuramu,5331,Rapthadu,595109,1,Yerragunta,,Rural,Inhabitant,2611600,595109
4124,28,Andhra Pradesh,502,Ananthapuramu,5305,Rayadurg,594659,1,Mechiri,,Rural,Inhabitant,2567200,594659
4125,28,Andhra Pradesh,502,Ananthapuramu,5305,Rayadurg,594661,1,Chadam,,Rural,Inhabitant,2567400,594661
4126,28,Andhra Pradesh,502,Ananthapuramu,5305,Rayadurg,594662,1,Bondankal,,Rural,Inhabitant,2567500,594662
4127,28,Andhra Pradesh,502,Ananthapuramu,5305,Rayadurg,594666,1,Kontanapalli,,Rural,Inhabitant,2567900,594666
4128,28,Andhra Pradesh,502,Ananthapuramu,5305,Rayadurg,594667,1,Udegolam,,Rural,Inhabitant,2568000,594667
4129,28,Andhra Pradesh,502,Ananthapuramu,5305,Rayadurg,594670,1,Nagireddipalle,,Rural,Inhabitant,2568300,594670
4130,28,Andhra Pradesh,502,Ananthapuramu,5305,Rayadurg,594672,1,Junjurampalle,,Rural,Inhabitant,2568500,594672
4131,28,Andhra Pradesh,502,Ananthapuramu,5305,Rayadurg,931725,1,Rayadurgam,Rayadurgam,Unmapped,Inhabitant,0,0
4132,28,Andhra Pradesh,502,Ananthapuramu,5305,Rayadurg,594660,1,Mallapuram,,Rural,Inhabitant,2567300,594660
4133,28,Andhra Pradesh,502,Ananthapuramu,5305,Rayadurg,594663,1,Gramadatla,,Rural,Inhabitant,2567600,594663
4134,28,Andhra Pradesh,502,Ananthapuramu,5305,Rayadurg,594664,1,D.Kondapuram,,Rural,Inhabitant,2567700,594664
4135,28,Andhra Pradesh,502,Ananthapuramu,5305,Rayadurg,594665,1,Vadrahonnur,,Rural,Inhabitant,2567800,594665
4136,28,Andhra Pradesh,502,Ananthapuramu,5305,Rayadurg,594668,1,Baginayakana Halli,,Rural,Inhabitant,2568100,594668
4137,28,Andhra Pradesh,502,Ananthapuramu,5305,Rayadurg,594669,1,Avuladatla,,Rural,Inhabitant,2568200,594669
4138,28,Andhra Pradesh,502,Ananthapuramu,5305,Rayadurg,594671,1,Veparalla,,Rural,Inhabitant,2568400,594671
4139,28,Andhra Pradesh,502,Ananthapuramu,5332,Settur,595112,1,Adivigollapalle,,Rural,Inhabitant,2611900,595112
4140,28,Andhra Pradesh,502,Ananthapuramu,5332,Settur,595115,1,Kamthanahalli,,Rural,Inhabitant,2612200,595115
4141,28,Andhra Pradesh,502,Ananthapuramu,5332,Settur,595116,1,Ayyagarlapalle,,Rural,Inhabitant,2612300,595116
4142,28,Andhra Pradesh,502,Ananthapuramu,5332,Settur,595111,1,Settur,,Rural,Inhabitant,2611800,595111
4143,28,Andhra Pradesh,502,Ananthapuramu,5332,Settur,595113,1,Yatakal,,Rural,Inhabitant,2612000,595113
4144,28,Andhra Pradesh,502,Ananthapuramu,5332,Settur,595114,1,Bachchupalle,,Rural,Inhabitant,2612100,595114
4145,28,Andhra Pradesh,502,Ananthapuramu,5332,Settur,595117,1,Mulakaledu,,Rural,Inhabitant,2612400,595117
4146,28,Andhra Pradesh,502,Ananthapuramu,5332,Settur,595118,1,Chintarlapalle,,Rural,Inhabitant,2612500,595118
4147,28,Andhra Pradesh,502,Ananthapuramu,5332,Settur,595119,1,Khairevu,,Rural,Inhabitant,2612600,595119
4148,28,Andhra Pradesh,502,Ananthapuramu,5332,Settur,595120,1,Lakshmanpalle,,Rural,Inhabitant,2612700,595120
4149,28,Andhra Pradesh,502,Ananthapuramu,5325,Singanamala,594997,1,Tarimela,,Rural,Inhabitant,2600700,594997
4150,28,Andhra Pradesh,502,Ananthapuramu,5325,Singanamala,595004,1,Cheelapalle,,Rural,Inhabitant,2601400,595004
4151,28,Andhra Pradesh,502,Ananthapuramu,5325,Singanamala,595005,1,Salakamcheruvu,,Rural,Inhabitant,2601500,595005
4152,28,Andhra Pradesh,502,Ananthapuramu,5325,Singanamala,595007,1,Narsapuram,,Rural,Inhabitant,2601700,595007
4153,28,Andhra Pradesh,502,Ananthapuramu,5325,Singanamala,595009,1,Chennavaram,,Rural,Inhabitant,2601900,595009
4154,28,Andhra Pradesh,502,Ananthapuramu,5325,Singanamala,595010,1,Lolur,,Rural,Inhabitant,2602000,595010
4155,28,Andhra Pradesh,502,Ananthapuramu,5325,Singanamala,595012,1,Karnatakampalle,,Rural,Inhabitant,2602200,595012
4156,28,Andhra Pradesh,502,Ananthapuramu,5325,Singanamala,595017,1,Peravali,,Rural,Inhabitant,2602700,595017
4157,28,Andhra Pradesh,502,Ananthapuramu,5325,Singanamala,594996,1,Kallumadi,,Rural,Inhabitant,2600600,594996
4158,28,Andhra Pradesh,502,Ananthapuramu,5325,Singanamala,594998,1,Nidhanawada,,Rural,Inhabitant,2600800,594998
4159,28,Andhra Pradesh,502,Ananthapuramu,5325,Singanamala,594999,1,Anandaraopeta,,Rural,Inhabitant,2600900,594999
4160,28,Andhra Pradesh,502,Ananthapuramu,5325,Singanamala,595000,1,Rachepalle,,Rural,Inhabitant,2601000,595000
4161,28,Andhra Pradesh,502,Ananthapuramu,5325,Singanamala,595001,1,Ullikallu,,Rural,Inhabitant,2601100,595001
4162,28,Andhra Pradesh,502,Ananthapuramu,5325,Singanamala,595002,1,Korivipalle,,Rural,Inhabitant,2601200,595002
4163,28,Andhra Pradesh,502,Ananthapuramu,5325,Singanamala,595003,1,Joolakalva,,Rural,Inhabitant,2601300,595003
4164,28,Andhra Pradesh,502,Ananthapuramu,5325,Singanamala,595006,1,Buddepalle,,Rural,Inhabitant,2601600,595006
4165,28,Andhra Pradesh,502,Ananthapuramu,5325,Singanamala,595008,1,Peddajalalpuram,,Rural,Inhabitant,2601800,595008
4166,28,Andhra Pradesh,502,Ananthapuramu,5325,Singanamala,595011,1,Akuledu,,Rural,Inhabitant,2602100,595011
4167,28,Andhra Pradesh,502,Ananthapuramu,5325,Singanamala,595013,1,Chakrayapeta,,Rural,Inhabitant,2602300,595013
4168,28,Andhra Pradesh,502,Ananthapuramu,5325,Singanamala,595014,1,Singanamala,,Rural,Inhabitant,2602400,595014
4169,28,Andhra Pradesh,502,Ananthapuramu,5325,Singanamala,595015,1,Matlagondi,,Rural,Inhabitant,2602500,595015
4170,28,Andhra Pradesh,502,Ananthapuramu,5325,Singanamala,595016,1,Sodanapalle,,Rural,Inhabitant,2602600,595016
4171,28,Andhra Pradesh,502,Ananthapuramu,5313,Tadipatri,594802,1,Talaricheruvu,,Rural,Inhabitant,2581400,594802
4172,28,Andhra Pradesh,502,Ananthapuramu,5313,Tadipatri,594803,1,Uruchinthala,,Rural,Inhabitant,2581500,594803
4173,28,Andhra Pradesh,502,Ananthapuramu,5313,Tadipatri,594804,1,Velamakur,,Rural,Inhabitant,2581600,594804
4174,28,Andhra Pradesh,502,Ananthapuramu,5313,Tadipatri,594805,1,Alur,,Rural,Inhabitant,2581700,594805
4175,28,Andhra Pradesh,502,Ananthapuramu,5313,Tadipatri,594807,1,Kaverisamudram,,Rural,Inhabitant,2581900,594807
4176,28,Andhra Pradesh,502,Ananthapuramu,5313,Tadipatri,594809,1,Puliproddatur,,Rural,Inhabitant,2582100,594809
4177,28,Andhra Pradesh,502,Ananthapuramu,5313,Tadipatri,594812,1,Seetharampuram,,Rural,Inhabitant,2582400,594812
4178,28,Andhra Pradesh,502,Ananthapuramu,5313,Tadipatri,594813,1,Komali,,Rural,Inhabitant,2582500,594813
4179,28,Andhra Pradesh,502,Ananthapuramu,5313,Tadipatri,594814,1,Peddapolamada,,Rural,Inhabitant,2582600,594814
4180,28,Andhra Pradesh,502,Ananthapuramu,5313,Tadipatri,594815,1,Chinnapolamada,,Rural,Inhabitant,2582700,594815
4181,28,Andhra Pradesh,502,Ananthapuramu,5313,Tadipatri,594820,1,Jambulapadu,,Rural,Inhabitant,2583200,594820
4182,28,Andhra Pradesh,502,Ananthapuramu,5313,Tadipatri,594822,1,Veerapuram,,Rural,Inhabitant,2583400,594822
4183,28,Andhra Pradesh,502,Ananthapuramu,5313,Tadipatri,594824,1,Vanganur,,Rural,Inhabitant,2583600,594824
4184,28,Andhra Pradesh,502,Ananthapuramu,5313,Tadipatri,594825,1,Bondaladinne,,Rural,Inhabitant,2583700,594825
4185,28,Andhra Pradesh,502,Ananthapuramu,5313,Tadipatri,594799,1,Brahmanapalle,,Rural,Inhabitant,2581100,594799
4186,28,Andhra Pradesh,502,Ananthapuramu,5313,Tadipatri,594800,1,Venkatampalle,,Rural,Inhabitant,2581200,594800
4187,28,Andhra Pradesh,502,Ananthapuramu,5313,Tadipatri,594801,1,Bhogasamudram,,Rural,Inhabitant,2581300,594801
4188,28,Andhra Pradesh,502,Ananthapuramu,5313,Tadipatri,594806,1,Sajjaladinne,,Rural,Inhabitant,2581800,594806
4189,28,Andhra Pradesh,502,Ananthapuramu,5313,Tadipatri,594808,1,Chukkalur,,Rural,Inhabitant,2582000,594808
4190,28,Andhra Pradesh,502,Ananthapuramu,5313,Tadipatri,594810,1,Gangadevipalle,,Rural,Inhabitant,2582200,594810
4191,28,Andhra Pradesh,502,Ananthapuramu,5313,Tadipatri,594811,1,Igudur,,Rural,Inhabitant,2582300,594811
4192,28,Andhra Pradesh,502,Ananthapuramu,5313,Tadipatri,594816,1,Nandalapadu (R),,Rural,Inhabitant,2582800,594816
4193,28,Andhra Pradesh,502,Ananthapuramu,5313,Tadipatri,594817,1,Diguvapalle,,Rural,Inhabitant,2582900,594817
4194,28,Andhra Pradesh,502,Ananthapuramu,5313,Tadipatri,594818,1,Tadpatri (R),,Rural,Inhabitant,2583000,594818
4195,28,Andhra Pradesh,502,Ananthapuramu,5313,Tadipatri,594819,1,Challavaripalle,,Rural,Inhabitant,2583100,594819
4196,28,Andhra Pradesh,502,Ananthapuramu,5313,Tadipatri,594821,1,Husenapuram,,Rural,Inhabitant,2583300,594821
4197,28,Andhra Pradesh,502,Ananthapuramu,5313,Tadipatri,594823,1,Bodaipalle,,Rural,Inhabitant,2583500,594823
4198,28,Andhra Pradesh,502,Ananthapuramu,5317,Uravakonda,594881,1,Nerimetla,,Rural,Inhabitant,2589300,594881
4199,28,Andhra Pradesh,502,Ananthapuramu,5317,Uravakonda,594883,1,Renimakulapalle,,Rural,Inhabitant,2589500,594883
4200,28,Andhra Pradesh,502,Ananthapuramu,5317,Uravakonda,594886,1,Lathavaram,,Rural,Inhabitant,2589800,594886
4201,28,Andhra Pradesh,502,Ananthapuramu,5317,Uravakonda,594891,1,Chinna Musturu,,Rural,Inhabitant,2590300,594891
4202,28,Andhra Pradesh,502,Ananthapuramu,5317,Uravakonda,594892,1,Pedda Musturu,,Rural,Inhabitant,2590400,594892
4203,28,Andhra Pradesh,502,Ananthapuramu,5317,Uravakonda,594893,1,Mopidi,,Rural,Inhabitant,2590500,594893
4204,28,Andhra Pradesh,502,Ananthapuramu,5317,Uravakonda,594898,1,Raketla,,Rural,Inhabitant,2591000,594898
4205,28,Andhra Pradesh,502,Ananthapuramu,5317,Uravakonda,594899,1,Peddakowkuntla,,Rural,Inhabitant,2591100,594899
4206,28,Andhra Pradesh,502,Ananthapuramu,5317,Uravakonda,594900,1,Y.Rampuram,,Rural,Inhabitant,2591200,594900
4207,28,Andhra Pradesh,502,Ananthapuramu,5317,Uravakonda,594882,1,Rayampalle,,Rural,Inhabitant,2589400,594882
4208,28,Andhra Pradesh,502,Ananthapuramu,5317,Uravakonda,594884,1,Budagavi,,Rural,Inhabitant,2589600,594884
4209,28,Andhra Pradesh,502,Ananthapuramu,5317,Uravakonda,594885,1,Veligonda,,Rural,Inhabitant,2589700,594885
4210,28,Andhra Pradesh,502,Ananthapuramu,5317,Uravakonda,594887,1,Shaiksanipalle,,Rural,Inhabitant,2589900,594887
4211,28,Andhra Pradesh,502,Ananthapuramu,5317,Uravakonda,594888,1,Racharla,,Rural,Inhabitant,2590000,594888
4212,28,Andhra Pradesh,502,Ananthapuramu,5317,Uravakonda,594889,1,Pennahobilam,,Rural,Inhabitant,2590100,594889
4213,28,Andhra Pradesh,502,Ananthapuramu,5317,Uravakonda,594890,1,Kondapuram,,Rural,Inhabitant,2590200,594890
4214,28,Andhra Pradesh,502,Ananthapuramu,5317,Uravakonda,594894,1,Indravathi,,Rural,Inhabitant,2590600,594894
4215,28,Andhra Pradesh,502,Ananthapuramu,5317,Uravakonda,594895,1,Nimbagal,,Rural,Inhabitant,2590700,594895
4216,28,Andhra Pradesh,502,Ananthapuramu,5317,Uravakonda,594896,1,Vyasapuram,,Rural,Inhabitant,2590800,594896
4217,28,Andhra Pradesh,502,Ananthapuramu,5317,Uravakonda,594897,1,Amidala,,Rural,Inhabitant,2590900,594897
4218,28,Andhra Pradesh,502,Ananthapuramu,5317,Uravakonda,594901,1,Mylarampalle,,Rural,Inhabitant,2591300,594901
4219,28,Andhra Pradesh,502,Ananthapuramu,5317,Uravakonda,594902,1,Uravakonda (Ct),,Rural,Inhabitant,42205000,594902
4220,28,Andhra Pradesh,502,Ananthapuramu,5316,Vajrakarur,594865,1,Konakondla,,Rural,Inhabitant,2587700,594865
4221,28,Andhra Pradesh,502,Ananthapuramu,5316,Vajrakarur,594866,1,Gulapalem,,Rural,Inhabitant,2587800,594866
4222,28,Andhra Pradesh,502,Ananthapuramu,5316,Vajrakarur,594867,1,Kamalapadu,,Rural,Inhabitant,2587900,594867
4223,28,Andhra Pradesh,502,Ananthapuramu,5316,Vajrakarur,594868,1,Vajrakarur,,Rural,Inhabitant,2588000,594868
4224,28,Andhra Pradesh,502,Ananthapuramu,5316,Vajrakarur,594870,1,Pottipadu,,Rural,Inhabitant,2588200,594870
4225,28,Andhra Pradesh,502,Ananthapuramu,5316,Vajrakarur,594875,1,Patha Kadamalakunta,,Rural,Inhabitant,2588700,594875
4226,28,Andhra Pradesh,502,Ananthapuramu,5316,Vajrakarur,594878,1,Pandikunta,,Rural,Inhabitant,2589000,594878
4227,28,Andhra Pradesh,502,Ananthapuramu,5316,Vajrakarur,594879,1,Venkatampalle,,Rural,Inhabitant,2589100,594879
4228,28,Andhra Pradesh,502,Ananthapuramu,5316,Vajrakarur,594880,1,Jarutla Rampuram,,Rural,Inhabitant,2589200,594880
4229,28,Andhra Pradesh,502,Ananthapuramu,5316,Vajrakarur,594869,1,Ganjikunta,,Rural,Inhabitant,2588100,594869
4230,28,Andhra Pradesh,502,Ananthapuramu,5316,Vajrakarur,594871,1,Gade Hothur,,Rural,Inhabitant,2588300,594871
4231,28,Andhra Pradesh,502,Ananthapuramu,5316,Vajrakarur,594872,1,Chabala,,Rural,Inhabitant,2588400,594872
4232,28,Andhra Pradesh,502,Ananthapuramu,5316,Vajrakarur,594873,1,Chinna Hothur,,Rural,Inhabitant,2588500,594873
4233,28,Andhra Pradesh,502,Ananthapuramu,5316,Vajrakarur,594874,1,Pedda Chinnapyapili,,Rural,Inhabitant,2588600,594874
4234,28,Andhra Pradesh,502,Ananthapuramu,5316,Vajrakarur,594876,1,Ragulapadu,,Rural,Inhabitant,2588800,594876
4235,28,Andhra Pradesh,502,Ananthapuramu,5316,Vajrakarur,594877,1,Thatrakal,,Rural,Inhabitant,2588900,594877
4236,28,Andhra Pradesh,502,Ananthapuramu,5308,Vidapanakal,594707,1,Kadadarabenchi,,Rural,Inhabitant,2572000,594707
4237,28,Andhra Pradesh,502,Ananthapuramu,5308,Vidapanakal,594708,1,Gadekal,,Rural,Inhabitant,2572100,594708
4238,28,Andhra Pradesh,502,Ananthapuramu,5308,Vidapanakal,594712,1,Velpumadugu,,Rural,Inhabitant,2572500,594712
4239,28,Andhra Pradesh,502,Ananthapuramu,5308,Vidapanakal,594714,1,Malapuram,,Rural,Inhabitant,2572700,594714
4240,28,Andhra Pradesh,502,Ananthapuramu,5308,Vidapanakal,594715,1,Karakamukkala,,Rural,Inhabitant,2572800,594715
4241,28,Andhra Pradesh,502,Ananthapuramu,5308,Vidapanakal,594716,1,Havaligi,,Rural,Inhabitant,2572900,594716
4242,28,Andhra Pradesh,502,Ananthapuramu,5308,Vidapanakal,594718,1,Cheekalaguriki,,Rural,Inhabitant,2573100,594718
4243,28,Andhra Pradesh,502,Ananthapuramu,5308,Vidapanakal,594719,1,Undabanda,,Rural,Inhabitant,2573200,594719
4244,28,Andhra Pradesh,502,Ananthapuramu,5308,Vidapanakal,594706,1,Donekal,,Rural,Inhabitant,2571900,594706
4245,28,Andhra Pradesh,502,Ananthapuramu,5308,Vidapanakal,594709,1,Hanchanahal,,Rural,Inhabitant,2572200,594709
4246,28,Andhra Pradesh,502,Ananthapuramu,5308,Vidapanakal,594710,1,Poliki,,Rural,Inhabitant,2572300,594710
4247,28,Andhra Pradesh,502,Ananthapuramu,5308,Vidapanakal,594711,1,N.Thimmapuram,,Rural,Inhabitant,2572400,594711
4248,28,Andhra Pradesh,502,Ananthapuramu,5308,Vidapanakal,594713,1,Vidapanakal,,Rural,Inhabitant,2572600,594713
4249,28,Andhra Pradesh,502,Ananthapuramu,5308,Vidapanakal,594717,1,Palthur,,Rural,Inhabitant,2573000,594717
4250,28,Andhra Pradesh,502,Ananthapuramu,5312,Yadiki,594785,1,Chandana,,Rural,Inhabitant,2579700,594785
4251,28,Andhra Pradesh,502,Ananthapuramu,5312,Yadiki,594788,1,Nagarur,,Rural,Inhabitant,2580000,594788
4252,28,Andhra Pradesh,502,Ananthapuramu,5312,Yadiki,594790,1,Thimmapuram,,Rural,Inhabitant,2580200,594790
4253,28,Andhra Pradesh,502,Ananthapuramu,5312,Yadiki,594792,1,Yadiki,,Rural,Inhabitant,2580400,594792
4254,28,Andhra Pradesh,502,Ananthapuramu,5312,Yadiki,594793,1,Obulapuram,,Rural,Inhabitant,2580500,594793
4255,28,Andhra Pradesh,502,Ananthapuramu,5312,Yadiki,594796,1,Gudipadu,,Rural,Inhabitant,2580800,594796
4256,28,Andhra Pradesh,502,Ananthapuramu,5312,Yadiki,594797,1,Kamalapadu,,Rural,Inhabitant,2580900,594797
4257,28,Andhra Pradesh,502,Ananthapuramu,5312,Yadiki,594798,1,Nittoor,,Rural,Inhabitant,2581000,594798
4258,28,Andhra Pradesh,502,Ananthapuramu,5312,Yadiki,594786,1,Rayalacheruvu,,Rural,Inhabitant,2579800,594786
4259,28,Andhra Pradesh,502,Ananthapuramu,5312,Yadiki,594787,1,Tutrallapalle,,Rural,Inhabitant,2579900,594787
4260,28,Andhra Pradesh,502,Ananthapuramu,5312,Yadiki,594789,1,Puppala,,Rural,Inhabitant,2580100,594789
4261,28,Andhra Pradesh,502,Ananthapuramu,5312,Yadiki,594791,1,Vemulapadu,,Rural,Inhabitant,2580300,594791
4262,28,Andhra Pradesh,502,Ananthapuramu,5312,Yadiki,594794,1,Konuppalapadu,,Rural,Inhabitant,2580600,594794
4263,28,Andhra Pradesh,502,Ananthapuramu,5312,Yadiki,594795,1,Kundanakota,,Rural,Inhabitant,2580700,594795
4264,28,Andhra Pradesh,502,Ananthapuramu,5327,Yellanur,595035,1,Vemulapalle,,Rural,Inhabitant,2604500,595035
4265,28,Andhra Pradesh,502,Ananthapuramu,5327,Yellanur,595037,1,Nitturu,,Rural,Inhabitant,2604700,595037
4266,28,Andhra Pradesh,502,Ananthapuramu,5327,Yellanur,595038,1,Peddamallepalle,,Rural,Inhabitant,2604800,595038
4267,28,Andhra Pradesh,502,Ananthapuramu,5327,Yellanur,595039,1,Thirumalapuram,,Rural,Inhabitant,2604900,595039
4268,28,Andhra Pradesh,502,Ananthapuramu,5327,Yellanur,595040,1,Yellanur,,Rural,Inhabitant,2605000,595040
4269,28,Andhra Pradesh,502,Ananthapuramu,5327,Yellanur,595041,1,Kacharlakunta,,Rural,Inhabitant,2605100,595041
4270,28,Andhra Pradesh,502,Ananthapuramu,5327,Yellanur,595042,1,Pathapalle,,Rural,Inhabitant,2605200,595042
4271,28,Andhra Pradesh,502,Ananthapuramu,5327,Yellanur,595044,1,Kodumurthy,,Rural,Inhabitant,2605400,595044
4272,28,Andhra Pradesh,502,Ananthapuramu,5327,Yellanur,595045,1,Chilamakuru,,Rural,Inhabitant,2605500,595045
4273,28,Andhra Pradesh,502,Ananthapuramu,5327,Yellanur,595047,1,Bukkapuram,,Rural,Inhabitant,2605700,595047
4274,28,Andhra Pradesh,502,Ananthapuramu,5327,Yellanur,595049,1,Mallagundla,,Rural,Inhabitant,2605900,595049
4275,28,Andhra Pradesh,502,Ananthapuramu,5327,Yellanur,595051,1,Goddumarri,,Rural,Inhabitant,2606100,595051
4276,28,Andhra Pradesh,502,Ananthapuramu,5327,Yellanur,595052,1,Singavaram,,Rural,Inhabitant,2606200,595052
4277,28,Andhra Pradesh,502,Ananthapuramu,5327,Yellanur,595053,1,Kalluru,,Rural,Inhabitant,2606300,595053
4278,28,Andhra Pradesh,502,Ananthapuramu,5327,Yellanur,595036,1,Medukurthy,,Rural,Inhabitant,2604600,595036
4279,28,Andhra Pradesh,502,Ananthapuramu,5327,Yellanur,595043,1,Vennapurapalle,,Rural,Inhabitant,2605300,595043
4280,28,Andhra Pradesh,502,Ananthapuramu,5327,Yellanur,595046,1,Boppepalle,,Rural,Inhabitant,2605600,595046
4281,28,Andhra Pradesh,502,Ananthapuramu,5327,Yellanur,595048,1,Aravedu,,Rural,Inhabitant,2605800,595048
4282,28,Andhra Pradesh,502,Ananthapuramu,5327,Yellanur,595050,1,Y.Chintakayamanda,,Rural,Inhabitant,2606000,595050
4283,28,Andhra Pradesh,753,Annamayya,5391,Beerongi Kothakota,596122,2,B.Kothakota,,Urban,Inhabitant,2712100,596122
4284,28,Andhra Pradesh,753,Annamayya,5391,Beerongi Kothakota,596123,2,Beerangi,,Rural,Inhabitant,2712200,596123
4285,28,Andhra Pradesh,753,Annamayya,5391,Beerongi Kothakota,596126,2,Gattu,,Rural,Inhabitant,2712500,596126
4286,28,Andhra Pradesh,753,Annamayya,5391,Beerongi Kothakota,596128,2,Thummanamgutta,,Rural,Inhabitant,2712700,596128
4287,28,Andhra Pradesh,753,Annamayya,5391,Beerongi Kothakota,596130,2,Kotavooru,,Rural,Inhabitant,2712900,596130
4288,28,Andhra Pradesh,753,Annamayya,5391,Beerongi Kothakota,596124,2,Badikayalapalle,,Rural,Inhabitant,2712300,596124
4289,28,Andhra Pradesh,753,Annamayya,5391,Beerongi Kothakota,596125,2,Gummasamudram,,Rural,Inhabitant,2712400,596125
4290,28,Andhra Pradesh,753,Annamayya,5391,Beerongi Kothakota,596127,2,Bayyappagaripalle,,Rural,Inhabitant,2712600,596127
4291,28,Andhra Pradesh,753,Annamayya,5391,Beerongi Kothakota,596129,2,Gollapalle,,Rural,Inhabitant,2712800,596129
4292,28,Andhra Pradesh,753,Annamayya,5236,Chinnamandem,593497,2,Vandadi,,Rural,Inhabitant,2451500,593497
4293,28,Andhra Pradesh,753,Annamayya,5236,Chinnamandem,593499,2,Devagudipalle,,Rural,Inhabitant,2451700,593499
4294,28,Andhra Pradesh,753,Annamayya,5236,Chinnamandem,593493,2,Diguvagottiveedu,,Rural,Inhabitant,2451100,593493
4295,28,Andhra Pradesh,753,Annamayya,5236,Chinnamandem,593494,2,Kalibanda,,Rural,Inhabitant,2451200,593494
4296,28,Andhra Pradesh,753,Annamayya,5236,Chinnamandem,593495,2,Paramatikona,,Rural,Inhabitant,2451300,593495
4297,28,Andhra Pradesh,753,Annamayya,5236,Chinnamandem,593496,2,T.Sakibanda,,Rural,Inhabitant,2451400,593496
4298,28,Andhra Pradesh,753,Annamayya,5236,Chinnamandem,593498,2,Mallur,,Rural,Inhabitant,2451600,593498
4299,28,Andhra Pradesh,753,Annamayya,5236,Chinnamandem,593500,2,Chinnamandem,,Rural,Inhabitant,2451800,593500
4300,28,Andhra Pradesh,753,Annamayya,5236,Chinnamandem,593501,2,Bonamala,,Rural,Inhabitant,2451900,593501
4301,28,Andhra Pradesh,753,Annamayya,5413,Chowdepalle,596520,2,Katiperi,,Rural,Inhabitant,2752900,596520
4302,28,Andhra Pradesh,753,Annamayya,5413,Chowdepalle,596522,2,A.Kothakota,,Rural,Inhabitant,2753100,596522
4303,28,Andhra Pradesh,753,Annamayya,5413,Chowdepalle,596515,2,Chowdepalle,,Rural,Inhabitant,2752400,596515
4304,28,Andhra Pradesh,753,Annamayya,5413,Chowdepalle,596517,2,Settipeta,,Rural,Inhabitant,2752600,596517
4305,28,Andhra Pradesh,753,Annamayya,5413,Chowdepalle,596518,2,Pudipatla,,Rural,Inhabitant,2752700,596518
4306,28,Andhra Pradesh,753,Annamayya,5413,Chowdepalle,596512,2,Kondamarri,,Rural,Inhabitant,2752100,596512
4307,28,Andhra Pradesh,753,Annamayya,5413,Chowdepalle,596516,2,Pandillapalle,,Rural,Inhabitant,2752500,596516
4308,28,Andhra Pradesh,753,Annamayya,5413,Chowdepalle,596519,2,29 -A. Chinta -Makulapalle,,Rural,Inhabitant,2752800,596519
4309,28,Andhra Pradesh,753,Annamayya,5413,Chowdepalle,596521,2,Laddigam,,Rural,Inhabitant,2753000,596521
4310,28,Andhra Pradesh,753,Annamayya,5413,Chowdepalle,596523,2,Durgasamudram,,Rural,Inhabitant,2753200,596523
4311,28,Andhra Pradesh,753,Annamayya,5413,Chowdepalle,596524,2,Charala,,Rural,Inhabitant,2753300,596524
4312,28,Andhra Pradesh,753,Annamayya,5413,Chowdepalle,596510,2,Diguvapalle,,Rural,Inhabitant,2751900,596510
4313,28,Andhra Pradesh,753,Annamayya,5413,Chowdepalle,596511,2,Kogathi,,Rural,Inhabitant,2752000,596511
4314,28,Andhra Pradesh,753,Annamayya,5413,Chowdepalle,596513,2,Gaddamvaripalle,,Rural,Inhabitant,2752200,596513
4315,28,Andhra Pradesh,753,Annamayya,5413,Chowdepalle,596514,2,Peddayallakuntla,,Rural,Inhabitant,2752300,596514
4316,28,Andhra Pradesh,753,Annamayya,5235,Galiveedu,593479,2,Talamudipi,,Rural,Inhabitant,2449700,593479
4317,28,Andhra Pradesh,753,Annamayya,5235,Galiveedu,593480,2,Korlakunta,,Rural,Inhabitant,2449800,593480
4318,28,Andhra Pradesh,753,Annamayya,5235,Galiveedu,593482,2,Nooliveedu,,Rural,Inhabitant,2450000,593482
4319,28,Andhra Pradesh,753,Annamayya,5235,Galiveedu,593483,2,Pandikunta,,Rural,Inhabitant,2450100,593483
4320,28,Andhra Pradesh,753,Annamayya,5235,Galiveedu,593484,2,Thumukunta,,Rural,Inhabitant,2450200,593484
4321,28,Andhra Pradesh,753,Annamayya,5235,Galiveedu,593485,2,Garugupalle,,Rural,Inhabitant,2450300,593485
4322,28,Andhra Pradesh,753,Annamayya,5235,Galiveedu,593486,2,Gundlacheruvu,,Rural,Inhabitant,2450400,593486
4323,28,Andhra Pradesh,753,Annamayya,5235,Galiveedu,593487,2,Gopanapalle,,Rural,Inhabitant,2450500,593487
4324,28,Andhra Pradesh,753,Annamayya,5235,Galiveedu,593489,2,Veligallu,,Rural,Inhabitant,2450700,593489
4325,28,Andhra Pradesh,753,Annamayya,5235,Galiveedu,593490,2,Galiveedu,,Rural,Inhabitant,2450800,593490
4326,28,Andhra Pradesh,753,Annamayya,5235,Galiveedu,593491,2,Araveedu,,Rural,Inhabitant,2450900,593491
4327,28,Andhra Pradesh,753,Annamayya,5235,Galiveedu,593492,2,Eguvagottiveedu,,Rural,Inhabitant,2451000,593492
4328,28,Andhra Pradesh,753,Annamayya,5235,Galiveedu,593481,2,Pulikunta,,Rural,Inhabitant,2449900,593481
4329,28,Andhra Pradesh,753,Annamayya,5235,Galiveedu,593488,2,Pyarampalle,,Rural,Inhabitant,2450600,593488
4330,28,Andhra Pradesh,753,Annamayya,5370,Gurramkonda,595643,2,Yellutla,,Rural,Inhabitant,2665000,595643
4331,28,Andhra Pradesh,753,Annamayya,5370,Gurramkonda,595645,2,Nadimikhandriga,,Rural,Inhabitant,2665200,595645
4332,28,Andhra Pradesh,753,Annamayya,5370,Gurramkonda,595649,2,Sangasamudram,,Rural,Inhabitant,2665600,595649
4333,28,Andhra Pradesh,753,Annamayya,5370,Gurramkonda,595651,2,Marrimakulapalle,,Rural,Inhabitant,2665800,595651
4334,28,Andhra Pradesh,753,Annamayya,5370,Gurramkonda,595652,2,Amilepalle,,Rural,Inhabitant,2665900,595652
4335,28,Andhra Pradesh,753,Annamayya,5370,Gurramkonda,595658,2,Marripadu,,Rural,Inhabitant,2666500,595658
4336,28,Andhra Pradesh,753,Annamayya,5370,Gurramkonda,595642,2,Pasalavandla Palle,,Rural,Inhabitant,2664900,595642
4337,28,Andhra Pradesh,753,Annamayya,5370,Gurramkonda,595644,2,Cherlopalle,,Rural,Inhabitant,2665100,595644
4338,28,Andhra Pradesh,753,Annamayya,5370,Gurramkonda,595646,2,Sarimadugu,,Rural,Inhabitant,2665300,595646
4339,28,Andhra Pradesh,753,Annamayya,5370,Gurramkonda,595647,2,Chittiboyanapalle,,Rural,Inhabitant,2665400,595647
4340,28,Andhra Pradesh,753,Annamayya,5370,Gurramkonda,595648,2,Gurramkonda,,Rural,Inhabitant,2665500,595648
4341,28,Andhra Pradesh,753,Annamayya,5370,Gurramkonda,595650,2,Khandriga,,Rural,Inhabitant,2665700,595650
4342,28,Andhra Pradesh,753,Annamayya,5370,Gurramkonda,595653,2,Arigalavaripalle,,Rural,Inhabitant,2666000,595653
4343,28,Andhra Pradesh,753,Annamayya,5370,Gurramkonda,595654,2,Setlivaripalle,,Rural,Inhabitant,2666100,595654
4344,28,Andhra Pradesh,753,Annamayya,5370,Gurramkonda,595655,2,Tharigonda,,Rural,Inhabitant,2666200,595655
4345,28,Andhra Pradesh,753,Annamayya,5370,Gurramkonda,595656,2,Ramapuram,,Rural,Inhabitant,2666300,595656
4346,28,Andhra Pradesh,753,Annamayya,5370,Gurramkonda,595657,2,Tharigondarajupalle,,Rural,Inhabitant,2666400,595657
4347,28,Andhra Pradesh,753,Annamayya,5371,Kalakada,595661,2,Kadirayacheruvu,,Rural,Inhabitant,2666800,595661
4348,28,Andhra Pradesh,753,Annamayya,5371,Kalakada,595668,2,Kona,,Rural,Inhabitant,2667500,595668
4349,28,Andhra Pradesh,753,Annamayya,5371,Kalakada,595669,2,Gudibanda,,Rural,Inhabitant,2667600,595669
4350,28,Andhra Pradesh,753,Annamayya,5371,Kalakada,595659,2,Nadimicherla,,Rural,Inhabitant,2666600,595659
4351,28,Andhra Pradesh,753,Annamayya,5371,Kalakada,595660,2,Madinenipalem,,Rural,Inhabitant,2666700,595660
4352,28,Andhra Pradesh,753,Annamayya,5371,Kalakada,595662,2,Enugondapalem,,Rural,Inhabitant,2666900,595662
4353,28,Andhra Pradesh,753,Annamayya,5371,Kalakada,595663,2,Mudiamvaripalle,,Rural,Inhabitant,2667000,595663
4354,28,Andhra Pradesh,753,Annamayya,5371,Kalakada,595664,2,Nawabpet,,Rural,Inhabitant,2667100,595664
4355,28,Andhra Pradesh,753,Annamayya,5371,Kalakada,595665,2,Yerrakotapalle,,Rural,Inhabitant,2667200,595665
4356,28,Andhra Pradesh,753,Annamayya,5371,Kalakada,595666,2,Ratiguntapalle,,Rural,Inhabitant,2667300,595666
4357,28,Andhra Pradesh,753,Annamayya,5371,Kalakada,595667,2,Devalapalle,,Rural,Inhabitant,2667400,595667
4358,28,Andhra Pradesh,753,Annamayya,5371,Kalakada,595670,2,Kalakadadoddi Palle,,Rural,Inhabitant,2667700,595670
4359,28,Andhra Pradesh,753,Annamayya,5371,Kalakada,595671,2,Kalakadakothapalle,,Rural,Inhabitant,2667800,595671
4360,28,Andhra Pradesh,753,Annamayya,5371,Kalakada,595672,2,Kalakada,,Rural,Inhabitant,2667900,595672
4361,28,Andhra Pradesh,753,Annamayya,5371,Kalakada,595673,2,Pothavaripalle,,Rural,Inhabitant,2668000,595673
4362,28,Andhra Pradesh,753,Annamayya,5371,Kalakada,595674,2,Gangapuram,,Rural,Inhabitant,2668100,595674
4363,28,Andhra Pradesh,753,Annamayya,5387,Kalikiri,596065,2,Mahal,,Rural,Inhabitant,2706400,596065
4364,28,Andhra Pradesh,753,Annamayya,5387,Kalikiri,596066,2,Gundloor,,Rural,Inhabitant,2706500,596066
4365,28,Andhra Pradesh,753,Annamayya,5387,Kalikiri,596068,2,Munellapalle,,Rural,Inhabitant,2706700,596068
4366,28,Andhra Pradesh,753,Annamayya,5387,Kalikiri,596069,2,Pallavolu,,Rural,Inhabitant,2706800,596069
4367,28,Andhra Pradesh,753,Annamayya,5387,Kalikiri,596070,2,Parapatla,,Rural,Inhabitant,2706900,596070
4368,28,Andhra Pradesh,753,Annamayya,5387,Kalikiri,596071,2,Medikurthi,,Rural,Inhabitant,2707000,596071
4369,28,Andhra Pradesh,753,Annamayya,5387,Kalikiri,596074,2,Korlakunta,,Rural,Inhabitant,2707300,596074
4370,28,Andhra Pradesh,753,Annamayya,5387,Kalikiri,596075,2,Kalikirireddivari Palle,,Rural,Inhabitant,2707400,596075
4371,28,Andhra Pradesh,753,Annamayya,5387,Kalikiri,596077,2,Kalikiri,,Rural,Inhabitant,2707600,596077
4372,28,Andhra Pradesh,753,Annamayya,5387,Kalikiri,596064,2,Cheekatipalle,,Rural,Inhabitant,2706300,596064
4373,28,Andhra Pradesh,753,Annamayya,5387,Kalikiri,596067,2,T.Sandrapalle,,Rural,Inhabitant,2706600,596067
4374,28,Andhra Pradesh,753,Annamayya,5387,Kalikiri,596072,2,Marrikuntapalle,,Rural,Inhabitant,2707100,596072
4375,28,Andhra Pradesh,753,Annamayya,5387,Kalikiri,596073,2,Pathegada,,Rural,Inhabitant,2707200,596073
4376,28,Andhra Pradesh,753,Annamayya,5387,Kalikiri,596076,2,Guttapalem,,Rural,Inhabitant,2707500,596076
4377,28,Andhra Pradesh,753,Annamayya,5372,Kambhamvaripalle,595677,2,Jillellamanda,,Rural,Inhabitant,2668400,595677
4378,28,Andhra Pradesh,753,Annamayya,5372,Kambhamvaripalle,595678,2,Marella,,Rural,Inhabitant,2668500,595678
4379,28,Andhra Pradesh,753,Annamayya,5372,Kambhamvaripalle,595679,2,Garnimitta,,Rural,Inhabitant,2668600,595679
4380,28,Andhra Pradesh,753,Annamayya,5372,Kambhamvaripalle,595680,2,Thuvvapalle,,Rural,Inhabitant,2668700,595680
4381,28,Andhra Pradesh,753,Annamayya,5372,Kambhamvaripalle,595684,2,Mahalrajupalle,,Rural,Inhabitant,2669100,595684
4382,28,Andhra Pradesh,753,Annamayya,5372,Kambhamvaripalle,595688,2,Gyarampalle,,Rural,Inhabitant,2669500,595688
4383,28,Andhra Pradesh,753,Annamayya,5372,Kambhamvaripalle,595690,2,Yerlampalle,,Rural,Inhabitant,2669700,595690
4384,28,Andhra Pradesh,753,Annamayya,5372,Kambhamvaripalle,595691,2,Kambhamvaripalle,,Rural,Inhabitant,2669800,595691
4385,28,Andhra Pradesh,753,Annamayya,5372,Kambhamvaripalle,595695,2,Gorantlapalle,,Rural,Inhabitant,2670200,595695
4386,28,Andhra Pradesh,753,Annamayya,5372,Kambhamvaripalle,595675,2,Maddipatlavandlapalle,,Rural,Inhabitant,2668200,595675
4387,28,Andhra Pradesh,753,Annamayya,5372,Kambhamvaripalle,595676,2,Noothanakalva,,Rural,Inhabitant,2668300,595676
4388,28,Andhra Pradesh,753,Annamayya,5372,Kambhamvaripalle,595681,2,Boppasamudram,,Rural,Inhabitant,2668800,595681
4389,28,Andhra Pradesh,753,Annamayya,5372,Kambhamvaripalle,595682,2,Galivaripalle,,Rural,Inhabitant,2668900,595682
4390,28,Andhra Pradesh,753,Annamayya,5372,Kambhamvaripalle,595683,2,Hissapalle,,Rural,Inhabitant,2669000,595683
4391,28,Andhra Pradesh,753,Annamayya,5372,Kambhamvaripalle,595685,2,Thimmapuram,,Rural,Inhabitant,2669200,595685
4392,28,Andhra Pradesh,753,Annamayya,5372,Kambhamvaripalle,595686,2,Theethavagunta Palle,,Rural,Inhabitant,2669300,595686
4393,28,Andhra Pradesh,753,Annamayya,5372,Kambhamvaripalle,595687,2,Matampalle,,Rural,Inhabitant,2669400,595687
4394,28,Andhra Pradesh,753,Annamayya,5372,Kambhamvaripalle,595689,2,Sorakayalapet,,Rural,Inhabitant,2669600,595689
4395,28,Andhra Pradesh,753,Annamayya,5372,Kambhamvaripalle,595692,2,Vagalla,,Rural,Inhabitant,2669900,595692
4396,28,Andhra Pradesh,753,Annamayya,5372,Kambhamvaripalle,595693,2,Kethamreddipalle,,Rural,Inhabitant,2670000,595693
4397,28,Andhra Pradesh,753,Annamayya,5372,Kambhamvaripalle,595694,2,Kasireddipalle,,Rural,Inhabitant,2670100,595694
4398,28,Andhra Pradesh,753,Annamayya,5389,Kurabalakota,596096,2,Mudivedu,,Rural,Inhabitant,2709500,596096
4399,28,Andhra Pradesh,753,Annamayya,5389,Kurabalakota,596102,2,Mutakanavaripalle,,Rural,Inhabitant,2710100,596102
4400,28,Andhra Pradesh,753,Annamayya,5389,Kurabalakota,596095,2,Pitchalavandla Palle,,Rural,Inhabitant,2709400,596095
4401,28,Andhra Pradesh,753,Annamayya,5389,Kurabalakota,596097,2,Matlivaripalle,,Rural,Inhabitant,2709600,596097
4402,28,Andhra Pradesh,753,Annamayya,5389,Kurabalakota,596098,2,Brahmanavoddu Palle,,Rural,Inhabitant,2709700,596098
4403,28,Andhra Pradesh,753,Annamayya,5389,Kurabalakota,596099,2,Kurabalakota,,Rural,Inhabitant,2709800,596099
4404,28,Andhra Pradesh,753,Annamayya,5389,Kurabalakota,596100,2,Thettu,,Rural,Inhabitant,2709900,596100
4405,28,Andhra Pradesh,753,Annamayya,5389,Kurabalakota,596101,2,Angallu,,Rural,Inhabitant,2710000,596101
4406,28,Andhra Pradesh,753,Annamayya,5240,Lakkireddipalli,593550,2,Pandillapalle,,Rural,Inhabitant,2456800,593550
4407,28,Andhra Pradesh,753,Annamayya,5240,Lakkireddipalli,593554,2,Maddirevula,,Rural,Inhabitant,2457200,593554
4408,28,Andhra Pradesh,753,Annamayya,5240,Lakkireddipalli,593555,2,Kakulavaram,,Rural,Inhabitant,2457300,593555
4409,28,Andhra Pradesh,753,Annamayya,5240,Lakkireddipalli,593544,2,Brahmana Yerragudi,,Rural,Inhabitant,2456200,593544
4410,28,Andhra Pradesh,753,Annamayya,5240,Lakkireddipalli,593545,2,Dinnepadu,,Rural,Inhabitant,2456300,593545
4411,28,Andhra Pradesh,753,Annamayya,5240,Lakkireddipalli,593546,2,Gudlavaripalle,,Rural,Inhabitant,2456400,593546
4412,28,Andhra Pradesh,753,Annamayya,5240,Lakkireddipalli,593551,2,Naraharibhatla Palle,,Rural,Inhabitant,2456900,593551
4413,28,Andhra Pradesh,753,Annamayya,5240,Lakkireddipalli,593552,2,Somabotlapalle,,Rural,Inhabitant,2457000,593552
4414,28,Andhra Pradesh,753,Annamayya,5240,Lakkireddipalli,593553,2,Kurnoothala,,Rural,Inhabitant,2457100,593553
4415,28,Andhra Pradesh,753,Annamayya,5240,Lakkireddipalli,593547,2,Ananthapuram,,Rural,Inhabitant,2456500,593547
4416,28,Andhra Pradesh,753,Annamayya,5240,Lakkireddipalli,593548,2,Lakkireddipalle,,Rural,Inhabitant,2456600,593548
4417,28,Andhra Pradesh,753,Annamayya,5240,Lakkireddipalli,593549,2,Dappepalle,,Rural,Inhabitant,2456700,593549
4418,28,Andhra Pradesh,753,Annamayya,5392,Madanapalle,596132,2,Ponnetipalem (Og) (Part),,Rural,Inhabitant,0,596132
4419,28,Andhra Pradesh,753,Annamayya,5392,Madanapalle,596133,2,Vempalle,,Rural,Inhabitant,2713200,596133
4420,28,Andhra Pradesh,753,Annamayya,5392,Madanapalle,596134,2,Malepadu,,Rural,Inhabitant,2713300,596134
4421,28,Andhra Pradesh,753,Annamayya,5392,Madanapalle,596135,2,Theneegalavaripalle,,Rural,Inhabitant,2713400,596135
4422,28,Andhra Pradesh,753,Annamayya,5392,Madanapalle,596137,2,Madanapalle (R) (Part),,Rural,Inhabitant,2713600,596137
4423,28,Andhra Pradesh,753,Annamayya,5392,Madanapalle,596139,2,Chinnathippasamudram,,Rural,Inhabitant,2714100,596139
4424,28,Andhra Pradesh,753,Annamayya,5392,Madanapalle,596149,2,Pappireddipalle (Og),,Rural,Inhabitant,2713900,596149
4425,28,Andhra Pradesh,753,Annamayya,5392,Madanapalle,596131,2,Kollabylu (Part),,Rural,Inhabitant,2713000,596131
4426,28,Andhra Pradesh,753,Annamayya,5392,Madanapalle,596136,2,Penchupadu,,Rural,Inhabitant,2713500,596136
4427,28,Andhra Pradesh,753,Annamayya,5392,Madanapalle,596138,2,Kothavaripalle,,Rural,Inhabitant,2714000,596138
4428,28,Andhra Pradesh,753,Annamayya,5392,Madanapalle,596140,2,Kasiraopeta,,Rural,Inhabitant,2714200,596140
4429,28,Andhra Pradesh,753,Annamayya,5392,Madanapalle,596141,2,Pothapalu,,Rural,Inhabitant,2714300,596141
4430,28,Andhra Pradesh,753,Annamayya,5392,Madanapalle,596142,2,Basinikonda (Part),,Rural,Inhabitant,2714500,596142
4431,28,Andhra Pradesh,753,Annamayya,5392,Madanapalle,596143,2,Molakaladinne,,Rural,Inhabitant,2714700,596143
4432,28,Andhra Pradesh,753,Annamayya,5392,Madanapalle,596144,2,Valasapalle,,Rural,Inhabitant,2714800,596144
4433,28,Andhra Pradesh,753,Annamayya,5392,Madanapalle,596145,2,Chippili (Og),,Rural,Inhabitant,2713800,596145
4434,28,Andhra Pradesh,753,Annamayya,5392,Madanapalle,596146,2,Venkappakota (Og),,Rural,Inhabitant,2714400,596146
4435,28,Andhra Pradesh,753,Annamayya,5392,Madanapalle,596147,2,Ankisettipalle (Og),,Rural,Inhabitant,2713700,596147
4436,28,Andhra Pradesh,753,Annamayya,5392,Madanapalle,596148,2,Pamaiahgaripalle (Og),,Rural,Inhabitant,2714600,596148
4437,28,Andhra Pradesh,753,Annamayya,5392,Madanapalle,930523,2,Bandameedakammapalle,బండమీదకమ్మపల్లి,Unmapped,Inhabitant,0,0
4438,28,Andhra Pradesh,753,Annamayya,5392,Madanapalle,930524,2,Kammapalle,కమ్మపల్లి,Unmapped,Inhabitant,0,0
4439,28,Andhra Pradesh,753,Annamayya,5367,Mulakalacheruvu,595601,2,T.Sowdasamudram,,Rural,Inhabitant,2660800,595601
4440,28,Andhra Pradesh,753,Annamayya,5367,Mulakalacheruvu,595602,2,Gudupalle,,Rural,Inhabitant,2660900,595602
4441,28,Andhra Pradesh,753,Annamayya,5367,Mulakalacheruvu,595603,2,Sompalle,,Rural,Inhabitant,2661000,595603
4442,28,Andhra Pradesh,753,Annamayya,5367,Mulakalacheruvu,595604,2,Mulakalacheruvu,,Rural,Inhabitant,2661100,595604
4443,28,Andhra Pradesh,753,Annamayya,5367,Mulakalacheruvu,595605,2,Nayanicheruvupalle,,Rural,Inhabitant,2661200,595605
4444,28,Andhra Pradesh,753,Annamayya,5367,Mulakalacheruvu,595607,2,Kadirinathunikota,,Rural,Inhabitant,2661400,595607
4445,28,Andhra Pradesh,753,Annamayya,5367,Mulakalacheruvu,595608,2,Chennaiahgaripalle,,Rural,Inhabitant,2661500,595608
4446,28,Andhra Pradesh,753,Annamayya,5367,Mulakalacheruvu,595609,2,Peddapalem,,Rural,Inhabitant,2661600,595609
4447,28,Andhra Pradesh,753,Annamayya,5367,Mulakalacheruvu,595611,2,Burakayalakota,,Rural,Inhabitant,2661800,595611
4448,28,Andhra Pradesh,753,Annamayya,5367,Mulakalacheruvu,595612,2,Vepurikota,,Rural,Inhabitant,2661900,595612
4449,28,Andhra Pradesh,753,Annamayya,5367,Mulakalacheruvu,595599,2,Chennappagaripalle,,Rural,Inhabitant,2660600,595599
4450,28,Andhra Pradesh,753,Annamayya,5367,Mulakalacheruvu,595600,2,Kalavapalle,,Rural,Inhabitant,2660700,595600
4451,28,Andhra Pradesh,753,Annamayya,5367,Mulakalacheruvu,595606,2,Marellagadda,,Rural,Inhabitant,2661300,595606
4452,28,Andhra Pradesh,753,Annamayya,5367,Mulakalacheruvu,595610,2,Devalcheruvu,,Rural,Inhabitant,2661700,595610
4453,28,Andhra Pradesh,753,Annamayya,5367,Mulakalacheruvu,595613,2,Nadigaddathimmanapalle,,Rural,Inhabitant,2662000,595613
4454,28,Andhra Pradesh,753,Annamayya,5367,Mulakalacheruvu,595614,2,Maddinayanipalle,,Rural,Inhabitant,2662100,595614
4455,28,Andhra Pradesh,753,Annamayya,5367,Mulakalacheruvu,595615,2,Devarapalle,,Rural,Inhabitant,2662200,595615
4456,28,Andhra Pradesh,753,Annamayya,5393,Nimmanapalle,596151,2,Machireddigaripalle,,Rural,Inhabitant,2715000,596151
4457,28,Andhra Pradesh,753,Annamayya,5393,Nimmanapalle,596154,2,Mastur,,Rural,Inhabitant,2715300,596154
4458,28,Andhra Pradesh,753,Annamayya,5393,Nimmanapalle,596156,2,Chowkillavaripalle,,Rural,Inhabitant,2715500,596156
4459,28,Andhra Pradesh,753,Annamayya,5393,Nimmanapalle,596157,2,Nimmanapalle,,Rural,Inhabitant,2715600,596157
4460,28,Andhra Pradesh,753,Annamayya,5393,Nimmanapalle,596158,2,Agraharam,,Rural,Inhabitant,2715700,596158
4461,28,Andhra Pradesh,753,Annamayya,5393,Nimmanapalle,596150,2,Rachavetivaripalle,,Rural,Inhabitant,2714900,596150
4462,28,Andhra Pradesh,753,Annamayya,5393,Nimmanapalle,596152,2,Reddivaripalle,,Rural,Inhabitant,2715100,596152
4463,28,Andhra Pradesh,753,Annamayya,5393,Nimmanapalle,596153,2,Bandlapai,,Rural,Inhabitant,2715200,596153
4464,28,Andhra Pradesh,753,Annamayya,5393,Nimmanapalle,596155,2,Thavalam,,Rural,Inhabitant,2715400,596155
4465,28,Andhra Pradesh,753,Annamayya,5393,Nimmanapalle,596159,2,Vengamvaripalle,,Rural,Inhabitant,2715800,596159
4466,28,Andhra Pradesh,753,Annamayya,5369,Peddamandyam,595635,2,Musalikunta,,Rural,Inhabitant,2664200,595635
4467,28,Andhra Pradesh,753,Annamayya,5369,Peddamandyam,595636,2,Papepalle,,Rural,Inhabitant,2664300,595636
4468,28,Andhra Pradesh,753,Annamayya,5369,Peddamandyam,595638,2,Kalicherla,,Rural,Inhabitant,2664500,595638
4469,28,Andhra Pradesh,753,Annamayya,5369,Peddamandyam,595640,2,Sivapuram,,Rural,Inhabitant,2664700,595640
4470,28,Andhra Pradesh,753,Annamayya,5369,Peddamandyam,595633,2,Diguvapalle,,Rural,Inhabitant,2664000,595633
4471,28,Andhra Pradesh,753,Annamayya,5369,Peddamandyam,595634,2,Bandrevu,,Rural,Inhabitant,2664100,595634
4472,28,Andhra Pradesh,753,Annamayya,5369,Peddamandyam,595637,2,Peddamandyam,,Rural,Inhabitant,2664400,595637
4473,28,Andhra Pradesh,753,Annamayya,5369,Peddamandyam,595639,2,Siddavaram,,Rural,Inhabitant,2664600,595639
4474,28,Andhra Pradesh,753,Annamayya,5369,Peddamandyam,595641,2,Veligallu,,Rural,Inhabitant,2664800,595641
4475,28,Andhra Pradesh,753,Annamayya,5390,Pedda Thippasamudram,596103,2,Pattamvandlapalle,,Rural,Inhabitant,2710200,596103
4476,28,Andhra Pradesh,753,Annamayya,5390,Pedda Thippasamudram,596106,2,Jagadamvaripalle,,Rural,Inhabitant,2710500,596106
4477,28,Andhra Pradesh,753,Annamayya,5390,Pedda Thippasamudram,596110,2,Madunuru,,Rural,Inhabitant,2710900,596110
4478,28,Andhra Pradesh,753,Annamayya,5390,Pedda Thippasamudram,596112,2,Peddathippasamudram,,Rural,Inhabitant,2711100,596112
4479,28,Andhra Pradesh,753,Annamayya,5390,Pedda Thippasamudram,596113,2,Thummarakunta,,Rural,Inhabitant,2711200,596113
4480,28,Andhra Pradesh,753,Annamayya,5390,Pedda Thippasamudram,596114,2,T.Sadum,,Rural,Inhabitant,2711300,596114
4481,28,Andhra Pradesh,753,Annamayya,5390,Pedda Thippasamudram,596115,2,Ananthapuram,,Rural,Inhabitant,2711400,596115
4482,28,Andhra Pradesh,753,Annamayya,5390,Pedda Thippasamudram,596118,2,Boorlapalle,,Rural,Inhabitant,2711700,596118
4483,28,Andhra Pradesh,753,Annamayya,5390,Pedda Thippasamudram,596119,2,Mallela,,Rural,Inhabitant,2711800,596119
4484,28,Andhra Pradesh,753,Annamayya,5390,Pedda Thippasamudram,596120,2,Sampathikota,,Rural,Inhabitant,2711900,596120
4485,28,Andhra Pradesh,753,Annamayya,5390,Pedda Thippasamudram,596104,2,Kandukuru,,Rural,Inhabitant,2710300,596104
4486,28,Andhra Pradesh,753,Annamayya,5390,Pedda Thippasamudram,596105,2,Katnagallu,,Rural,Inhabitant,2710400,596105
4487,28,Andhra Pradesh,753,Annamayya,5390,Pedda Thippasamudram,596107,2,Pulikallu,,Rural,Inhabitant,2710600,596107
4488,28,Andhra Pradesh,753,Annamayya,5390,Pedda Thippasamudram,596108,2,Kamsalavandla Palle,,Rural,Inhabitant,2710700,596108
4489,28,Andhra Pradesh,753,Annamayya,5390,Pedda Thippasamudram,596109,2,Rangasamudram,,Rural,Inhabitant,2710800,596109
4490,28,Andhra Pradesh,753,Annamayya,5390,Pedda Thippasamudram,596111,2,Maddaiahgaripalle,,Rural,Inhabitant,2711000,596111
4491,28,Andhra Pradesh,753,Annamayya,5390,Pedda Thippasamudram,596116,2,Chinnaponguppalle,,Rural,Inhabitant,2711500,596116
4492,28,Andhra Pradesh,753,Annamayya,5390,Pedda Thippasamudram,596117,2,Amallabandakota,,Rural,Inhabitant,2711600,596117
4493,28,Andhra Pradesh,753,Annamayya,5390,Pedda Thippasamudram,596121,2,Buchipalle,,Rural,Inhabitant,2712000,596121
4494,28,Andhra Pradesh,753,Annamayya,5386,Pileru,596050,2,Talupula,,Rural,Inhabitant,2704900,596050
4495,28,Andhra Pradesh,753,Annamayya,5386,Pileru,596051,2,Jandla,,Rural,Inhabitant,2705000,596051
4496,28,Andhra Pradesh,753,Annamayya,5386,Pileru,596052,2,Mudupulavemula,,Rural,Inhabitant,2705100,596052
4497,28,Andhra Pradesh,753,Annamayya,5386,Pileru,596055,2,Maddelacheruvu,,Rural,Inhabitant,2705400,596055
4498,28,Andhra Pradesh,753,Annamayya,5386,Pileru,596058,2,Gudarevupalle,,Rural,Inhabitant,2705800,596058
4499,28,Andhra Pradesh,753,Annamayya,5386,Pileru,596063,2,Pileru (Ct),,Rural,Inhabitant,2705700,596063
4500,28,Andhra Pradesh,753,Annamayya,5386,Pileru,596049,2,Mellacheruvu,,Rural,Inhabitant,2704800,596049
4501,28,Andhra Pradesh,753,Annamayya,5386,Pileru,596053,2,Avuvaripalle,,Rural,Inhabitant,2705200,596053
4502,28,Andhra Pradesh,753,Annamayya,5386,Pileru,596054,2,Kavalipalle,,Rural,Inhabitant,2705300,596054
4503,28,Andhra Pradesh,753,Annamayya,5386,Pileru,596056,2,Vepulabylu,,Rural,Inhabitant,2705500,596056
4504,28,Andhra Pradesh,753,Annamayya,5386,Pileru,596057,2,Bodumalluvaripalle,,Rural,Inhabitant,2705600,596057
4505,28,Andhra Pradesh,753,Annamayya,5386,Pileru,596059,2,Yerraguntlapalle,,Rural,Inhabitant,2705900,596059
4506,28,Andhra Pradesh,753,Annamayya,5386,Pileru,596060,2,Doddipalle,,Rural,Inhabitant,2706000,596060
4507,28,Andhra Pradesh,753,Annamayya,5386,Pileru,596061,2,Regullu,,Rural,Inhabitant,2706100,596061
4508,28,Andhra Pradesh,753,Annamayya,5386,Pileru,596062,2,Agraharam,,Rural,Inhabitant,2706200,596062
4509,28,Andhra Pradesh,753,Annamayya,5415,Punganuru,596540,2,Mittachinthavari Palle,,Rural,Inhabitant,2754900,596540
4510,28,Andhra Pradesh,753,Annamayya,5415,Punganuru,596542,2,Chandramakula Palle,,Rural,Inhabitant,2755100,596542
4511,28,Andhra Pradesh,753,Annamayya,5415,Punganuru,596544,2,Raganipalle (Rural),,Rural,Inhabitant,2755300,596544
4512,28,Andhra Pradesh,753,Annamayya,5415,Punganuru,596546,2,Bheemaganipalle,,Rural,Inhabitant,2755500,596546
4513,28,Andhra Pradesh,753,Annamayya,5415,Punganuru,596549,2,Magandlapalle,,Rural,Inhabitant,2755800,596549
4514,28,Andhra Pradesh,753,Annamayya,5415,Punganuru,596550,2,Vanamaladinne,,Rural,Inhabitant,2755900,596550
4515,28,Andhra Pradesh,753,Annamayya,5415,Punganuru,596551,2,Aradigunta,,Rural,Inhabitant,2756000,596551
4516,28,Andhra Pradesh,753,Annamayya,5415,Punganuru,596552,2,Melumdoddi,,Rural,Inhabitant,2756100,596552
4517,28,Andhra Pradesh,753,Annamayya,5415,Punganuru,596553,2,Punganur (Rural),,Rural,Inhabitant,2756200,596553
4518,28,Andhra Pradesh,753,Annamayya,5415,Punganuru,596555,2,Ethur,,Rural,Inhabitant,2756400,596555
4519,28,Andhra Pradesh,753,Annamayya,5415,Punganuru,596556,2,Bandlapalle,,Rural,Inhabitant,2756500,596556
4520,28,Andhra Pradesh,753,Annamayya,5415,Punganuru,596541,2,Bodevaripalle,,Rural,Inhabitant,2755000,596541
4521,28,Andhra Pradesh,753,Annamayya,5415,Punganuru,596543,2,Palyampalle,,Rural,Inhabitant,2755200,596543
4522,28,Andhra Pradesh,753,Annamayya,5415,Punganuru,596545,2,Chadalla,,Rural,Inhabitant,2755400,596545
4523,28,Andhra Pradesh,753,Annamayya,5415,Punganuru,596547,2,Mangalam,,Rural,Inhabitant,2755600,596547
4524,28,Andhra Pradesh,753,Annamayya,5415,Punganuru,596548,2,Etavakili,,Rural,Inhabitant,2755700,596548
4525,28,Andhra Pradesh,753,Annamayya,5415,Punganuru,596554,2,Kummaranatham,,Rural,Inhabitant,2756300,596554
4526,28,Andhra Pradesh,753,Annamayya,5415,Punganuru,596557,2,Nekkondi,,Rural,Inhabitant,2756600,596557
4527,28,Andhra Pradesh,753,Annamayya,5415,Punganuru,930527,2,Melupatla,మేలుపట్ల,Unmapped,Inhabitant,0,0
4528,28,Andhra Pradesh,753,Annamayya,5241,Ramapuram,593556,2,Kalpanayunicheruvu,,Rural,Inhabitant,2457400,593556
4529,28,Andhra Pradesh,753,Annamayya,5241,Ramapuram,593558,2,Guvvalacheruvu,,Rural,Inhabitant,2457600,593558
4530,28,Andhra Pradesh,753,Annamayya,5241,Ramapuram,593559,2,Neelakantharaopeta,,Rural,Inhabitant,2457700,593559
4531,28,Andhra Pradesh,753,Annamayya,5241,Ramapuram,593560,2,Suddamalla,,Rural,Inhabitant,2457800,593560
4532,28,Andhra Pradesh,753,Annamayya,5241,Ramapuram,593561,2,Nallaguttapalle,,Rural,Inhabitant,2457900,593561
4533,28,Andhra Pradesh,753,Annamayya,5241,Ramapuram,593562,2,Saraswathipalle,,Rural,Inhabitant,2458000,593562
4534,28,Andhra Pradesh,753,Annamayya,5241,Ramapuram,593563,2,Rachapalle,,Rural,Inhabitant,2458100,593563
4535,28,Andhra Pradesh,753,Annamayya,5241,Ramapuram,593557,2,Gopagudipalle,,Rural,Inhabitant,2457500,593557
4536,28,Andhra Pradesh,753,Annamayya,5241,Ramapuram,593564,2,Hasanapuram,,Rural,Inhabitant,2458200,593564
4537,28,Andhra Pradesh,753,Annamayya,5241,Ramapuram,593565,2,Chitlur,,Rural,Inhabitant,2458300,593565
4538,28,Andhra Pradesh,753,Annamayya,5241,Ramapuram,593566,2,Bandlapalle,,Rural,Inhabitant,2458400,593566
4539,28,Andhra Pradesh,753,Annamayya,5241,Ramapuram,593567,2,Pothukurupalle,,Rural,Inhabitant,2458500,593567
4540,28,Andhra Pradesh,753,Annamayya,5414,Ramasamudram,596527,2,Kappalle,,Rural,Inhabitant,2753600,596527
4541,28,Andhra Pradesh,753,Annamayya,5414,Ramasamudram,596528,2,Peddakurapalle,,Rural,Inhabitant,2753700,596528
4542,28,Andhra Pradesh,753,Annamayya,5414,Ramasamudram,596532,2,Kurijala,,Rural,Inhabitant,2754100,596532
4543,28,Andhra Pradesh,753,Annamayya,5414,Ramasamudram,596535,2,Miniki,,Rural,Inhabitant,2754400,596535
4544,28,Andhra Pradesh,753,Annamayya,5414,Ramasamudram,596525,2,Nariganipalle,,Rural,Inhabitant,2753400,596525
4545,28,Andhra Pradesh,753,Annamayya,5414,Ramasamudram,596526,2,Chembakur,,Rural,Inhabitant,2753500,596526
4546,28,Andhra Pradesh,753,Annamayya,5414,Ramasamudram,596529,2,R.Nadimpalle,,Rural,Inhabitant,2753800,596529
4547,28,Andhra Pradesh,753,Annamayya,5414,Ramasamudram,596530,2,Elavanellore,,Rural,Inhabitant,2753900,596530
4548,28,Andhra Pradesh,753,Annamayya,5414,Ramasamudram,596531,2,Ramasamudram,,Rural,Inhabitant,2754000,596531
4549,28,Andhra Pradesh,753,Annamayya,5414,Ramasamudram,596533,2,Chokkandlapalle,,Rural,Inhabitant,2754200,596533
4550,28,Andhra Pradesh,753,Annamayya,5414,Ramasamudram,596534,2,Voolapadu,,Rural,Inhabitant,2754300,596534
4551,28,Andhra Pradesh,753,Annamayya,5414,Ramasamudram,596536,2,Arikela,,Rural,Inhabitant,2754500,596536
4552,28,Andhra Pradesh,753,Annamayya,5414,Ramasamudram,596537,2,Malenatham,,Rural,Inhabitant,2754600,596537
4553,28,Andhra Pradesh,753,Annamayya,5414,Ramasamudram,596538,2,Kudurucheemanapalle,,Rural,Inhabitant,2754700,596538
4554,28,Andhra Pradesh,753,Annamayya,5414,Ramasamudram,596539,2,Moogavadi,,Rural,Inhabitant,2754800,596539
4555,28,Andhra Pradesh,753,Annamayya,5239,Rayachoti,593527,2,Guntimadugu,,Rural,Inhabitant,2454500,593527
4556,28,Andhra Pradesh,753,Annamayya,5239,Rayachoti,593528,2,Katimayakunta,,Rural,Inhabitant,2454600,593528
4557,28,Andhra Pradesh,753,Annamayya,5239,Rayachoti,593534,2,Peddakalvapalle,,Rural,Inhabitant,2455200,593534
4558,28,Andhra Pradesh,753,Annamayya,5239,Rayachoti,593535,2,Cherlopalle,,Rural,Inhabitant,2455300,593535
4559,28,Andhra Pradesh,753,Annamayya,5239,Rayachoti,593536,2,Masapet (R),,Rural,Inhabitant,2455400,593536
4560,28,Andhra Pradesh,753,Annamayya,5239,Rayachoti,593537,2,Abbavaram,,Rural,Inhabitant,2455500,593537
4561,28,Andhra Pradesh,753,Annamayya,5239,Rayachoti,593538,2,Indukurupalle,,Rural,Inhabitant,2455600,593538
4562,28,Andhra Pradesh,753,Annamayya,5239,Rayachoti,593540,2,Dullavaripalle,,Rural,Inhabitant,2455900,593540
4563,28,Andhra Pradesh,753,Annamayya,5239,Rayachoti,593541,2,Pemmadapalle,,Rural,Inhabitant,2456000,593541
4564,28,Andhra Pradesh,753,Annamayya,5239,Rayachoti,593542,2,Sibyala,,Rural,Inhabitant,2456100,593542
4565,28,Andhra Pradesh,753,Annamayya,5239,Rayachoti,930463,2,Rayachoti,రాయచోటి,Unmapped,Inhabitant,0,0
4566,28,Andhra Pradesh,753,Annamayya,5239,Rayachoti,593529,2,Madhavaram,,Rural,Inhabitant,2454700,593529
4567,28,Andhra Pradesh,753,Annamayya,5239,Rayachoti,593530,2,Yerranagupalle,,Rural,Inhabitant,2454800,593530
4568,28,Andhra Pradesh,753,Annamayya,5239,Rayachoti,593531,2,Gorlamudiveedu,,Rural,Inhabitant,2454900,593531
4569,28,Andhra Pradesh,753,Annamayya,5239,Rayachoti,593532,2,Yandapalle,,Rural,Inhabitant,2455000,593532
4570,28,Andhra Pradesh,753,Annamayya,5239,Rayachoti,593533,2,Botlacheruvu,,Rural,Inhabitant,2455100,593533
4571,28,Andhra Pradesh,753,Annamayya,5239,Rayachoti,593539,2,Syamalavaripalle,,Rural,Inhabitant,2455800,593539
4572,28,Andhra Pradesh,753,Annamayya,5239,Rayachoti,593543,2,Chennamukkapalle (Ct),,Rural,Inhabitant,2455700,593543
4573,28,Andhra Pradesh,753,Annamayya,5239,Rayachoti,930464,2,Kasbagollapalle,కస్బా గొల్లపల్లి,Unmapped,Inhabitant,0,0
4574,28,Andhra Pradesh,753,Annamayya,5237,Sambepalle,593502,2,Narayanareddipalle,,Rural,Inhabitant,2452000,593502
4575,28,Andhra Pradesh,753,Annamayya,5237,Sambepalle,593508,2,Routhukunta,,Rural,Inhabitant,2452600,593508
4576,28,Andhra Pradesh,753,Annamayya,5237,Sambepalle,593510,2,Sho.Somavaram,,Rural,Inhabitant,2452800,593510
4577,28,Andhra Pradesh,753,Annamayya,5237,Sambepalle,593512,2,Settipalle,,Rural,Inhabitant,2453000,593512
4578,28,Andhra Pradesh,753,Annamayya,5237,Sambepalle,593503,2,Motakatla,,Rural,Inhabitant,2452100,593503
4579,28,Andhra Pradesh,753,Annamayya,5237,Sambepalle,593504,2,Gunnikuntla,,Rural,Inhabitant,2452200,593504
4580,28,Andhra Pradesh,753,Annamayya,5237,Sambepalle,593505,2,Guriginjakunta,,Rural,Inhabitant,2452300,593505
4581,28,Andhra Pradesh,753,Annamayya,5237,Sambepalle,593506,2,Dudyala,,Rural,Inhabitant,2452400,593506
4582,28,Andhra Pradesh,753,Annamayya,5237,Sambepalle,593507,2,Sambepalle,,Rural,Inhabitant,2452500,593507
4583,28,Andhra Pradesh,753,Annamayya,5237,Sambepalle,593509,2,Devapatla,,Rural,Inhabitant,2452700,593509
4584,28,Andhra Pradesh,753,Annamayya,5237,Sambepalle,593511,2,Guttapalle,,Rural,Inhabitant,2452900,593511
4585,28,Andhra Pradesh,753,Annamayya,5394,Sodam,596162,2,Palamanda,,Rural,Inhabitant,2716100,596162
4586,28,Andhra Pradesh,753,Annamayya,5394,Sodam,596165,2,Sodam,,Rural,Inhabitant,2716400,596165
4587,28,Andhra Pradesh,753,Annamayya,5394,Sodam,596161,2,Chintamakulapalle,,Rural,Inhabitant,2716000,596161
4588,28,Andhra Pradesh,753,Annamayya,5394,Sodam,596167,2,Gongivaripalle,,Rural,Inhabitant,2716600,596167
4589,28,Andhra Pradesh,753,Annamayya,5394,Sodam,596170,2,Errathivaripalle,,Rural,Inhabitant,2716900,596170
4590,28,Andhra Pradesh,753,Annamayya,5394,Sodam,596171,2,Booragamanda,,Rural,Inhabitant,2717000,596171
4591,28,Andhra Pradesh,753,Annamayya,5394,Sodam,596160,2,Vootupalle,,Rural,Inhabitant,2715900,596160
4592,28,Andhra Pradesh,753,Annamayya,5394,Sodam,596163,2,Khambhamvaripalle,,Rural,Inhabitant,2716200,596163
4593,28,Andhra Pradesh,753,Annamayya,5394,Sodam,596164,2,Thatiguntapalem,,Rural,Inhabitant,2716300,596164
4594,28,Andhra Pradesh,753,Annamayya,5394,Sodam,596166,2,Ammagaripalle,,Rural,Inhabitant,2716500,596166
4595,28,Andhra Pradesh,753,Annamayya,5394,Sodam,596168,2,Thimmanayanipalle,,Rural,Inhabitant,2716700,596168
4596,28,Andhra Pradesh,753,Annamayya,5394,Sodam,596169,2,Nadigadda,,Rural,Inhabitant,2716800,596169
4597,28,Andhra Pradesh,753,Annamayya,5394,Sodam,596172,2,Cherukuvaripalle,,Rural,Inhabitant,2717100,596172
4598,28,Andhra Pradesh,753,Annamayya,5412,Somala,596507,2,Nanjampeta @ Chandambylu,,Rural,Inhabitant,2751600,596507
4599,28,Andhra Pradesh,753,Annamayya,5412,Somala,596501,2,Valligatla,,Rural,Inhabitant,2751000,596501
4600,28,Andhra Pradesh,753,Annamayya,5412,Somala,596497,2,Mittapalle,,Rural,Inhabitant,2750600,596497
4601,28,Andhra Pradesh,753,Annamayya,5412,Somala,596498,2,Thamminayanipalle,,Rural,Inhabitant,2750700,596498
4602,28,Andhra Pradesh,753,Annamayya,5412,Somala,596499,2,Kandur,,Rural,Inhabitant,2750800,596499
4603,28,Andhra Pradesh,753,Annamayya,5412,Somala,596500,2,Kamireddivaripalle,,Rural,Inhabitant,2750900,596500
4604,28,Andhra Pradesh,753,Annamayya,5412,Somala,596503,2,Irikipenta,,Rural,Inhabitant,2751200,596503
4605,28,Andhra Pradesh,753,Annamayya,5412,Somala,596504,2,Somala,,Rural,Inhabitant,2751300,596504
4606,28,Andhra Pradesh,753,Annamayya,5412,Somala,596506,2,Upparapalle,,Rural,Inhabitant,2751500,596506
4607,28,Andhra Pradesh,753,Annamayya,5412,Somala,596502,2,Nellimanda,,Rural,Inhabitant,2751100,596502
4608,28,Andhra Pradesh,753,Annamayya,5412,Somala,596505,2,S. Nadim Palle,,Rural,Inhabitant,2751400,596505
4609,28,Andhra Pradesh,753,Annamayya,5412,Somala,596508,2,Avulapalle,,Rural,Inhabitant,2751700,596508
4610,28,Andhra Pradesh,753,Annamayya,5412,Somala,596509,2,Peddauppara Palle,,Rural,Inhabitant,2751800,596509
4611,28,Andhra Pradesh,753,Annamayya,5368,Thamballapalle,595616,2,Zunjurupenta,,Rural,Inhabitant,2662300,595616
4612,28,Andhra Pradesh,753,Annamayya,5368,Thamballapalle,595618,2,Gopidinne,,Rural,Inhabitant,2662500,595618
4613,28,Andhra Pradesh,753,Annamayya,5368,Thamballapalle,595619,2,Gangireddipalle,,Rural,Inhabitant,2662600,595619
4614,28,Andhra Pradesh,753,Annamayya,5368,Thamballapalle,595620,2,Kotlapalle,,Rural,Inhabitant,2662700,595620
4615,28,Andhra Pradesh,753,Annamayya,5368,Thamballapalle,595621,2,Diguvapalem,,Rural,Inhabitant,2662800,595621
4616,28,Andhra Pradesh,753,Annamayya,5368,Thamballapalle,595622,2,Gundlapalle,,Rural,Inhabitant,2662900,595622
4617,28,Andhra Pradesh,753,Annamayya,5368,Thamballapalle,595623,2,Thamballapalle,,Rural,Inhabitant,2663000,595623
4618,28,Andhra Pradesh,753,Annamayya,5368,Thamballapalle,595625,2,Yerrasanipalle,,Rural,Inhabitant,2663200,595625
4619,28,Andhra Pradesh,753,Annamayya,5368,Thamballapalle,595626,2,Panchalamarri,,Rural,Inhabitant,2663300,595626
4620,28,Andhra Pradesh,753,Annamayya,5368,Thamballapalle,595627,2,Kosuvaripalle,,Rural,Inhabitant,2663400,595627
4621,28,Andhra Pradesh,753,Annamayya,5368,Thamballapalle,595632,2,Kukkarajupalle,,Rural,Inhabitant,2663900,595632
4622,28,Andhra Pradesh,753,Annamayya,5368,Thamballapalle,595617,2,Kotala,,Rural,Inhabitant,2662400,595617
4623,28,Andhra Pradesh,753,Annamayya,5368,Thamballapalle,595624,2,Eddulavaripalle,,Rural,Inhabitant,2663100,595624
4624,28,Andhra Pradesh,753,Annamayya,5368,Thamballapalle,595628,2,Marrimakulapalle,,Rural,Inhabitant,2663500,595628
4625,28,Andhra Pradesh,753,Annamayya,5368,Thamballapalle,595629,2,Kannemadugu,,Rural,Inhabitant,2663600,595629
4626,28,Andhra Pradesh,753,Annamayya,5368,Thamballapalle,595630,2,Renimakulapalle,,Rural,Inhabitant,2663700,595630
4627,28,Andhra Pradesh,753,Annamayya,5368,Thamballapalle,595631,2,Kotakonda,,Rural,Inhabitant,2663800,595631
4628,28,Andhra Pradesh,753,Annamayya,5388,Valmikipuram,596092,2,Jammallapalle,,Rural,Inhabitant,2709100,596092
4629,28,Andhra Pradesh,753,Annamayya,5388,Valmikipuram,596078,2,Velagapalle,,Rural,Inhabitant,2707700,596078
4630,28,Andhra Pradesh,753,Annamayya,5388,Valmikipuram,596079,2,Nagarimadugu,,Rural,Inhabitant,2707800,596079
4631,28,Andhra Pradesh,753,Annamayya,5388,Valmikipuram,596084,2,Ayyavaripalle,,Rural,Inhabitant,2708300,596084
4632,28,Andhra Pradesh,753,Annamayya,5388,Valmikipuram,596087,2,Vittalam,,Rural,Inhabitant,2708600,596087
4633,28,Andhra Pradesh,753,Annamayya,5388,Valmikipuram,596089,2,Aramadaka,,Rural,Inhabitant,2708800,596089
4634,28,Andhra Pradesh,753,Annamayya,5388,Valmikipuram,596093,2,Chintaparthi,,Rural,Inhabitant,2709200,596093
4635,28,Andhra Pradesh,753,Annamayya,5388,Valmikipuram,596094,2,Gandaboyanapalle,,Rural,Inhabitant,2709300,596094
4636,28,Andhra Pradesh,753,Annamayya,5388,Valmikipuram,596080,2,Budidavedu,,Rural,Inhabitant,2707900,596080
4637,28,Andhra Pradesh,753,Annamayya,5388,Valmikipuram,596081,2,T.Sakirevupalle,,Rural,Inhabitant,2708000,596081
4638,28,Andhra Pradesh,753,Annamayya,5388,Valmikipuram,596082,2,Thatiguntapalle,,Rural,Inhabitant,2708100,596082
4639,28,Andhra Pradesh,753,Annamayya,5388,Valmikipuram,596083,2,Manchuru,,Rural,Inhabitant,2708200,596083
4640,28,Andhra Pradesh,753,Annamayya,5388,Valmikipuram,596085,2,Jarravaripalle,,Rural,Inhabitant,2708400,596085
4641,28,Andhra Pradesh,753,Annamayya,5388,Valmikipuram,596086,2,Valmikipuram,,Rural,Inhabitant,2708500,596086
4642,28,Andhra Pradesh,753,Annamayya,5388,Valmikipuram,596088,2,Kuraparthi,,Rural,Inhabitant,2708700,596088
4643,28,Andhra Pradesh,753,Annamayya,5388,Valmikipuram,596090,2,Chinthalavaripalle,,Rural,Inhabitant,2708900,596090
4644,28,Andhra Pradesh,753,Annamayya,5388,Valmikipuram,596091,2,Mugalamarri,,Rural,Inhabitant,2709000,596091
4645,28,Andhra Pradesh,750,Bapatla,5086,Amarthalur,590388,2,Peddapudi,,Rural,Inhabitant,2138600,590388
4646,28,Andhra Pradesh,750,Bapatla,5086,Amarthalur,590389,2,Koditadiparru,,Rural,Inhabitant,2138700,590389
4647,28,Andhra Pradesh,750,Bapatla,5086,Amarthalur,590390,2,Moparru,,Rural,Inhabitant,2138800,590390
4648,28,Andhra Pradesh,750,Bapatla,5086,Amarthalur,590392,2,Amruthalur,,Rural,Inhabitant,2139000,590392
4649,28,Andhra Pradesh,750,Bapatla,5086,Amarthalur,590393,2,Panchalavaram,,Rural,Inhabitant,2139100,590393
4650,28,Andhra Pradesh,750,Bapatla,5086,Amarthalur,590396,2,Bodapadu,,Rural,Inhabitant,2139400,590396
4651,28,Andhra Pradesh,750,Bapatla,5086,Amarthalur,590386,2,Kuchipudi,,Rural,Inhabitant,2138400,590386
4652,28,Andhra Pradesh,750,Bapatla,5086,Amarthalur,590387,2,Mulpur,,Rural,Inhabitant,2138500,590387
4653,28,Andhra Pradesh,750,Bapatla,5086,Amarthalur,590391,2,Thurumella,,Rural,Inhabitant,2138900,590391
4654,28,Andhra Pradesh,750,Bapatla,5086,Amarthalur,590394,2,Yelavarru,,Rural,Inhabitant,2139200,590394
4655,28,Andhra Pradesh,750,Bapatla,5086,Amarthalur,590395,2,Pyaparru,,Rural,Inhabitant,2139300,590395
4656,28,Andhra Pradesh,750,Bapatla,5086,Amarthalur,590397,2,Intur,,Rural,Inhabitant,2139500,590397
4657,28,Andhra Pradesh,750,Bapatla,5086,Amarthalur,590398,2,Govada,,Rural,Inhabitant,2139600,590398
4658,28,Andhra Pradesh,750,Bapatla,5093,Bapatla,590458,2,Gopapuram,,Rural,Inhabitant,2145600,590458
4659,28,Andhra Pradesh,750,Bapatla,5093,Bapatla,590459,2,Poondla,,Rural,Inhabitant,2145700,590459
4660,28,Andhra Pradesh,750,Bapatla,5093,Bapatla,590462,2,Gudipudi,,Rural,Inhabitant,2146000,590462
4661,28,Andhra Pradesh,750,Bapatla,5093,Bapatla,590464,2,Bharthipudi,,Rural,Inhabitant,2146200,590464
4662,28,Andhra Pradesh,750,Bapatla,5093,Bapatla,590465,2,Appikatla,,Rural,Inhabitant,2146300,590465
4663,28,Andhra Pradesh,750,Bapatla,5093,Bapatla,590468,2,Jammulapalem,,Rural,Inhabitant,2146600,590468
4664,28,Andhra Pradesh,750,Bapatla,5093,Bapatla,590469,2,Cheruvu,,Rural,Inhabitant,2146700,590469
4665,28,Andhra Pradesh,750,Bapatla,5093,Bapatla,590472,2,Kankatapalem,,Rural,Inhabitant,2147000,590472
4666,28,Andhra Pradesh,750,Bapatla,5093,Bapatla,590475,2,Maruproluvaripalem (R),,Rural,Inhabitant,2147300,590475
4667,28,Andhra Pradesh,750,Bapatla,5093,Bapatla,590457,2,Jillellamudi,,Rural,Inhabitant,2145500,590457
4668,28,Andhra Pradesh,750,Bapatla,5093,Bapatla,590460,2,Etheru,,Rural,Inhabitant,2145800,590460
4669,28,Andhra Pradesh,750,Bapatla,5093,Bapatla,590461,2,Palaparthipadu,,Rural,Inhabitant,2145900,590461
4670,28,Andhra Pradesh,750,Bapatla,5093,Bapatla,590463,2,Neredupalle,,Rural,Inhabitant,2146100,590463
4671,28,Andhra Pradesh,750,Bapatla,5093,Bapatla,590466,2,Velicherla,,Rural,Inhabitant,2146400,590466
4672,28,Andhra Pradesh,750,Bapatla,5093,Bapatla,590467,2,Mulapalem,,Rural,Inhabitant,2146500,590467
4673,28,Andhra Pradesh,750,Bapatla,5093,Bapatla,590470,2,Narasayapalem,,Rural,Inhabitant,2146800,590470
4674,28,Andhra Pradesh,750,Bapatla,5093,Bapatla,590471,2,Murukondapadu,,Rural,Inhabitant,2146900,590471
4675,28,Andhra Pradesh,750,Bapatla,5093,Bapatla,590473,2,Bapatla West (R),,Rural,Inhabitant,2147100,590473
4676,28,Andhra Pradesh,750,Bapatla,5093,Bapatla,590474,2,Bapatla East (R),,Rural,Inhabitant,2147200,590474
4677,28,Andhra Pradesh,750,Bapatla,5093,Bapatla,590476,10,Adivi,,Rural,Inhabitant,2147400,590476
4678,28,Andhra Pradesh,750,Bapatla,5089,Bhattiprolu,590434,2,Pedalanka,,Rural,Inhabitant,2143200,590434
4679,28,Andhra Pradesh,750,Bapatla,5089,Bhattiprolu,590426,2,Bhattiprolu,,Rural,Inhabitant,2142400,590426
4680,28,Andhra Pradesh,750,Bapatla,5089,Bhattiprolu,590428,2,Konetipuram,,Rural,Inhabitant,2142600,590428
4681,28,Andhra Pradesh,750,Bapatla,5089,Bhattiprolu,590429,2,Pallekona,,Rural,Inhabitant,2142700,590429
4682,28,Andhra Pradesh,750,Bapatla,5089,Bhattiprolu,590430,2,Gorigapudi,,Rural,Inhabitant,2142800,590430
4683,28,Andhra Pradesh,750,Bapatla,5089,Bhattiprolu,590431,2,Pedapulivarru,,Rural,Inhabitant,2142900,590431
4684,28,Andhra Pradesh,750,Bapatla,5089,Bhattiprolu,590435,2,Oleru,,Rural,Inhabitant,2143300,590435
4685,28,Andhra Pradesh,750,Bapatla,5089,Bhattiprolu,590425,2,Addepalli,,Rural,Inhabitant,2142300,590425
4686,28,Andhra Pradesh,750,Bapatla,5089,Bhattiprolu,590427,2,Surepalle,,Rural,Inhabitant,2142500,590427
4687,28,Andhra Pradesh,750,Bapatla,5089,Bhattiprolu,590432,2,Vellaturu,,Rural,Inhabitant,2143000,590432
4688,28,Andhra Pradesh,750,Bapatla,5089,Bhattiprolu,590433,2,Pesarlanka,,Rural,Inhabitant,2143100,590433
4689,28,Andhra Pradesh,750,Bapatla,5089,Bhattiprolu,590424,2,Sivangulapalem,,Rural,Un-Inhabitant,2142200,590424
4690,28,Andhra Pradesh,750,Bapatla,5090,Cherukupalli,590437,2,Kavuru,,Rural,Inhabitant,2143500,590437
4691,28,Andhra Pradesh,750,Bapatla,5090,Cherukupalli,590439,2,Arumbaka,,Rural,Inhabitant,2143700,590439
4692,28,Andhra Pradesh,750,Bapatla,5090,Cherukupalli,590441,2,Nadimpalle,,Rural,Inhabitant,2143900,590441
4693,28,Andhra Pradesh,750,Bapatla,5090,Cherukupalli,590442,2,Gudavalli,,Rural,Inhabitant,2144000,590442
4694,28,Andhra Pradesh,750,Bapatla,5090,Cherukupalli,590443,2,Kanagala,,Rural,Inhabitant,2144100,590443
4695,28,Andhra Pradesh,750,Bapatla,5090,Cherukupalli,590444,2,Rajavolu,,Rural,Inhabitant,2144200,590444
4696,28,Andhra Pradesh,750,Bapatla,5090,Cherukupalli,590436,2,Rambhotlapalem,,Rural,Inhabitant,2143400,590436
4697,28,Andhra Pradesh,750,Bapatla,5090,Cherukupalli,590438,2,Balusulapalem,,Rural,Inhabitant,2143600,590438
4698,28,Andhra Pradesh,750,Bapatla,5090,Cherukupalli,590440,2,Ponnapalle,,Rural,Inhabitant,2143800,590440
4699,28,Andhra Pradesh,750,Bapatla,5090,Cherukupalli,590445,2,Arepalle,,Rural,Inhabitant,2144300,590445
4700,28,Andhra Pradesh,750,Bapatla,5125,Chinaganjam,591024,2,Santharavuru,,Rural,Inhabitant,2202000,591024
4701,28,Andhra Pradesh,750,Bapatla,5125,Chinaganjam,591026,2,Chinthagum Palle,,Rural,Inhabitant,2202200,591026
4702,28,Andhra Pradesh,750,Bapatla,5125,Chinaganjam,591028,2,Motu Palle,,Rural,Inhabitant,2202400,591028
4703,28,Andhra Pradesh,750,Bapatla,5125,Chinaganjam,591030,2,Pedaganjam,,Rural,Inhabitant,2202600,591030
4704,28,Andhra Pradesh,750,Bapatla,5125,Chinaganjam,591025,2,Gonasapudi,,Rural,Inhabitant,2202100,591025
4705,28,Andhra Pradesh,750,Bapatla,5125,Chinaganjam,591027,2,Kadavakuduru,,Rural,Inhabitant,2202300,591027
4706,28,Andhra Pradesh,750,Bapatla,5125,Chinaganjam,591029,2,Chinaganjam,,Rural,Inhabitant,2202500,591029
4707,28,Andhra Pradesh,750,Bapatla,5123,Chirala,591016,2,Ipuru Palem (Part),,Rural,Inhabitant,2201400,591016
4708,28,Andhra Pradesh,750,Bapatla,5123,Chirala,591017,2,Gavinivari Palem,,Rural,Inhabitant,2201500,591017
4709,28,Andhra Pradesh,750,Bapatla,5123,Chirala,929822,2,Perala,పేరాల,Unmapped,Inhabitant,0,0
4710,28,Andhra Pradesh,750,Bapatla,5123,Chirala,591015,2,Wada,,Rural,Inhabitant,2201300,591015
4711,28,Andhra Pradesh,750,Bapatla,5123,Chirala,591018,2,Chirala (Ct),,Rural,Inhabitant,41802000,591018
4712,28,Andhra Pradesh,750,Bapatla,5110,Inkollu,590739,2,Inkollu,,Rural,Inhabitant,2173700,590739
4713,28,Andhra Pradesh,750,Bapatla,5110,Inkollu,590735,2,Nagandla,,Rural,Inhabitant,2173300,590735
4714,28,Andhra Pradesh,750,Bapatla,5110,Inkollu,590736,2,Idupulapadu,,Rural,Inhabitant,2173400,590736
4715,28,Andhra Pradesh,750,Bapatla,5110,Inkollu,590737,2,Pusapadu,,Rural,Inhabitant,2173500,590737
4716,28,Andhra Pradesh,750,Bapatla,5110,Inkollu,590738,2,Pavulur,,Rural,Inhabitant,2173600,590738
4717,28,Andhra Pradesh,750,Bapatla,5110,Inkollu,590740,2,Ganga Varam,,Rural,Inhabitant,2173800,590740
4718,28,Andhra Pradesh,750,Bapatla,5110,Inkollu,590741,2,Koniki,,Rural,Inhabitant,2173900,590741
4719,28,Andhra Pradesh,750,Bapatla,5110,Inkollu,590742,2,Duddukur,,Rural,Inhabitant,2174000,590742
4720,28,Andhra Pradesh,750,Bapatla,5110,Inkollu,590743,2,Bhimavaram,,Rural,Inhabitant,2174100,590743
4721,28,Andhra Pradesh,750,Bapatla,5109,Karamchedu,590733,2,Kunkalamarru,,Rural,Inhabitant,2173100,590733
4722,28,Andhra Pradesh,750,Bapatla,5109,Karamchedu,590728,2,Daggubadu,,Rural,Inhabitant,2172600,590728
4723,28,Andhra Pradesh,750,Bapatla,5109,Karamchedu,590729,2,Kesavarappadu,,Rural,Inhabitant,2172700,590729
4724,28,Andhra Pradesh,750,Bapatla,5109,Karamchedu,590730,2,Kodavalivari Palem,,Rural,Inhabitant,2172800,590730
4725,28,Andhra Pradesh,750,Bapatla,5109,Karamchedu,590731,2,Swarna,,Rural,Inhabitant,2172900,590731
4726,28,Andhra Pradesh,750,Bapatla,5109,Karamchedu,590732,2,Audi Pudi,,Rural,Inhabitant,2173000,590732
4727,28,Andhra Pradesh,750,Bapatla,5109,Karamchedu,590734,2,Karamchedu,,Rural,Inhabitant,2173200,590734
4728,28,Andhra Pradesh,750,Bapatla,5092,Karlapalem,590455,2,Ganapavaram,,Rural,Inhabitant,2145300,590455
4729,28,Andhra Pradesh,750,Bapatla,5092,Karlapalem,590456,2,Perali,,Rural,Inhabitant,2145400,590456
4730,28,Andhra Pradesh,750,Bapatla,5092,Karlapalem,590452,2,Yazali,,Rural,Inhabitant,2145000,590452
4731,28,Andhra Pradesh,750,Bapatla,5092,Karlapalem,590453,2,Buddam,,Rural,Inhabitant,2145100,590453
4732,28,Andhra Pradesh,750,Bapatla,5092,Karlapalem,590454,2,Karlapalem,,Rural,Inhabitant,2145200,590454
4733,28,Andhra Pradesh,750,Bapatla,5088,Kolluru,590412,2,Ananthavaram,,Rural,Inhabitant,2141000,590412
4734,28,Andhra Pradesh,750,Bapatla,5088,Kolluru,590416,2,Pedalanka,,Rural,Inhabitant,2141400,590416
4735,28,Andhra Pradesh,750,Bapatla,5088,Kolluru,590417,2,Kollur,,Rural,Inhabitant,2141500,590417
4736,28,Andhra Pradesh,750,Bapatla,5088,Kolluru,590418,2,Boddulurupadu,,Rural,Inhabitant,2141600,590418
4737,28,Andhra Pradesh,750,Bapatla,5088,Kolluru,590419,2,Ravikampadu,,Rural,Inhabitant,2141700,590419
4738,28,Andhra Pradesh,750,Bapatla,5088,Kolluru,590421,2,Chinapulivarru,,Rural,Inhabitant,2141900,590421
4739,28,Andhra Pradesh,750,Bapatla,5088,Kolluru,590422,2,Donepudi,,Rural,Inhabitant,2142000,590422
4740,28,Andhra Pradesh,750,Bapatla,5088,Kolluru,590413,2,Chilumuru,,Rural,Inhabitant,2141100,590413
4741,28,Andhra Pradesh,750,Bapatla,5088,Kolluru,590414,2,Ipur,,Rural,Inhabitant,2141200,590414
4742,28,Andhra Pradesh,750,Bapatla,5088,Kolluru,590415,2,Gajullanka,,Rural,Inhabitant,2141300,590415
4743,28,Andhra Pradesh,750,Bapatla,5088,Kolluru,590423,2,Potharlanka,,Rural,Inhabitant,2142100,590423
4744,28,Andhra Pradesh,750,Bapatla,5088,Kolluru,590420,2,Gurivindapalle,,Rural,Un-Inhabitant,2141800,590420
4745,28,Andhra Pradesh,750,Bapatla,5106,Martur,590693,2,Nagaraju Palle,,Rural,Inhabitant,2169100,590693
4746,28,Andhra Pradesh,750,Bapatla,5106,Martur,590694,2,Rajupalem,,Rural,Inhabitant,2169200,590694
4747,28,Andhra Pradesh,750,Bapatla,5106,Martur,590695,2,Martur,,Rural,Inhabitant,2169300,590695
4748,28,Andhra Pradesh,750,Bapatla,5106,Martur,590698,2,Darsiagraharam,,Rural,Inhabitant,2169600,590698
4749,28,Andhra Pradesh,750,Bapatla,5106,Martur,590700,2,Jangamaheswarapuram,,Rural,Inhabitant,2169800,590700
4750,28,Andhra Pradesh,750,Bapatla,5106,Martur,590701,2,Lakkavaram Agraharam,,Rural,Inhabitant,2169900,590701
4751,28,Andhra Pradesh,750,Bapatla,5106,Martur,590702,2,Bolla Palle,,Rural,Inhabitant,2170000,590702
4752,28,Andhra Pradesh,750,Bapatla,5106,Martur,590703,2,Kolala Pudi,,Rural,Inhabitant,2170100,590703
4753,28,Andhra Pradesh,750,Bapatla,5106,Martur,590704,2,Konanki,,Rural,Inhabitant,2170200,590704
4754,28,Andhra Pradesh,750,Bapatla,5106,Martur,590696,2,Bobbe Palle,,Rural,Inhabitant,2169400,590696
4755,28,Andhra Pradesh,750,Bapatla,5106,Martur,590697,2,Jonna Thali Agraharam,,Rural,Inhabitant,2169500,590697
4756,28,Andhra Pradesh,750,Bapatla,5106,Martur,590699,2,Valaparla,,Rural,Inhabitant,2169700,590699
4757,28,Andhra Pradesh,750,Bapatla,5106,Martur,590705,2,Dronadula,,Rural,Inhabitant,2170300,590705
4758,28,Andhra Pradesh,750,Bapatla,5095,Nagaram,590485,2,Peddavaram,,Rural,Inhabitant,2148300,590485
4759,28,Andhra Pradesh,750,Bapatla,5095,Nagaram,590486,2,Thotapalle,,Rural,Inhabitant,2148400,590486
4760,28,Andhra Pradesh,750,Bapatla,5095,Nagaram,590487,2,Dhulipudi,,Rural,Inhabitant,2148500,590487
4761,28,Andhra Pradesh,750,Bapatla,5095,Nagaram,590488,2,Pamidimarru,,Rural,Inhabitant,2148600,590488
4762,28,Andhra Pradesh,750,Bapatla,5095,Nagaram,590490,2,Nagaram,,Rural,Inhabitant,2148800,590490
4763,28,Andhra Pradesh,750,Bapatla,5095,Nagaram,590492,2,Siripudi,,Rural,Inhabitant,2149000,590492
4764,28,Andhra Pradesh,750,Bapatla,5095,Nagaram,590496,2,Allaparru,,Rural,Inhabitant,2149400,590496
4765,28,Andhra Pradesh,750,Bapatla,5095,Nagaram,936135,2,Sivangulapalem,Sivangulapalem,Rural,Un-Inhabitant,0,0
4766,28,Andhra Pradesh,750,Bapatla,5095,Nagaram,590489,2,Eletipalem,,Rural,Inhabitant,2148700,590489
4767,28,Andhra Pradesh,750,Bapatla,5095,Nagaram,590491,2,Pudiwada,,Rural,Inhabitant,2148900,590491
4768,28,Andhra Pradesh,750,Bapatla,5095,Nagaram,590493,2,Pedapalle,,Rural,Inhabitant,2149100,590493
4769,28,Andhra Pradesh,750,Bapatla,5095,Nagaram,590494,2,Pedamatlapudi,,Rural,Inhabitant,2149200,590494
4770,28,Andhra Pradesh,750,Bapatla,5095,Nagaram,590495,2,Edupalle,,Rural,Inhabitant,2149300,590495
4771,28,Andhra Pradesh,750,Bapatla,5094,Nizampatnam,590477,2,Muthupalle Agraharam,,Rural,Inhabitant,2147500,590477
4772,28,Andhra Pradesh,750,Bapatla,5094,Nizampatnam,590478,2,Pallapatla,,Rural,Inhabitant,2147600,590478
4773,28,Andhra Pradesh,750,Bapatla,5094,Nizampatnam,590479,2,Kuchinapudi,,Rural,Inhabitant,2147700,590479
4774,28,Andhra Pradesh,750,Bapatla,5094,Nizampatnam,590481,2,Amudalapalli,,Rural,Inhabitant,2147900,590481
4775,28,Andhra Pradesh,750,Bapatla,5094,Nizampatnam,590482,2,Nizampatnam,,Rural,Inhabitant,2148000,590482
4776,28,Andhra Pradesh,750,Bapatla,5094,Nizampatnam,590484,2,Dindi,,Rural,Inhabitant,2148200,590484
4777,28,Andhra Pradesh,750,Bapatla,5094,Nizampatnam,590480,2,Pregnam,,Rural,Inhabitant,2147800,590480
4778,28,Andhra Pradesh,750,Bapatla,5094,Nizampatnam,590483,2,Adavuladeevi,,Rural,Inhabitant,2148100,590483
4779,28,Andhra Pradesh,750,Bapatla,5108,Parchur,590721,2,Bodawadamandagunta,,Rural,Inhabitant,2171900,590721
4780,28,Andhra Pradesh,750,Bapatla,5108,Parchur,590722,2,Devara Palle,,Rural,Inhabitant,2172000,590722
4781,28,Andhra Pradesh,750,Bapatla,5108,Parchur,590724,2,Parchur,,Rural,Inhabitant,2172200,590724
4782,28,Andhra Pradesh,750,Bapatla,5108,Parchur,590725,2,Nuthalapadu,,Rural,Inhabitant,2172300,590725
4783,28,Andhra Pradesh,750,Bapatla,5108,Parchur,590726,2,Upputur,,Rural,Inhabitant,2172400,590726
4784,28,Andhra Pradesh,750,Bapatla,5108,Parchur,590715,2,Edubadu,,Rural,Inhabitant,2171300,590715
4785,28,Andhra Pradesh,750,Bapatla,5108,Parchur,590716,2,Inagallu,,Rural,Inhabitant,2171400,590716
4786,28,Andhra Pradesh,750,Bapatla,5108,Parchur,590718,2,Gollapudi,,Rural,Inhabitant,2171600,590718
4787,28,Andhra Pradesh,750,Bapatla,5108,Parchur,590723,2,Chennubhotla Palem,,Rural,Inhabitant,2172100,590723
4788,28,Andhra Pradesh,750,Bapatla,5108,Parchur,590727,2,Veeranna Palem,,Rural,Inhabitant,2172500,590727
4789,28,Andhra Pradesh,750,Bapatla,5108,Parchur,590714,2,Garnepudi,,Rural,Inhabitant,2171200,590714
4790,28,Andhra Pradesh,750,Bapatla,5108,Parchur,590717,2,Adusumalle,,Rural,Inhabitant,2171500,590717
4791,28,Andhra Pradesh,750,Bapatla,5108,Parchur,590719,2,Cherukuru,,Rural,Inhabitant,2171700,590719
4792,28,Andhra Pradesh,750,Bapatla,5108,Parchur,590720,2,Ramanayapalem,,Rural,Inhabitant,2171800,590720
4793,28,Andhra Pradesh,750,Bapatla,5091,Pittalavanipalem,590448,2,Chandole,,Rural,Inhabitant,2144600,590448
4794,28,Andhra Pradesh,750,Bapatla,5091,Pittalavanipalem,590449,2,Pittalavanipalem,,Rural,Inhabitant,2144700,590449
4795,28,Andhra Pradesh,750,Bapatla,5091,Pittalavanipalem,590450,2,Khajipalem,,Rural,Inhabitant,2144800,590450
4796,28,Andhra Pradesh,750,Bapatla,5091,Pittalavanipalem,590446,2,Komali,,Rural,Inhabitant,2144400,590446
4797,28,Andhra Pradesh,750,Bapatla,5091,Pittalavanipalem,590447,2,Sangupalem Kodur,,Rural,Inhabitant,2144500,590447
4798,28,Andhra Pradesh,750,Bapatla,5091,Pittalavanipalem,590451,2,Allur,,Rural,Inhabitant,2144900,590451
4799,28,Andhra Pradesh,750,Bapatla,5096,Repalle,590498,2,Karumuru,,Rural,Inhabitant,2149600,590498
4800,28,Andhra Pradesh,750,Bapatla,5096,Repalle,590499,2,Bethapudi,,Rural,Inhabitant,2149700,590499
4801,28,Andhra Pradesh,750,Bapatla,5096,Repalle,590500,2,Peteru,,Rural,Inhabitant,2149800,590500
4802,28,Andhra Pradesh,750,Bapatla,5096,Repalle,590502,2,Chatragadda,,Rural,Inhabitant,2150000,590502
4803,28,Andhra Pradesh,750,Bapatla,5096,Repalle,590503,2,Kamarajugadda,,Rural,Inhabitant,2150100,590503
4804,28,Andhra Pradesh,750,Bapatla,5096,Repalle,590504,2,Nalluru,,Rural,Inhabitant,2150200,590504
4805,28,Andhra Pradesh,750,Bapatla,5096,Repalle,590510,2,Chodayapalem,,Rural,Inhabitant,2150800,590510
4806,28,Andhra Pradesh,750,Bapatla,5096,Repalle,590513,2,Gangadipalem,,Rural,Inhabitant,2151100,590513
4807,28,Andhra Pradesh,750,Bapatla,5096,Repalle,930393,2,Parisapadu,పరిసపాడు,Unmapped,Inhabitant,0,0
4808,28,Andhra Pradesh,750,Bapatla,5096,Repalle,590501,2,Penumudi,,Rural,Inhabitant,2149900,590501
4809,28,Andhra Pradesh,750,Bapatla,5096,Repalle,590505,2,Aravapalle,,Rural,Inhabitant,2150300,590505
4810,28,Andhra Pradesh,750,Bapatla,5096,Repalle,590506,2,Uppudi,,Rural,Inhabitant,2150400,590506
4811,28,Andhra Pradesh,750,Bapatla,5096,Repalle,590507,2,Isukapalle (R),,Rural,Inhabitant,2150500,590507
4812,28,Andhra Pradesh,750,Bapatla,5096,Repalle,590508,2,Singupalem,,Rural,Inhabitant,2150600,590508
4813,28,Andhra Pradesh,750,Bapatla,5096,Repalle,590509,2,Visweswaram,,Rural,Inhabitant,2150700,590509
4814,28,Andhra Pradesh,750,Bapatla,5096,Repalle,590511,2,Kaithepalle,,Rural,Inhabitant,2150900,590511
4815,28,Andhra Pradesh,750,Bapatla,5096,Repalle,590512,2,Potumeraka,,Rural,Inhabitant,2151000,590512
4816,28,Andhra Pradesh,750,Bapatla,5096,Repalle,930394,2,Repalle Town (U),రేపల్లె టౌన్ (యు),Unmapped,Inhabitant,0,0
4817,28,Andhra Pradesh,750,Bapatla,5085,Tsunduru,590374,2,Penugudurupadu,,Rural,Inhabitant,2137200,590374
4818,28,Andhra Pradesh,750,Bapatla,5085,Tsunduru,590375,2,Valiveru,,Rural,Inhabitant,2137300,590375
4819,28,Andhra Pradesh,750,Bapatla,5085,Tsunduru,590376,2,Edlapalle,,Rural,Inhabitant,2137400,590376
4820,28,Andhra Pradesh,750,Bapatla,5085,Tsunduru,590378,2,Manduru,,Rural,Inhabitant,2137600,590378
4821,28,Andhra Pradesh,750,Bapatla,5085,Tsunduru,590379,2,Pedagadelavarru,,Rural,Inhabitant,2137700,590379
4822,28,Andhra Pradesh,750,Bapatla,5085,Tsunduru,590381,2,Vetapalem,,Rural,Inhabitant,2137900,590381
4823,28,Andhra Pradesh,750,Bapatla,5085,Tsunduru,590384,2,Modukuru,,Rural,Inhabitant,2138200,590384
4824,28,Andhra Pradesh,750,Bapatla,5085,Tsunduru,590377,2,Chinaparimi,,Rural,Inhabitant,2137500,590377
4825,28,Andhra Pradesh,750,Bapatla,5085,Tsunduru,590380,2,Tsundur,,Rural,Inhabitant,2137800,590380
4826,28,Andhra Pradesh,750,Bapatla,5085,Tsunduru,590382,2,Kothapalle Narikellapalle,,Rural,Inhabitant,2138000,590382
4827,28,Andhra Pradesh,750,Bapatla,5085,Tsunduru,590383,2,Thottempudi,,Rural,Inhabitant,2138100,590383
4828,28,Andhra Pradesh,750,Bapatla,5085,Tsunduru,590385,2,Alapadu,,Rural,Inhabitant,2138300,590385
4829,28,Andhra Pradesh,750,Bapatla,5087,Vemuru,590400,2,Jampani,,Rural,Inhabitant,2139800,590400
4830,28,Andhra Pradesh,750,Bapatla,5087,Vemuru,590401,2,Chadalawada,,Rural,Inhabitant,2139900,590401
4831,28,Andhra Pradesh,750,Bapatla,5087,Vemuru,590402,2,Kuchallapadu,,Rural,Inhabitant,2140000,590402
4832,28,Andhra Pradesh,750,Bapatla,5087,Vemuru,590403,2,Varahapuram,,Rural,Inhabitant,2140100,590403
4833,28,Andhra Pradesh,750,Bapatla,5087,Vemuru,590404,2,Vemuru,,Rural,Inhabitant,2140200,590404
4834,28,Andhra Pradesh,750,Bapatla,5087,Vemuru,590407,2,Peravali,,Rural,Inhabitant,2140500,590407
4835,28,Andhra Pradesh,750,Bapatla,5087,Vemuru,590408,2,Chavali,,Rural,Inhabitant,2140600,590408
4836,28,Andhra Pradesh,750,Bapatla,5087,Vemuru,590410,2,Abbanagudavalli,,Rural,Inhabitant,2140800,590410
4837,28,Andhra Pradesh,750,Bapatla,5087,Vemuru,590411,2,Penumarru,,Rural,Inhabitant,2140900,590411
4838,28,Andhra Pradesh,750,Bapatla,5087,Vemuru,930387,2,Pulichintalapalem,పులిచింతలపాలెం,Unmapped,Un-Inhabitant,0,0
4839,28,Andhra Pradesh,750,Bapatla,5087,Vemuru,590405,2,Pothumarru,,Rural,Inhabitant,2140300,590405
4840,28,Andhra Pradesh,750,Bapatla,5087,Vemuru,590406,2,Peravalipalem,,Rural,Inhabitant,2140400,590406
4841,28,Andhra Pradesh,750,Bapatla,5087,Vemuru,590409,2,Balijepalle,,Rural,Inhabitant,2140700,590409
4842,28,Andhra Pradesh,750,Bapatla,5124,Vetapalem,591019,2,Pandilla Palle,,Rural,Inhabitant,2201600,591019
4843,28,Andhra Pradesh,750,Bapatla,5124,Vetapalem,591020,2,Pullari Palem,,Rural,Inhabitant,2201700,591020
4844,28,Andhra Pradesh,750,Bapatla,5124,Vetapalem,591021,2,Kotha Peta (Part),,Rural,Inhabitant,2201800,591021
4845,28,Andhra Pradesh,750,Bapatla,5124,Vetapalem,591022,2,Nayani Palle,,Rural,Inhabitant,2201900,591022
4846,28,Andhra Pradesh,750,Bapatla,5124,Vetapalem,591023,2,Vetapalem (Ct),,Rural,Inhabitant,41803000,591023
4847,28,Andhra Pradesh,750,Bapatla,5107,Yeddana Pudi,590707,2,Enamadala,,Rural,Inhabitant,2170500,590707
4848,28,Andhra Pradesh,750,Bapatla,5107,Yeddana Pudi,590708,2,Yeddanapudi,,Rural,Inhabitant,2170600,590708
4849,28,Andhra Pradesh,750,Bapatla,5107,Yeddana Pudi,590712,2,Punuru,,Rural,Inhabitant,2171000,590712
4850,28,Andhra Pradesh,750,Bapatla,5107,Yeddana Pudi,912379,2,West Peddivari Palem,,Rural,Inhabitant,0,0
4851,28,Andhra Pradesh,750,Bapatla,5107,Yeddana Pudi,590706,2,Ananthavaram,,Rural,Inhabitant,2170400,590706
4852,28,Andhra Pradesh,750,Bapatla,5107,Yeddana Pudi,590709,2,Vinjanampadu,,Rural,Inhabitant,2170700,590709
4853,28,Andhra Pradesh,750,Bapatla,5107,Yeddana Pudi,590710,2,Poluru,,Rural,Inhabitant,2170800,590710
4854,28,Andhra Pradesh,750,Bapatla,5107,Yeddana Pudi,590711,2,Gannavaram,,Rural,Inhabitant,2170900,590711
4855,28,Andhra Pradesh,750,Bapatla,5107,Yeddana Pudi,590713,2,Jagarlamudi,,Rural,Inhabitant,2171100,590713
4856,28,Andhra Pradesh,503,Chittoor,5423,Baireddipalle,596743,1,Alapalle,,Rural,Inhabitant,2775400,596743
4857,28,Andhra Pradesh,503,Chittoor,5423,Baireddipalle,596744,1,Gollachemana Palle,,Rural,Inhabitant,2775500,596744
4858,28,Andhra Pradesh,503,Chittoor,5423,Baireddipalle,596745,1,Peddachellaragunta,,Rural,Inhabitant,2775600,596745
4859,28,Andhra Pradesh,503,Chittoor,5423,Baireddipalle,596747,1,Settipalle,,Rural,Inhabitant,2775800,596747
4860,28,Andhra Pradesh,503,Chittoor,5423,Baireddipalle,596749,1,Kambhampalle,,Rural,Inhabitant,2776000,596749
4861,28,Andhra Pradesh,503,Chittoor,5423,Baireddipalle,596751,1,Kaigallu,,Rural,Inhabitant,2776200,596751
4862,28,Andhra Pradesh,503,Chittoor,5423,Baireddipalle,596753,1,Pathurnatham,,Rural,Inhabitant,2776400,596753
4863,28,Andhra Pradesh,503,Chittoor,5423,Baireddipalle,596756,1,Baireddipalle,,Rural,Inhabitant,2776700,596756
4864,28,Andhra Pradesh,503,Chittoor,5423,Baireddipalle,596758,1,Kammanapalle,,Rural,Inhabitant,2776900,596758
4865,28,Andhra Pradesh,503,Chittoor,5423,Baireddipalle,596760,1,Mulathimmepalle,,Rural,Inhabitant,2777100,596760
4866,28,Andhra Pradesh,503,Chittoor,5423,Baireddipalle,596764,1,Veerlabanda,,Rural,Inhabitant,2777500,596764
4867,28,Andhra Pradesh,503,Chittoor,5423,Baireddipalle,596767,1,Thimmaiahgaripalle,,Rural,Inhabitant,2777800,596767
4868,28,Andhra Pradesh,503,Chittoor,5423,Baireddipalle,596763,1,Chappidipalle,,Rural,Inhabitant,2777400,596763
4869,28,Andhra Pradesh,503,Chittoor,5423,Baireddipalle,596746,1,Belupalle,,Rural,Inhabitant,2775700,596746
4870,28,Andhra Pradesh,503,Chittoor,5423,Baireddipalle,596748,1,Lakkanapalle,,Rural,Inhabitant,2775900,596748
4871,28,Andhra Pradesh,503,Chittoor,5423,Baireddipalle,596750,1,Theertham,,Rural,Inhabitant,2776100,596750
4872,28,Andhra Pradesh,503,Chittoor,5423,Baireddipalle,596752,1,Devadoddi,,Rural,Inhabitant,2776300,596752
4873,28,Andhra Pradesh,503,Chittoor,5423,Baireddipalle,596754,1,Kadapanatham,,Rural,Inhabitant,2776500,596754
4874,28,Andhra Pradesh,503,Chittoor,5423,Baireddipalle,596755,1,Gounithimmepalle,,Rural,Inhabitant,2776600,596755
4875,28,Andhra Pradesh,503,Chittoor,5423,Baireddipalle,596757,1,Ganginayanipalle,,Rural,Inhabitant,2776800,596757
4876,28,Andhra Pradesh,503,Chittoor,5423,Baireddipalle,596759,1,Dharmapuri,,Rural,Inhabitant,2777000,596759
4877,28,Andhra Pradesh,503,Chittoor,5423,Baireddipalle,596761,1,Meakalanagireddi Palle,,Rural,Inhabitant,2777200,596761
4878,28,Andhra Pradesh,503,Chittoor,5423,Baireddipalle,596762,1,Donthirallapalle,,Rural,Inhabitant,2777300,596762
4879,28,Andhra Pradesh,503,Chittoor,5423,Baireddipalle,596765,1,Nellipatla,,Rural,Inhabitant,2777600,596765
4880,28,Andhra Pradesh,503,Chittoor,5423,Baireddipalle,596766,1,Raghunayakula Dinne,,Rural,Inhabitant,2777700,596766
4881,28,Andhra Pradesh,503,Chittoor,5429,Bangarupalem,597012,1,Thumba,,Rural,Inhabitant,2802200,597012
4882,28,Andhra Pradesh,503,Chittoor,5429,Bangarupalem,597013,1,Thumba Kuppam,,Rural,Inhabitant,2802300,597013
4883,28,Andhra Pradesh,503,Chittoor,5429,Bangarupalem,597014,1,Setteri,,Rural,Inhabitant,2802400,597014
4884,28,Andhra Pradesh,503,Chittoor,5429,Bangarupalem,597016,1,Sadakuppam,,Rural,Inhabitant,2802600,597016
4885,28,Andhra Pradesh,503,Chittoor,5429,Bangarupalem,597017,1,Nallangadu,,Rural,Inhabitant,2802700,597017
4886,28,Andhra Pradesh,503,Chittoor,5429,Bangarupalem,597020,1,Nalagampalle,,Rural,Inhabitant,2803000,597020
4887,28,Andhra Pradesh,503,Chittoor,5429,Bangarupalem,597021,1,Thambuganipalle,,Rural,Inhabitant,2803100,597021
4888,28,Andhra Pradesh,503,Chittoor,5429,Bangarupalem,597025,1,Beripalle,,Rural,Inhabitant,2803500,597025
4889,28,Andhra Pradesh,503,Chittoor,5429,Bangarupalem,597026,1,Gundla Kattamanchi,,Rural,Inhabitant,2803600,597026
4890,28,Andhra Pradesh,503,Chittoor,5429,Bangarupalem,597027,1,Kallurupalle,,Rural,Inhabitant,2803700,597027
4891,28,Andhra Pradesh,503,Chittoor,5429,Bangarupalem,597028,1,Bodabandla,,Rural,Inhabitant,2803800,597028
4892,28,Andhra Pradesh,503,Chittoor,5429,Bangarupalem,597032,1,Paleru,,Rural,Inhabitant,2804200,597032
4893,28,Andhra Pradesh,503,Chittoor,5429,Bangarupalem,597034,1,Tekumanda,,Rural,Inhabitant,2804400,597034
4894,28,Andhra Pradesh,503,Chittoor,5429,Bangarupalem,597036,1,Vepanapalle,,Rural,Inhabitant,2804600,597036
4895,28,Andhra Pradesh,503,Chittoor,5429,Bangarupalem,597038,1,Kalvamogilappa Kandriga,,Rural,Inhabitant,2804800,597038
4896,28,Andhra Pradesh,503,Chittoor,5429,Bangarupalem,597015,1,Thoompayanapalle,,Rural,Inhabitant,2802500,597015
4897,28,Andhra Pradesh,503,Chittoor,5429,Bangarupalem,597018,1,Mothagunta,,Rural,Inhabitant,2802800,597018
4898,28,Andhra Pradesh,503,Chittoor,5429,Bangarupalem,597019,1,Venkatagiri,,Rural,Inhabitant,2802900,597019
4899,28,Andhra Pradesh,503,Chittoor,5429,Bangarupalem,597022,1,Noonegundlapalle,,Rural,Inhabitant,2803200,597022
4900,28,Andhra Pradesh,503,Chittoor,5429,Bangarupalem,597023,1,Mahasamudram,,Rural,Inhabitant,2803300,597023
4901,28,Andhra Pradesh,503,Chittoor,5429,Bangarupalem,597024,1,Kurmaipalle,,Rural,Inhabitant,2803400,597024
4902,28,Andhra Pradesh,503,Chittoor,5429,Bangarupalem,597029,1,Jambuvaripalle,,Rural,Inhabitant,2803900,597029
4903,28,Andhra Pradesh,503,Chittoor,5429,Bangarupalem,597030,1,Gollapalle,,Rural,Inhabitant,2804000,597030
4904,28,Andhra Pradesh,503,Chittoor,5429,Bangarupalem,597031,1,Palamakulapalle,,Rural,Inhabitant,2804100,597031
4905,28,Andhra Pradesh,503,Chittoor,5429,Bangarupalem,597033,1,Mogili,,Rural,Inhabitant,2804300,597033
4906,28,Andhra Pradesh,503,Chittoor,5429,Bangarupalem,597035,1,Keeramanda,,Rural,Inhabitant,2804500,597035
4907,28,Andhra Pradesh,503,Chittoor,5429,Bangarupalem,597037,1,Ragimanipenta,,Rural,Inhabitant,2804700,597037
4908,28,Andhra Pradesh,503,Chittoor,5421,Chittoor Rural,596699,3,Bakara Narasinga Rayani Peta,,Rural,Inhabitant,2771100,596699
4909,28,Andhra Pradesh,503,Chittoor,5421,Chittoor Rural,596719,3,Pachanapalle,,Rural,Inhabitant,2773100,596719
4910,28,Andhra Pradesh,503,Chittoor,5421,Chittoor Rural,596693,3,Thenebanda (Part),,Rural,Inhabitant,2770200,596693
4911,28,Andhra Pradesh,503,Chittoor,5421,Chittoor Rural,596702,3,Krishnapuram,,Rural,Inhabitant,2771400,596702
4912,28,Andhra Pradesh,503,Chittoor,5421,Chittoor Rural,596716,3,Chinthalagunta,,Rural,Inhabitant,2772800,596716
4913,28,Andhra Pradesh,503,Chittoor,5421,Chittoor Rural,596724,3,Venkatapuram,,Rural,Inhabitant,2773600,596724
4914,28,Andhra Pradesh,503,Chittoor,5421,Chittoor Rural,596695,3,Ayanavedu,,Rural,Inhabitant,2770700,596695
4915,28,Andhra Pradesh,503,Chittoor,5421,Chittoor Rural,596704,3,Guvvakallu,,Rural,Inhabitant,2771600,596704
4916,28,Andhra Pradesh,503,Chittoor,5421,Chittoor Rural,596700,3,Arathala,,Rural,Inhabitant,2771200,596700
4917,28,Andhra Pradesh,503,Chittoor,5421,Chittoor Rural,596698,3,Paluru,,Rural,Inhabitant,2771000,596698
4918,28,Andhra Pradesh,503,Chittoor,5421,Chittoor Rural,596701,3,Bandapalle,,Rural,Inhabitant,2771300,596701
4919,28,Andhra Pradesh,503,Chittoor,5421,Chittoor Rural,596703,3,Gollapalle,,Rural,Inhabitant,2771500,596703
4920,28,Andhra Pradesh,503,Chittoor,5421,Chittoor Rural,596721,3,S.Venkatapuram,,Rural,Inhabitant,2773300,596721
4921,28,Andhra Pradesh,503,Chittoor,5421,Chittoor Rural,596697,3,Anagallu,,Rural,Inhabitant,2770900,596697
4922,28,Andhra Pradesh,503,Chittoor,5421,Chittoor Rural,596714,3,Varadarajulapalle,,Rural,Inhabitant,2772600,596714
4923,28,Andhra Pradesh,503,Chittoor,5421,Chittoor Rural,596696,3,Muthukuru,,Rural,Inhabitant,2770800,596696
4924,28,Andhra Pradesh,503,Chittoor,5421,Chittoor Rural,596710,3,Thumminda,,Rural,Inhabitant,2772200,596710
4925,28,Andhra Pradesh,503,Chittoor,5421,Chittoor Rural,596720,3,Settiappam Thangal,,Rural,Inhabitant,2773200,596720
4926,28,Andhra Pradesh,503,Chittoor,5421,Chittoor Rural,596718,3,Ananthapuram,,Rural,Inhabitant,2773000,596718
4927,28,Andhra Pradesh,503,Chittoor,5421,Chittoor Rural,596717,3,Thalambedu,,Rural,Inhabitant,2772900,596717
4928,28,Andhra Pradesh,503,Chittoor,5421,Chittoor Rural,596723,3,Alukurupalle,,Rural,Inhabitant,2773500,596723
4929,28,Andhra Pradesh,503,Chittoor,5421,Chittoor Rural,596715,3,Perumalla Khandriga,,Rural,Inhabitant,2772700,596715
4930,28,Andhra Pradesh,503,Chittoor,5421,Chittoor Rural,596709,3,Peddisettipalle,,Rural,Inhabitant,2772100,596709
4931,28,Andhra Pradesh,503,Chittoor,5421,Chittoor Rural,596694,3,Diguvamasapalle,,Rural,Inhabitant,2770600,596694
4932,28,Andhra Pradesh,503,Chittoor,5421,Chittoor Rural,596722,3,Kurchivedu,,Rural,Inhabitant,2773400,596722
4933,28,Andhra Pradesh,503,Chittoor,5421,Chittoor Rural,596711,5,Siddampalle,,Rural,Inhabitant,2772300,596711
4934,28,Andhra Pradesh,503,Chittoor,7427,Chittoor Urban,930504,2,Iruvaram,ఇరువారం,Unmapped,Inhabitant,0,0
4935,28,Andhra Pradesh,503,Chittoor,7427,Chittoor Urban,930501,2,Chittoor,చిత్తూరు,Unmapped,Inhabitant,0,0
4936,28,Andhra Pradesh,503,Chittoor,7427,Chittoor Urban,930502,2,Gandlapalle,గాండ్లపల్లె,Unmapped,Inhabitant,0,0
4937,28,Andhra Pradesh,503,Chittoor,7427,Chittoor Urban,930503,2,Greamspeta,గ్రీమ్స్ పేట  ,Unmapped,Inhabitant,0,0
4938,28,Andhra Pradesh,503,Chittoor,7427,Chittoor Urban,930505,2,Kattamanchi,కట్టమంచి,Unmapped,Inhabitant,0,0
4939,28,Andhra Pradesh,503,Chittoor,7427,Chittoor Urban,930506,2,Thimmasamudram,తిమ్మసముద్రము,Unmapped,Inhabitant,0,0
4940,28,Andhra Pradesh,503,Chittoor,7427,Chittoor Urban,596726,4,Murakambattu (Ct),,Unmapped,Inhabitant,2770400,596726
4941,28,Andhra Pradesh,503,Chittoor,7427,Chittoor Urban,596706,4,Anupalle (Part),,Unmapped,Inhabitant,2771800,596706
4942,28,Andhra Pradesh,503,Chittoor,7427,Chittoor Urban,596712,4,Narigapalle,,Unmapped,Inhabitant,2772400,596712
4943,28,Andhra Pradesh,503,Chittoor,7427,Chittoor Urban,596713,4,Lakshmambapuram,,Unmapped,Inhabitant,2772500,596713
4944,28,Andhra Pradesh,503,Chittoor,7427,Chittoor Urban,596707,4,Mapakshi,,Unmapped,Inhabitant,2771900,596707
4945,28,Andhra Pradesh,503,Chittoor,7427,Chittoor Urban,596705,4,Anupalle,,Unmapped,Inhabitant,2771700,596705
4946,28,Andhra Pradesh,503,Chittoor,7427,Chittoor Urban,596727,4,Doddipalle (Og),,Unmapped,Inhabitant,2770500,596727
4947,28,Andhra Pradesh,503,Chittoor,7427,Chittoor Urban,596725,4,Mangasamudram (Ct),,Unmapped,Inhabitant,2770300,596725
4948,28,Andhra Pradesh,503,Chittoor,7427,Chittoor Urban,596708,4,Mapakshi,,Unmapped,Inhabitant,2772000,596708
4949,28,Andhra Pradesh,503,Chittoor,5420,Gangadhara Nellore,596658,1,Vezzupalle,,Rural,Inhabitant,2766700,596658
4950,28,Andhra Pradesh,503,Chittoor,5420,Gangadhara Nellore,596661,1,Vinjam,,Rural,Inhabitant,2767000,596661
4951,28,Andhra Pradesh,503,Chittoor,5420,Gangadhara Nellore,596662,1,Veerakanellore,,Rural,Inhabitant,2767100,596662
4952,28,Andhra Pradesh,503,Chittoor,5420,Gangadhara Nellore,596663,1,Kotagaram,,Rural,Inhabitant,2767200,596663
4953,28,Andhra Pradesh,503,Chittoor,5420,Gangadhara Nellore,596664,1,Nandanoor,,Rural,Inhabitant,2767300,596664
4954,28,Andhra Pradesh,503,Chittoor,5420,Gangadhara Nellore,596666,1,Peddakalva,,Rural,Inhabitant,2767500,596666
4955,28,Andhra Pradesh,503,Chittoor,5420,Gangadhara Nellore,596669,1,Gollapalle,,Rural,Inhabitant,2767800,596669
4956,28,Andhra Pradesh,503,Chittoor,5420,Gangadhara Nellore,596672,1,Varathuru,,Rural,Inhabitant,2768100,596672
4957,28,Andhra Pradesh,503,Chittoor,5420,Gangadhara Nellore,596673,1,Pachigunta,,Rural,Inhabitant,2768200,596673
4958,28,Andhra Pradesh,503,Chittoor,5420,Gangadhara Nellore,596678,1,Mukkelathuru,,Rural,Inhabitant,2768700,596678
4959,28,Andhra Pradesh,503,Chittoor,5420,Gangadhara Nellore,596679,1,Mahadevamangalam,,Rural,Inhabitant,2768800,596679
4960,28,Andhra Pradesh,503,Chittoor,5420,Gangadhara Nellore,596681,1,Kadapagunta,,Rural,Inhabitant,2769000,596681
4961,28,Andhra Pradesh,503,Chittoor,5420,Gangadhara Nellore,596683,1,Errabodireddipalle,,Rural,Inhabitant,2769200,596683
4962,28,Andhra Pradesh,503,Chittoor,5420,Gangadhara Nellore,596686,1,Pathapalem,,Rural,Inhabitant,2769500,596686
4963,28,Andhra Pradesh,503,Chittoor,5420,Gangadhara Nellore,596690,1,B.C.Khandriga,,Rural,Inhabitant,2769900,596690
4964,28,Andhra Pradesh,503,Chittoor,5420,Gangadhara Nellore,596691,1,Garigalapalle,,Rural,Inhabitant,2770000,596691
4965,28,Andhra Pradesh,503,Chittoor,5420,Gangadhara Nellore,596659,1,Nellipalle,,Rural,Inhabitant,2766800,596659
4966,28,Andhra Pradesh,503,Chittoor,5420,Gangadhara Nellore,596660,1,Kondepalle,,Rural,Inhabitant,2766900,596660
4967,28,Andhra Pradesh,503,Chittoor,5420,Gangadhara Nellore,596665,1,Kotrakona,,Rural,Inhabitant,2767400,596665
4968,28,Andhra Pradesh,503,Chittoor,5420,Gangadhara Nellore,596667,1,Kalijavedu,,Rural,Inhabitant,2767600,596667
4969,28,Andhra Pradesh,503,Chittoor,5420,Gangadhara Nellore,596668,1,Gangadharanellore,,Rural,Inhabitant,2767700,596668
4970,28,Andhra Pradesh,503,Chittoor,5420,Gangadhara Nellore,596670,1,Agaramangalam,,Rural,Inhabitant,2767900,596670
4971,28,Andhra Pradesh,503,Chittoor,5420,Gangadhara Nellore,596671,1,Vepanjeri,,Rural,Inhabitant,2768000,596671
4972,28,Andhra Pradesh,503,Chittoor,5420,Gangadhara Nellore,596674,1,Bukkapatnam,,Rural,Inhabitant,2768300,596674
4973,28,Andhra Pradesh,503,Chittoor,5420,Gangadhara Nellore,596675,1,Chinnavepanjeri,,Rural,Inhabitant,2768400,596675
4974,28,Andhra Pradesh,503,Chittoor,5420,Gangadhara Nellore,596676,1,Nallarallapalle,,Rural,Inhabitant,2768500,596676
4975,28,Andhra Pradesh,503,Chittoor,5420,Gangadhara Nellore,596677,1,Velkur,,Rural,Inhabitant,2768600,596677
4976,28,Andhra Pradesh,503,Chittoor,5420,Gangadhara Nellore,596680,1,Tungundram,,Rural,Inhabitant,2768900,596680
4977,28,Andhra Pradesh,503,Chittoor,5420,Gangadhara Nellore,596682,1,Atmakur,,Rural,Inhabitant,2769100,596682
4978,28,Andhra Pradesh,503,Chittoor,5420,Gangadhara Nellore,596684,1,Murthinayanipalle,,Rural,Inhabitant,2769300,596684
4979,28,Andhra Pradesh,503,Chittoor,5420,Gangadhara Nellore,596685,1,Ambodharapalle,,Rural,Inhabitant,2769400,596685
4980,28,Andhra Pradesh,503,Chittoor,5420,Gangadhara Nellore,596687,1,Pathavenkatapuram,,Rural,Inhabitant,2769600,596687
4981,28,Andhra Pradesh,503,Chittoor,5420,Gangadhara Nellore,596688,1,Ellapalle,,Rural,Inhabitant,2769700,596688
4982,28,Andhra Pradesh,503,Chittoor,5420,Gangadhara Nellore,596689,1,Bojjinayanipalle,,Rural,Inhabitant,2769800,596689
4983,28,Andhra Pradesh,503,Chittoor,5420,Gangadhara Nellore,596692,1,Kothavenkatapuram,,Rural,Inhabitant,2770100,596692
4984,28,Andhra Pradesh,503,Chittoor,5417,Gangavaram,596580,1,Gundugallu,,Rural,Inhabitant,2758900,596580
4985,28,Andhra Pradesh,503,Chittoor,5417,Gangavaram,596581,1,Pasupathur,,Rural,Inhabitant,2759000,596581
4986,28,Andhra Pradesh,503,Chittoor,5417,Gangavaram,596582,1,Gandrajupalle,,Rural,Inhabitant,2759100,596582
4987,28,Andhra Pradesh,503,Chittoor,5417,Gangavaram,596583,1,Keelapalle,,Rural,Inhabitant,2759200,596583
4988,28,Andhra Pradesh,503,Chittoor,5417,Gangavaram,596585,1,Mamadugu,,Rural,Inhabitant,2759400,596585
4989,28,Andhra Pradesh,503,Chittoor,5417,Gangavaram,596587,1,Maredupalle,,Rural,Inhabitant,2759600,596587
4990,28,Andhra Pradesh,503,Chittoor,5417,Gangavaram,596591,1,Melumoy,,Rural,Inhabitant,2760000,596591
4991,28,Andhra Pradesh,503,Chittoor,5417,Gangavaram,596592,1,Kothapalle,,Rural,Inhabitant,2760100,596592
4992,28,Andhra Pradesh,503,Chittoor,5417,Gangavaram,596593,1,Gangavaram (Part),,Rural,Inhabitant,2760200,596593
4993,28,Andhra Pradesh,503,Chittoor,5417,Gangavaram,596594,1,Keelapatla,,Rural,Inhabitant,2760300,596594
4994,28,Andhra Pradesh,503,Chittoor,5417,Gangavaram,596584,1,Pathikonda,,Rural,Inhabitant,2759300,596584
4995,28,Andhra Pradesh,503,Chittoor,5417,Gangavaram,596586,1,Jeedimakulapalle,,Rural,Inhabitant,2759500,596586
4996,28,Andhra Pradesh,503,Chittoor,5417,Gangavaram,596588,1,Dandapalle,,Rural,Inhabitant,2759700,596588
4997,28,Andhra Pradesh,503,Chittoor,5417,Gangavaram,596589,1,Kalagatoor,,Rural,Inhabitant,2759800,596589
4998,28,Andhra Pradesh,503,Chittoor,5417,Gangavaram,596590,1,Kallupalle,,Rural,Inhabitant,2759900,596590
4999,28,Andhra Pradesh,503,Chittoor,5417,Gangavaram,596595,1,Mogilpalle,,Rural,Inhabitant,2760400,596595
5000,28,Andhra Pradesh,503,Chittoor,5431,Gudipala,597063,1,Ramapuram,,Rural,Inhabitant,2807300,597063
